Timestamp,Attention,Status,Head Direction,Eyes Open,Blink Count,Blink Rate
2026-08-16 12:22:32,100,Highly Attentive,Forward,True,0,0.0
2026-08-16 12:22:33,94,Highly Attentive,Left,True,0,0.0
2026-08-16 12:22:34,70,Slightly Distracted,Forward,True,0,0.0
2026-08-16 12:22:35,100,Highly Attentive,Forward,True,0,0.0
2026-08-16 12:22:36,100,Highly Attentive,Forward,True,0,0.0
2026-08-16 12:22:37,72,Attentive,Left,True,0,0.0
2026-08-16 12:22:38,99,Highly Attentive,Forward,True,0,0.0
2026-08-16 12:22:39,97,Highly Attentive,Forward,True,1,7.4
2026-08-16 12:22:40,97,Highly Attentive,Forward,True,2,13.2
2026-08-16 12:22:41,97,Highly Attentive,Forward,False,3,17.7
2026-08-16 12:22:42,99,Highly Attentive,Forward,True,4,21.5
2026-08-16 12:22:43,97,Highly Attentive,Forward,True,5,24.6
2026-08-16 12:22:44,94,Highly Attentive,Forward,True,5,22.7
2026-08-16 12:22:46,76,Attentive,Left,True,5,20.1
2026-08-16 12:22:47,85,Highly Attentive,Forward,True,6,22.6
2026-08-16 12:22:48,90,Highly Attentive,Forward,True,6,21.2
2026-08-16 12:22:49,100,Highly Attentive,Forward,True,6,20.0
2026-08-16 12:22:50,89,Highly Attentive,Forward,True,6,19.0
2026-08-16 12:22:51,97,Highly Attentive,Forward,True,7,21.0
2026-08-16 12:22:52,100,Highly Attentive,Forward,True,7,19.9
2026-08-16 12:22:53,98,Highly Attentive,Forward,True,8,21.7
2026-08-16 12:22:54,73,Attentive,Left,True,8,20.8
2026-08-16 12:22:55,83,Attentive,Forward,True,9,22.4
2026-08-16 12:22:56,97,Highly Attentive,Forward,False,9,21.5
2026-08-16 12:22:57,100,Highly Attentive,Forward,True,10,22.9
2026-08-16 12:22:58,100,Highly Attentive,Forward,True,10,22.1
2026-08-16 12:22:59,77,Attentive,Down,True,10,21.3
2026-08-16 12:23:00,82,Attentive,Forward,True,10,20.5
2026-08-16 12:23:01,99,Highly Attentive,Forward,True,11,21.8
2026-08-16 12:23:02,97,Highly Attentive,Forward,True,12,23.0
2026-08-16 12:23:03,96,Highly Attentive,Forward,True,12,22.3
2026-08-16 12:23:04,86,Highly Attentive,Forward,True,12,21.6
2026-08-16 12:23:05,97,Highly Attentive,Forward,True,13,22.7
2026-08-16 12:23:06,100,Highly Attentive,Forward,True,13,22.1
2026-08-16 12:23:07,100,Highly Attentive,Forward,True,13,21.4
2026-08-16 12:23:08,100,Highly Attentive,Forward,True,13,20.9
2026-08-16 12:23:09,100,Highly Attentive,Forward,True,13,20.3
2026-08-16 12:23:10,100,Highly Attentive,Forward,True,13,19.8
2026-08-16 12:23:11,100,Highly Attentive,Forward,True,13,19.3
2026-08-16 12:23:12,100,Highly Attentive,Forward,True,13,18.8
2026-08-16 12:23:13,100,Highly Attentive,Forward,True,13,18.4
2026-08-16 12:23:14,98,Highly Attentive,Forward,True,14,19.3
2026-08-16 12:23:15,100,Highly Attentive,Forward,True,14,18.9
2026-08-16 12:23:16,100,Highly Attentive,Forward,True,14,18.4
2026-08-16 12:23:17,100,Highly Attentive,Forward,True,14,18.0
2026-08-16 12:23:18,100,Highly Attentive,Forward,True,14,17.6
2026-08-16 12:23:19,100,Highly Attentive,Forward,True,14,17.3
2026-08-16 12:23:20,100,Highly Attentive,Forward,True,14,16.9
2026-08-16 12:23:21,100,Highly Attentive,Forward,True,14,16.6
2026-08-16 12:23:22,100,Highly Attentive,Forward,True,14,16.3
2026-08-16 12:23:24,100,Highly Attentive,Forward,True,14,15.9
2026-08-16 12:23:25,100,Highly Attentive,Forward,True,14,15.6
2026-08-16 12:23:26,100,Highly Attentive,Forward,True,14,15.3
2026-08-16 12:23:27,100,Highly Attentive,Forward,True,14,15.1
2026-08-16 12:23:28,100,Highly Attentive,Forward,True,14,14.8
2026-08-16 12:23:29,100,Highly Attentive,Forward,True,14,14.5
2026-08-16 12:23:30,100,Highly Attentive,Forward,True,14,14.3
2026-08-16 12:23:31,100,Highly Attentive,Forward,True,14,14.0
2026-08-16 12:23:32,97,Highly Attentive,Forward,True,15,14.8
2026-08-16 12:23:33,100,Highly Attentive,Forward,True,15,14.5
2026-08-16 12:23:34,100,Highly Attentive,Forward,True,15,14.3
2026-08-16 12:23:35,100,Highly Attentive,Forward,True,15,14.1
2026-08-16 12:23:36,100,Highly Attentive,Forward,True,15,13.9
2026-08-16 12:23:37,100,Highly Attentive,Forward,True,15,13.6
2026-08-16 12:23:38,100,Highly Attentive,Forward,True,15,13.4
2026-08-16 12:23:39,100,Highly Attentive,Forward,True,15,13.2
2026-08-16 12:23:40,100,Highly Attentive,Forward,True,15,13.0
2026-08-16 12:23:41,100,Highly Attentive,Forward,True,15,12.8
2026-08-16 12:23:42,100,Highly Attentive,Forward,True,15,12.7
2026-08-16 12:23:43,100,Highly Attentive,Forward,True,15,12.5
2026-08-16 12:23:44,100,Highly Attentive,Forward,True,15,12.3
2026-08-16 12:23:45,97,Highly Attentive,Forward,True,16,12.9
2026-08-16 12:23:46,100,Highly Attentive,Forward,True,16,12.8
2026-08-16 12:23:47,100,Highly Attentive,Forward,True,16,12.6
2026-08-16 12:23:48,100,Highly Attentive,Forward,True,16,12.4
2026-08-16 12:23:49,100,Highly Attentive,Forward,True,16,12.3
2026-08-16 12:23:50,100,Highly Attentive,Forward,True,16,12.1
2026-08-16 12:23:51,100,Highly Attentive,Forward,True,16,12.0
2026-08-16 12:23:52,100,Highly Attentive,Forward,True,16,11.8
2026-08-16 12:23:53,100,Highly Attentive,Forward,True,16,11.7
2026-08-16 12:23:54,100,Highly Attentive,Forward,True,16,11.5
2026-08-16 12:23:55,100,Highly Attentive,Forward,True,16,11.4
2026-08-16 12:23:56,100,Highly Attentive,Forward,True,16,11.2
2026-08-16 12:23:57,100,Highly Attentive,Forward,True,16,11.1
2026-08-16 12:23:58,99,Highly Attentive,Forward,True,17,11.7
2026-08-16 12:23:59,100,Highly Attentive,Forward,True,17,11.5
2026-08-16 12:24:00,100,Highly Attentive,Forward,True,17,11.4
2026-08-16 12:24:01,100,Highly Attentive,Forward,True,17,11.3
2026-08-16 12:24:02,97,Highly Attentive,Forward,True,18,11.8
2026-08-16 12:24:03,100,Highly Attentive,Forward,True,18,11.7
2026-08-16 12:24:04,97,Highly Attentive,Forward,True,19,12.2
2026-08-16 12:24:05,100,Highly Attentive,Forward,True,19,12.1
2026-08-16 12:24:06,100,Highly Attentive,Forward,True,19,11.9
2026-08-16 12:24:07,100,Highly Attentive,Forward,True,19,11.8
2026-08-16 12:24:08,100,Highly Attentive,Forward,True,19,11.7
2026-08-16 12:24:09,100,Highly Attentive,Forward,True,19,11.6
2026-08-16 12:24:10,100,Highly Attentive,Forward,True,19,11.4
2026-08-16 12:24:11,100,Highly Attentive,Forward,True,19,11.3
2026-08-16 12:24:12,100,Highly Attentive,Forward,True,19,11.2
2026-08-16 12:24:13,100,Highly Attentive,Forward,True,19,11.1
2026-08-16 12:24:15,100,Highly Attentive,Forward,True,19,11.0
2026-08-16 12:24:16,100,Highly Attentive,Forward,True,19,10.9
2026-08-16 12:24:17,100,Highly Attentive,Forward,True,19,10.8
2026-08-16 12:24:18,100,Highly Attentive,Forward,True,19,10.7
2026-08-16 12:24:19,100,Highly Attentive,Forward,True,19,10.6
2026-08-16 12:24:20,100,Highly Attentive,Forward,True,19,10.5
2026-08-16 12:24:21,100,Highly Attentive,Forward,True,19,10.4
2026-08-16 12:24:22,100,Highly Attentive,Forward,True,19,10.3
2026-08-16 12:24:23,100,Highly Attentive,Forward,True,19,10.2
2026-08-16 12:24:24,95,Highly Attentive,Forward,True,21,11.2
2026-08-16 12:24:25,100,Highly Attentive,Forward,True,21,11.1
2026-08-16 12:24:26,100,Highly Attentive,Forward,True,21,11.0
2026-08-16 12:24:27,100,Highly Attentive,Forward,True,21,10.9
2026-08-16 12:24:28,100,Highly Attentive,Forward,True,21,10.8
2026-08-16 12:24:29,100,Highly Attentive,Forward,True,21,10.7
2026-08-16 12:24:30,100,Highly Attentive,Forward,True,21,10.6
2026-08-16 12:24:31,100,Highly Attentive,Forward,True,21,10.5
2026-08-16 12:24:32,100,Highly Attentive,Forward,True,21,10.4
2026-08-16 12:24:33,100,Highly Attentive,Forward,True,21,10.3
2026-08-16 12:24:34,100,Highly Attentive,Forward,True,21,10.2
2026-08-16 12:24:35,100,Highly Attentive,Forward,True,21,10.1
2026-08-16 12:24:36,100,Highly Attentive,Forward,True,21,10.1
2026-08-16 12:24:37,100,Highly Attentive,Forward,True,21,10.0
2026-08-16 12:24:38,100,Highly Attentive,Forward,True,21,9.9
2026-08-16 12:24:39,100,Highly Attentive,Forward,True,21,9.8
2026-08-16 12:24:40,100,Highly Attentive,Forward,True,21,9.7
2026-08-16 12:24:41,100,Highly Attentive,Forward,True,21,9.7
2026-08-16 12:24:42,100,Highly Attentive,Forward,True,21,9.6
2026-08-16 12:24:43,100,Highly Attentive,Forward,True,21,9.5
2026-08-16 12:24:44,100,Highly Attentive,Forward,True,21,9.5
2026-08-16 12:24:45,100,Highly Attentive,Forward,True,21,9.4
2026-08-16 12:24:46,100,Highly Attentive,Forward,True,21,9.3
2026-08-16 12:24:47,100,Highly Attentive,Forward,True,21,9.2
2026-08-16 12:24:48,85,Attentive,Forward,True,21,9.2
2026-08-16 12:24:49,100,Highly Attentive,Forward,True,21,9.1
2026-08-16 12:24:50,100,Highly Attentive,Forward,True,21,9.0
2026-08-16 12:24:51,100,Highly Attentive,Forward,True,21,9.0
2026-08-16 12:24:52,100,Highly Attentive,Forward,True,21,8.9
2026-08-16 12:24:53,95,Highly Attentive,Forward,True,22,9.3
2026-08-16 12:24:54,100,Highly Attentive,Forward,True,22,9.2
2026-08-16 12:24:55,86,Highly Attentive,Forward,True,22,9.1
2026-08-16 12:24:56,85,Highly Attentive,Forward,True,22,9.1
2026-08-16 12:24:57,85,Highly Attentive,Forward,True,22,9.0
2026-08-16 12:24:58,85,Highly Attentive,Forward,True,22,8.9
2026-08-16 12:24:59,82,Attentive,Forward,False,22,8.9
2026-08-16 12:25:00,94,Highly Attentive,Forward,False,25,10.0
2026-08-16 12:25:01,77,Attentive,Down,True,29,11.5
2026-08-16 12:25:02,73,Attentive,Forward,False,31,12.3
2026-08-16 12:25:03,92,Highly Attentive,Forward,False,33,13.0
2026-08-16 12:25:05,80,Attentive,Forward,False,33,12.9
2026-08-16 12:25:06,82,Attentive,Forward,False,34,13.2
2026-08-16 12:25:08,80,Attentive,Forward,True,35,13.3
2026-08-16 12:25:09,85,Attentive,Forward,True,36,13.6
2026-08-16 12:25:10,100,Highly Attentive,Forward,True,36,13.5
2026-08-16 12:25:11,91,Highly Attentive,Forward,True,37,13.8
2026-08-16 12:25:12,100,Highly Attentive,Forward,True,37,13.7
2026-08-16 12:25:13,98,Highly Attentive,Forward,True,38,14.0
2026-08-16 12:25:14,100,Highly Attentive,Forward,True,38,13.9
2026-08-16 12:25:16,100,Highly Attentive,Forward,True,38,13.8
2026-08-16 12:25:17,100,Highly Attentive,Forward,True,38,13.8
2026-08-16 12:25:18,100,Highly Attentive,Forward,True,38,13.7
2026-08-16 12:25:19,100,Highly Attentive,Forward,True,38,13.6
2026-08-16 12:25:20,100,Highly Attentive,Forward,True,38,13.5
2026-08-16 12:25:21,100,Highly Attentive,Forward,True,38,13.4
2026-08-16 12:25:22,100,Highly Attentive,Forward,True,38,13.3
2026-08-16 12:25:23,100,Highly Attentive,Forward,True,38,13.3
2026-08-16 12:25:24,100,Highly Attentive,Forward,True,38,13.2
2026-08-16 12:25:25,100,Highly Attentive,Forward,True,38,13.1
2026-08-16 12:25:26,100,Highly Attentive,Forward,True,38,13.0
2026-08-16 12:25:27,97,Highly Attentive,Forward,True,39,13.3
2026-08-16 12:25:28,100,Highly Attentive,Forward,True,39,13.2
2026-08-16 12:25:29,100,Highly Attentive,Forward,True,39,13.1
2026-08-16 12:25:30,100,Highly Attentive,Forward,True,39,13.1
2026-08-16 12:25:31,100,Highly Attentive,Forward,True,39,13.0
2026-08-16 12:25:32,100,Highly Attentive,Forward,True,39,12.9
2026-08-16 12:25:33,100,Highly Attentive,Forward,True,39,12.9
2026-08-16 12:25:34,100,Highly Attentive,Forward,True,39,12.8
2026-08-16 12:25:35,100,Highly Attentive,Forward,True,39,12.7
2026-08-16 12:25:36,100,Highly Attentive,Forward,True,39,12.6
2026-08-16 12:25:37,100,Highly Attentive,Forward,True,39,12.6
2026-08-16 12:25:38,100,Highly Attentive,Forward,True,39,12.5
2026-08-16 12:25:39,100,Highly Attentive,Forward,True,39,12.4
2026-08-16 12:25:40,100,Highly Attentive,Forward,True,39,12.4
2026-08-16 12:25:41,100,Highly Attentive,Forward,True,39,12.3
2026-08-16 12:25:42,100,Highly Attentive,Forward,True,39,12.2
2026-08-16 12:25:43,100,Highly Attentive,Forward,True,39,12.2
2026-08-16 12:25:44,100,Highly Attentive,Forward,True,39,12.1
2026-08-16 12:25:45,100,Highly Attentive,Forward,True,39,12.0
2026-08-16 12:25:46,100,Highly Attentive,Forward,True,39,12.0
2026-08-16 12:25:47,100,Highly Attentive,Forward,True,39,11.9
2026-08-16 12:25:48,100,Highly Attentive,Forward,True,39,11.9
2026-08-16 12:25:49,100,Highly Attentive,Forward,True,39,11.8
2026-08-16 12:25:50,97,Highly Attentive,Forward,True,40,12.0
2026-08-16 12:25:51,100,Highly Attentive,Forward,True,40,12.0
2026-08-16 12:25:52,100,Highly Attentive,Forward,True,40,11.9
2026-08-16 12:25:53,100,Highly Attentive,Forward,True,40,11.9
2026-08-16 12:25:54,100,Highly Attentive,Forward,True,40,11.8
2026-08-16 12:25:55,100,Highly Attentive,Forward,True,40,11.7
2026-08-16 12:25:56,100,Highly Attentive,Forward,True,40,11.7
2026-08-16 12:25:57,100,Highly Attentive,Forward,True,40,11.6
2026-08-16 12:25:58,100,Highly Attentive,Forward,True,40,11.6
2026-08-16 12:25:59,100,Highly Attentive,Forward,True,40,11.5
2026-08-16 12:26:00,100,Highly Attentive,Forward,True,40,11.5
2026-08-16 12:26:01,100,Highly Attentive,Forward,True,40,11.4
2026-08-16 12:26:02,100,Highly Attentive,Forward,True,40,11.3
2026-08-16 12:26:03,100,Highly Attentive,Forward,True,40,11.3
2026-08-16 12:26:05,100,Highly Attentive,Forward,True,40,11.2
2026-08-16 12:26:06,100,Highly Attentive,Forward,True,40,11.2
2026-08-16 12:26:07,100,Highly Attentive,Forward,True,40,11.1
2026-08-16 12:26:08,100,Highly Attentive,Forward,True,40,11.1
2026-08-16 12:26:09,100,Highly Attentive,Forward,True,40,11.0
2026-08-16 12:26:10,100,Highly Attentive,Forward,True,40,11.0
2026-08-16 12:26:11,100,Highly Attentive,Forward,True,40,10.9
2026-08-16 12:26:12,100,Highly Attentive,Forward,True,40,10.9
2026-08-16 12:26:13,99,Highly Attentive,Forward,False,40,10.8
2026-08-16 12:26:14,98,Highly Attentive,Forward,True,41,11.0
2026-08-16 12:26:15,97,Highly Attentive,Forward,True,42,11.3
2026-08-16 12:26:16,100,Highly Attentive,Forward,True,42,11.2
2026-08-16 12:26:17,100,Highly Attentive,Forward,True,42,11.2
2026-08-16 12:26:18,100,Highly Attentive,Forward,True,42,11.1
2026-08-16 12:26:19,97,Highly Attentive,Forward,True,43,11.3
2026-08-16 12:26:20,100,Highly Attentive,Forward,True,43,11.3
2026-08-16 12:26:21,97,Highly Attentive,Forward,True,44,11.5
2026-08-16 12:26:22,100,Highly Attentive,Forward,True,44,11.4
2026-08-16 12:26:23,100,Highly Attentive,Forward,True,44,11.4
2026-08-16 12:26:24,100,Highly Attentive,Forward,True,44,11.3
2026-08-16 12:26:25,100,Highly Attentive,Forward,True,44,11.3
2026-08-16 12:26:26,100,Highly Attentive,Forward,True,44,11.2
2026-08-16 12:26:27,100,Highly Attentive,Forward,True,44,11.2
2026-08-16 12:26:28,100,Highly Attentive,Forward,True,44,11.1
2026-08-16 12:26:29,97,Highly Attentive,Forward,True,45,11.3
2026-08-16 12:26:30,100,Highly Attentive,Forward,True,45,11.3
2026-08-16 12:26:31,100,Highly Attentive,Forward,True,45,11.2
2026-08-16 12:26:32,100,Highly Attentive,Forward,True,45,11.2
2026-08-16 12:26:33,100,Highly Attentive,Forward,True,45,11.1
2026-08-16 12:26:34,100,Highly Attentive,Forward,True,45,11.1
2026-08-16 12:26:35,97,Highly Attentive,Forward,True,46,11.3
2026-08-16 12:26:36,100,Highly Attentive,Forward,True,46,11.2
2026-08-16 12:26:37,100,Highly Attentive,Forward,True,46,11.2
2026-08-16 12:26:38,100,Highly Attentive,Forward,True,46,11.2
2026-08-16 12:26:39,89,Highly Attentive,Forward,False,46,11.1
2026-08-16 12:26:40,83,Attentive,Forward,True,47,11.3
2026-08-16 12:26:41,100,Highly Attentive,Forward,True,47,11.3
2026-08-16 12:26:42,82,Attentive,Left,True,48,11.5
2026-08-16 12:26:43,65,Slightly Distracted,Left,True,48,11.4
2026-08-16 12:26:44,64,Slightly Distracted,Left,False,48,11.4
2026-08-16 12:26:45,76,Attentive,Forward,True,49,11.6
2026-08-16 12:26:46,100,Highly Attentive,Forward,True,49,11.5
2026-08-16 12:26:47,100,Highly Attentive,Forward,True,49,11.5
2026-08-16 12:26:48,100,Highly Attentive,Forward,True,49,11.4
2026-08-16 12:26:49,100,Highly Attentive,Forward,True,49,11.4
2026-08-16 12:26:50,100,Highly Attentive,Forward,True,49,11.3
2026-08-16 12:26:51,91,Highly Attentive,Forward,True,49,11.3
2026-08-16 12:26:52,100,Highly Attentive,Forward,True,49,11.2
2026-08-16 12:26:53,100,Highly Attentive,Forward,True,49,11.2
2026-08-16 12:26:54,100,Highly Attentive,Forward,True,49,11.1
2026-08-16 12:26:56,100,Highly Attentive,Forward,True,49,11.1
2026-08-16 12:26:57,100,Highly Attentive,Forward,True,49,11.1
2026-08-16 12:26:58,98,Highly Attentive,Forward,True,50,11.2
2026-08-16 12:26:59,100,Highly Attentive,Forward,True,50,11.2
2026-08-16 12:27:00,100,Highly Attentive,Forward,True,50,11.2
2026-08-16 12:27:01,100,Highly Attentive,Forward,True,50,11.1
2026-08-16 12:27:02,99,Highly Attentive,Forward,True,50,11.1
2026-08-16 12:27:03,100,Highly Attentive,Forward,True,50,11.0
2026-08-16 12:27:04,92,Highly Attentive,Down,True,50,11.0
2026-08-16 12:27:05,85,Attentive,Forward,True,50,11.0
2026-08-16 12:27:06,98,Highly Attentive,Forward,True,51,11.1
2026-08-16 12:27:07,100,Highly Attentive,Forward,True,51,11.1
2026-08-16 12:27:08,100,Highly Attentive,Forward,True,51,11.0
2026-08-16 12:27:09,100,Highly Attentive,Forward,True,51,11.0
2026-08-16 12:27:10,100,Highly Attentive,Forward,True,51,11.0
2026-08-16 12:27:11,100,Highly Attentive,Forward,True,51,10.9
2026-08-16 12:27:12,100,Highly Attentive,Forward,True,51,10.9
2026-08-16 12:27:13,100,Highly Attentive,Forward,True,51,10.8
2026-08-16 12:27:14,100,Highly Attentive,Forward,True,51,10.8
2026-08-16 12:27:15,100,Highly Attentive,Forward,True,51,10.8
2026-08-16 12:27:16,100,Highly Attentive,Forward,True,51,10.7
2026-08-16 12:27:17,100,Highly Attentive,Forward,True,51,10.7
2026-08-16 12:27:18,100,Highly Attentive,Forward,True,51,10.7
2026-08-16 12:27:19,100,Highly Attentive,Forward,True,51,10.6
2026-08-16 12:27:20,100,Highly Attentive,Forward,True,51,10.6
2026-08-16 12:27:21,100,Highly Attentive,Forward,True,51,10.5
2026-08-16 12:27:22,100,Highly Attentive,Forward,True,51,10.5
2026-08-16 12:27:23,100,Highly Attentive,Forward,True,51,10.5
2026-08-16 12:27:24,100,Highly Attentive,Forward,True,51,10.4
2026-08-16 12:27:25,100,Highly Attentive,Forward,True,51,10.4
2026-08-16 12:27:26,100,Highly Attentive,Forward,True,51,10.4
2026-08-16 12:27:27,100,Highly Attentive,Forward,True,51,10.3
2026-08-16 12:27:28,100,Highly Attentive,Forward,True,51,10.3
2026-08-16 12:27:29,100,Highly Attentive,Forward,True,51,10.3
2026-08-16 12:27:30,100,Highly Attentive,Forward,True,51,10.2
2026-08-16 12:27:31,100,Highly Attentive,Forward,True,51,10.2
2026-08-16 12:27:32,100,Highly Attentive,Forward,True,51,10.1
2026-08-16 12:27:33,100,Highly Attentive,Forward,True,51,10.1
2026-08-16 12:27:34,100,Highly Attentive,Forward,True,51,10.1
2026-08-16 12:27:35,100,Highly Attentive,Forward,True,51,10.0
2026-08-16 12:27:36,96,Highly Attentive,Forward,True,52,10.2
2026-08-16 12:27:37,100,Highly Attentive,Forward,True,52,10.2
2026-08-16 12:27:38,100,Highly Attentive,Forward,True,52,10.1
2026-08-16 12:27:39,78,Attentive,Forward,True,53,10.3
2026-08-16 12:27:40,99,Highly Attentive,Forward,True,53,10.3
2026-08-16 12:27:41,90,Highly Attentive,Forward,True,57,11.0
2026-08-16 12:27:42,68,Slightly Distracted,Left,False,58,11.2
2026-08-16 12:27:44,64,Slightly Distracted,Forward,True,59,11.3
2026-08-16 12:27:45,80,Attentive,Forward,True,60,11.5
2026-08-16 12:27:46,66,Slightly Distracted,Left,True,60,11.4
2026-08-16 12:27:47,50,Slightly Distracted,Left,True,60,11.4
2026-08-16 12:27:48,68,Slightly Distracted,Forward,True,60,11.4
2026-08-16 12:27:49,78,Attentive,Forward,False,62,11.7
2026-08-16 12:27:50,92,Highly Attentive,Forward,True,64,12.0
2026-08-16 12:27:51,99,Highly Attentive,Forward,True,64,12.0
2026-08-16 12:27:52,100,Highly Attentive,Forward,True,64,12.0
2026-08-16 12:27:53,99,Highly Attentive,Forward,True,64,11.9
2026-08-16 12:27:54,97,Highly Attentive,Forward,True,65,12.1
2026-08-16 12:27:55,100,Highly Attentive,Forward,True,65,12.0
2026-08-16 12:27:56,98,Highly Attentive,Forward,True,66,12.2
2026-08-16 12:27:57,99,Highly Attentive,Forward,True,66,12.1
2026-08-16 12:27:58,100,Highly Attentive,Forward,True,66,12.1
2026-08-16 12:27:59,98,Highly Attentive,Forward,True,67,12.3
2026-08-16 12:28:00,100,Highly Attentive,Forward,True,67,12.2
2026-08-16 12:28:01,98,Highly Attentive,Forward,False,67,12.2
2026-08-16 12:28:02,100,Highly Attentive,Forward,True,68,12.3
2026-08-16 12:28:03,98,Highly Attentive,Forward,True,69,12.5
2026-08-16 12:28:04,100,Highly Attentive,Forward,True,69,12.4
2026-08-16 12:28:05,100,Highly Attentive,Forward,True,69,12.4
2026-08-16 12:28:06,100,Highly Attentive,Forward,True,69,12.4
2026-08-16 12:28:07,100,Highly Attentive,Forward,True,69,12.3
2026-08-16 12:28:08,98,Highly Attentive,Forward,True,70,12.5
2026-08-16 12:28:09,100,Highly Attentive,Forward,True,70,12.4
2026-08-16 12:28:10,100,Highly Attentive,Forward,True,70,12.4
2026-08-16 12:28:11,100,Highly Attentive,Forward,True,70,12.3
2026-08-16 12:28:12,100,Highly Attentive,Forward,True,70,12.3
2026-08-16 12:28:13,100,Highly Attentive,Forward,True,70,12.3
2026-08-16 12:28:14,100,Highly Attentive,Forward,True,70,12.2
2026-08-16 12:28:15,100,Highly Attentive,Forward,True,70,12.2
2026-08-16 12:28:16,100,Highly Attentive,Forward,True,70,12.2
2026-08-16 12:28:17,98,Highly Attentive,Forward,True,71,12.3
2026-08-16 12:28:18,100,Highly Attentive,Forward,True,71,12.3
2026-08-16 12:28:19,100,Highly Attentive,Forward,True,71,12.2
2026-08-16 12:28:20,100,Highly Attentive,Forward,True,71,12.2
2026-08-16 12:28:21,100,Highly Attentive,Forward,True,71,12.2
2026-08-16 12:28:22,100,Highly Attentive,Forward,True,71,12.1
2026-08-16 12:28:23,95,Highly Attentive,Down,True,71,12.1
2026-08-16 12:28:24,65,Slightly Distracted,Down,True,71,12.0
2026-08-16 12:28:25,63,Slightly Distracted,Down,True,72,12.2
2026-08-16 12:28:26,64,Slightly Distracted,Down,True,72,12.1
2026-08-16 12:28:27,71,Attentive,Forward,True,72,12.1
2026-08-16 12:28:28,72,Attentive,Down,True,72,12.1
2026-08-16 12:28:29,72,Attentive,Forward,True,73,12.2
2026-08-16 12:28:30,100,Highly Attentive,Forward,True,73,12.2
2026-08-16 12:28:31,100,Highly Attentive,Forward,True,73,12.1
2026-08-16 12:28:33,100,Highly Attentive,Forward,True,73,12.1
2026-08-16 12:28:34,100,Highly Attentive,Forward,True,73,12.1
2026-08-16 12:28:35,100,Highly Attentive,Forward,True,73,12.0
2026-08-16 12:28:36,100,Highly Attentive,Forward,True,73,12.0
2026-08-16 12:28:37,99,Highly Attentive,Forward,False,73,12.0
2026-08-16 12:28:38,99,Highly Attentive,Forward,True,74,12.1
2026-08-16 12:28:39,100,Highly Attentive,Forward,True,74,12.1
2026-08-16 12:28:40,100,Highly Attentive,Forward,True,74,12.0
2026-08-16 12:28:41,100,Highly Attentive,Forward,True,74,12.0
2026-08-16 12:28:42,100,Highly Attentive,Forward,True,74,12.0
2026-08-16 12:28:43,100,Highly Attentive,Forward,True,74,11.9
2026-08-16 12:28:44,100,Highly Attentive,Forward,True,74,11.9
2026-08-16 12:28:45,100,Highly Attentive,Forward,True,74,11.9
2026-08-16 12:28:46,100,Highly Attentive,Forward,True,74,11.8
2026-08-16 12:28:47,98,Highly Attentive,Forward,True,75,12.0
2026-08-16 12:28:48,100,Highly Attentive,Forward,True,75,11.9
2026-08-16 12:28:49,100,Highly Attentive,Forward,True,75,11.9
2026-08-16 12:28:50,100,Highly Attentive,Forward,True,75,11.9
2026-08-16 12:28:51,100,Highly Attentive,Forward,True,75,11.8
2026-08-16 12:28:52,100,Highly Attentive,Forward,True,75,11.8
2026-08-16 12:28:53,97,Highly Attentive,Forward,True,76,11.9
2026-08-16 12:28:54,100,Highly Attentive,Forward,True,76,11.9
2026-08-16 12:28:55,100,Highly Attentive,Forward,True,76,11.9
2026-08-16 12:28:56,100,Highly Attentive,Forward,True,76,11.8
2026-08-16 12:28:57,99,Highly Attentive,Forward,False,76,11.8
2026-08-16 12:28:58,98,Highly Attentive,Forward,True,77,11.9
2026-08-16 12:28:59,100,Highly Attentive,Forward,True,77,11.9
2026-08-16 12:29:00,100,Highly Attentive,Forward,True,77,11.9
2026-08-16 12:29:01,100,Highly Attentive,Forward,True,77,11.8
2026-08-16 12:29:02,100,Highly Attentive,Forward,True,77,11.8
2026-08-16 12:29:03,100,Highly Attentive,Forward,True,77,11.8
2026-08-16 12:29:04,95,Highly Attentive,Forward,False,78,11.9
2026-08-16 12:29:05,87,Highly Attentive,Forward,True,79,12.0
2026-08-16 12:29:06,75,Attentive,Forward,False,79,12.0
2026-08-16 12:29:07,65,Slightly Distracted,Forward,False,79,12.0
2026-08-16 12:29:08,84,Attentive,Forward,True,80,12.1
2026-08-16 12:29:09,100,Highly Attentive,Forward,True,80,12.0
2026-08-16 12:29:10,84,Attentive,Forward,False,80,12.0
2026-08-16 12:29:11,65,Slightly Distracted,Forward,False,80,12.0
2026-08-16 12:29:12,74,Attentive,Forward,True,83,12.4
2026-08-16 12:29:13,98,Highly Attentive,Forward,True,84,12.5
2026-08-16 12:29:14,68,Slightly Distracted,Left,True,85,12.6
2026-08-16 12:29:15,65,Slightly Distracted,Left,True,85,12.6
2026-08-16 12:29:16,80,Attentive,Forward,True,85,12.6
2026-08-16 12:29:17,98,Highly Attentive,Forward,True,86,12.7
2026-08-16 12:29:18,95,Highly Attentive,Down,True,86,12.7
2026-08-16 12:29:19,63,Slightly Distracted,Down,True,87,12.8
2026-08-16 12:29:20,78,Attentive,Forward,True,87,12.7
2026-08-16 12:29:21,93,Highly Attentive,Forward,True,88,12.9
2026-08-16 12:29:23,93,Highly Attentive,Forward,True,88,12.8
2026-08-16 12:29:24,100,Highly Attentive,Forward,True,88,12.8
2026-08-16 12:29:25,100,Highly Attentive,Forward,True,88,12.8
2026-08-16 12:29:26,100,Highly Attentive,Forward,True,88,12.7
2026-08-16 12:29:27,98,Highly Attentive,Forward,True,89,12.8
2026-08-16 12:29:28,100,Highly Attentive,Forward,True,89,12.8
2026-08-16 12:29:29,97,Highly Attentive,Forward,True,90,12.9
2026-08-16 12:29:30,98,Highly Attentive,Forward,True,91,13.0
2026-08-16 12:29:31,98,Highly Attentive,Forward,False,91,13.0
2026-08-16 12:29:32,95,Highly Attentive,Forward,False,94,13.4
2026-08-16 12:29:33,95,Highly Attentive,Forward,True,97,13.8
2026-08-16 12:29:34,89,Highly Attentive,Forward,True,97,13.8
2026-08-16 12:29:35,80,Attentive,Forward,False,97,13.7
2026-08-16 12:29:37,80,Attentive,Forward,True,98,13.8
2026-08-16 12:29:38,81,Attentive,Forward,False,99,13.9
2026-08-16 12:29:39,84,Attentive,Forward,True,103,14.4
2026-08-16 12:29:40,91,Highly Attentive,Forward,False,104,14.5
2026-08-16 12:29:43,78,Attentive,Left,True,106,14.7
2026-08-16 12:29:44,90,Highly Attentive,Left,False,106,14.7
2026-08-16 12:29:45,80,Attentive,Forward,False,106,14.6
2026-08-16 12:29:47,78,Attentive,Left,True,106,14.6
2026-08-16 12:29:48,65,Slightly Distracted,Forward,False,106,14.6
2026-08-16 12:29:49,64,Slightly Distracted,Forward,False,106,14.5
2026-08-16 12:29:50,100,Highly Attentive,Forward,True,107,14.6
2026-08-16 12:29:51,97,Highly Attentive,Forward,True,108,14.7
2026-08-16 12:29:52,98,Highly Attentive,Forward,False,108,14.7
2026-08-16 12:29:53,99,Highly Attentive,Forward,True,109,14.8
2026-08-16 12:29:54,100,Highly Attentive,Forward,True,109,14.8
2026-08-16 12:29:55,100,Highly Attentive,Forward,True,109,14.7
2026-08-16 12:29:56,100,Highly Attentive,Forward,True,109,14.7
2026-08-16 12:29:57,100,Highly Attentive,Forward,True,109,14.7
2026-08-16 12:29:58,100,Highly Attentive,Forward,True,109,14.6
2026-08-16 12:29:59,100,Highly Attentive,Forward,True,109,14.6
2026-08-16 12:30:00,97,Highly Attentive,Forward,True,110,14.7
2026-08-16 12:30:01,100,Highly Attentive,Forward,True,110,14.7
2026-08-16 12:30:02,100,Highly Attentive,Forward,True,110,14.6
2026-08-16 12:30:03,97,Highly Attentive,Forward,True,111,14.7
2026-08-16 12:30:04,100,Highly Attentive,Forward,True,111,14.7
2026-08-16 12:30:05,100,Highly Attentive,Forward,True,111,14.7
2026-08-16 12:30:06,100,Highly Attentive,Forward,True,111,14.6
2026-08-16 12:30:07,98,Highly Attentive,Forward,True,112,14.7
2026-08-16 12:30:08,100,Highly Attentive,Forward,True,112,14.7
2026-08-16 12:30:09,100,Highly Attentive,Forward,True,112,14.7
2026-08-16 12:30:10,80,Attentive,Forward,True,113,14.8
2026-08-16 12:30:11,95,Highly Attentive,Forward,True,113,14.7
2026-08-16 12:30:12,100,Highly Attentive,Forward,True,113,14.7
2026-08-16 12:30:13,100,Highly Attentive,Forward,True,113,14.7
2026-08-16 12:30:14,98,Highly Attentive,Forward,True,114,14.8
2026-08-16 12:30:15,100,Highly Attentive,Forward,True,114,14.7
2026-08-16 12:30:16,100,Highly Attentive,Forward,True,114,14.7
2026-08-16 12:30:17,100,Highly Attentive,Forward,True,114,14.7
2026-08-16 12:30:18,100,Highly Attentive,Forward,True,114,14.6
2026-08-16 12:30:19,99,Highly Attentive,Down,True,114,14.6
2026-08-16 12:30:20,65,Slightly Distracted,Down,True,114,14.6
2026-08-16 12:30:22,65,Slightly Distracted,Down,True,114,14.5
2026-08-16 12:30:23,65,Slightly Distracted,Down,True,114,14.5
2026-08-16 12:30:24,65,Slightly Distracted,Down,True,114,14.5
2026-08-16 12:30:25,68,Slightly Distracted,Forward,True,114,14.4
2026-08-16 12:30:26,100,Highly Attentive,Forward,True,114,14.4
2026-08-16 12:30:27,100,Highly Attentive,Forward,True,114,14.4
2026-08-16 12:30:28,100,Highly Attentive,Forward,True,114,14.3
2026-08-16 12:30:29,100,Highly Attentive,Forward,True,114,14.3
2026-08-16 12:30:30,100,Highly Attentive,Forward,True,114,14.3
2026-08-16 12:30:31,100,Highly Attentive,Forward,True,114,14.3
2026-08-16 12:30:32,100,Highly Attentive,Forward,True,114,14.2
2026-08-16 12:30:33,100,Highly Attentive,Forward,True,114,14.2
2026-08-16 12:30:34,100,Highly Attentive,Forward,True,114,14.2
2026-08-16 12:30:35,100,Highly Attentive,Forward,True,114,14.1
2026-08-16 12:30:36,100,Highly Attentive,Forward,True,114,14.1
2026-08-16 12:30:37,100,Highly Attentive,Forward,True,114,14.1
2026-08-16 12:30:38,100,Highly Attentive,Forward,True,114,14.0
2026-08-16 12:30:39,100,Highly Attentive,Forward,True,114,14.0
2026-08-16 12:30:40,100,Highly Attentive,Forward,True,114,14.0
2026-08-16 12:30:41,100,Highly Attentive,Forward,True,114,14.0
2026-08-16 12:30:42,100,Highly Attentive,Forward,True,114,13.9
2026-08-16 12:30:43,100,Highly Attentive,Forward,True,114,13.9
2026-08-16 12:30:44,100,Highly Attentive,Forward,True,114,13.9
2026-08-16 12:30:45,100,Highly Attentive,Forward,True,114,13.8
2026-08-16 12:30:46,100,Highly Attentive,Forward,True,114,13.8
2026-08-16 12:30:47,100,Highly Attentive,Forward,True,114,13.8
2026-08-16 12:30:48,100,Highly Attentive,Forward,True,114,13.8
2026-08-16 12:30:49,100,Highly Attentive,Forward,True,114,13.7
2026-08-16 12:30:50,92,Highly Attentive,Forward,True,114,13.7
2026-08-16 12:30:51,100,Highly Attentive,Forward,True,114,13.7
2026-08-16 12:30:52,100,Highly Attentive,Forward,True,114,13.6
2026-08-16 12:30:53,100,Highly Attentive,Forward,True,114,13.6
2026-08-16 12:30:54,100,Highly Attentive,Forward,True,114,13.6
2026-08-16 12:30:55,100,Highly Attentive,Forward,True,114,13.6
2026-08-16 12:30:56,93,Highly Attentive,Forward,True,116,13.8
2026-08-16 12:30:57,100,Highly Attentive,Forward,True,116,13.7
2026-08-16 12:30:58,76,Attentive,Forward,True,117,13.8
2026-08-16 12:30:59,91,Highly Attentive,Forward,True,117,13.8
2026-08-16 12:31:00,98,Highly Attentive,Forward,True,117,13.8
2026-08-16 12:31:01,100,Highly Attentive,Forward,True,117,13.8
2026-08-16 12:31:02,97,Highly Attentive,Forward,True,118,13.8
2026-08-16 12:31:03,100,Highly Attentive,Forward,True,118,13.8
2026-08-16 12:31:04,100,Highly Attentive,Forward,True,118,13.8
2026-08-16 12:31:05,98,Highly Attentive,Forward,True,119,13.9
2026-08-16 12:31:06,100,Highly Attentive,Forward,True,119,13.8
2026-08-16 12:31:07,100,Highly Attentive,Forward,True,119,13.8
2026-08-16 12:31:08,100,Highly Attentive,Forward,True,119,13.8
2026-08-16 12:31:09,100,Highly Attentive,Forward,True,119,13.8
2026-08-16 12:31:11,98,Highly Attentive,Forward,True,120,13.9
2026-08-16 12:31:12,100,Highly Attentive,Forward,True,120,13.8
2026-08-16 12:31:13,100,Highly Attentive,Forward,True,120,13.8
2026-08-16 12:31:14,98,Highly Attentive,Forward,True,121,13.9
2026-08-16 12:31:15,100,Highly Attentive,Forward,True,121,13.9
2026-08-16 12:31:16,100,Highly Attentive,Forward,True,121,13.8
2026-08-16 12:31:17,100,Highly Attentive,Forward,True,121,13.8
2026-08-16 12:31:18,100,Highly Attentive,Forward,True,121,13.8
2026-08-16 12:31:19,97,Highly Attentive,Forward,True,122,13.9
2026-08-16 12:31:20,100,Highly Attentive,Forward,True,122,13.8
2026-08-16 12:31:21,100,Highly Attentive,Forward,True,122,13.8
2026-08-16 12:31:22,66,Slightly Distracted,Left,True,123,13.9
2026-08-16 12:31:23,65,Slightly Distracted,Left,True,123,13.9
2026-08-16 12:31:24,72,Attentive,Forward,True,124,14.0
2026-08-16 12:31:25,98,Highly Attentive,Forward,True,125,14.0
2026-08-16 12:31:26,81,Attentive,Right,True,125,14.0
2026-08-16 12:31:27,67,Slightly Distracted,Right,True,125,14.0
2026-08-16 12:31:28,65,Slightly Distracted,Right,True,125,14.0
2026-08-16 12:31:29,65,Slightly Distracted,Right,True,125,13.9
2026-08-16 12:31:30,65,Slightly Distracted,Right,True,125,13.9
2026-08-16 12:31:31,65,Slightly Distracted,Right,True,125,13.9
2026-08-16 12:31:32,65,Slightly Distracted,Right,True,125,13.9
2026-08-16 12:31:33,65,Slightly Distracted,Right,True,125,13.8
2026-08-16 12:31:34,65,Slightly Distracted,Right,True,125,13.8
2026-08-16 12:31:35,65,Slightly Distracted,Right,True,125,13.8
2026-08-16 12:31:36,65,Slightly Distracted,Right,True,125,13.8
2026-08-16 12:31:37,65,Slightly Distracted,Right,True,125,13.7
2026-08-16 12:31:38,65,Slightly Distracted,Right,True,125,13.7
2026-08-16 12:31:39,65,Slightly Distracted,Right,True,125,13.7
2026-08-16 12:31:40,65,Slightly Distracted,Right,True,125,13.7
2026-08-16 12:31:41,65,Slightly Distracted,Right,True,125,13.6
2026-08-16 12:31:42,65,Slightly Distracted,Right,True,125,13.6
2026-08-16 12:31:43,65,Slightly Distracted,Right,True,125,13.6
2026-08-16 12:31:44,65,Slightly Distracted,Right,True,125,13.6
2026-08-16 12:31:45,65,Slightly Distracted,Right,True,125,13.5
2026-08-16 12:31:46,65,Slightly Distracted,Right,True,125,13.5
2026-08-16 12:31:47,65,Slightly Distracted,Right,True,125,13.5
2026-08-16 12:31:48,65,Slightly Distracted,Right,True,125,13.5
2026-08-16 12:31:49,65,Slightly Distracted,Right,True,125,13.4
2026-08-16 12:31:50,65,Slightly Distracted,Right,True,125,13.4
2026-08-16 12:31:51,65,Slightly Distracted,Right,True,125,13.4
2026-08-16 12:31:52,65,Slightly Distracted,Right,True,125,13.4
2026-08-16 12:31:53,65,Slightly Distracted,Right,True,125,13.3
2026-08-16 12:31:54,65,Slightly Distracted,Right,True,125,13.3
2026-08-16 12:31:55,65,Slightly Distracted,Right,True,125,13.3
2026-08-16 12:31:56,65,Slightly Distracted,Right,True,125,13.3
2026-08-16 12:31:57,90,Highly Attentive,Forward,True,126,13.3
2026-08-16 12:31:58,88,Highly Attentive,Forward,True,126,13.3
2026-08-16 12:31:59,85,Highly Attentive,Forward,True,126,13.3
2026-08-16 12:32:00,84,Attentive,Forward,True,126,13.3
2026-08-16 12:32:02,85,Highly Attentive,Forward,True,126,13.2
2026-08-16 12:32:03,81,Attentive,Forward,True,128,13.4
2026-08-16 12:32:04,99,Highly Attentive,Down,True,128,13.4
2026-08-16 12:32:05,60,Slightly Distracted,Down,True,130,13.6
2026-08-16 12:32:06,66,Slightly Distracted,Left,False,131,13.7
2026-08-16 12:32:07,49,Distracted,Left,True,132,13.8
2026-08-16 12:32:08,64,Slightly Distracted,Left,True,132,13.7
2026-08-16 12:32:09,84,Attentive,Forward,True,135,14.0
2026-08-16 12:32:10,67,Slightly Distracted,Down,True,135,14.0
2026-08-16 12:32:11,80,Attentive,Forward,True,136,14.1
2026-08-16 12:32:12,96,Highly Attentive,Forward,True,138,14.2
2026-08-16 12:32:13,97,Highly Attentive,Forward,False,139,14.3
2026-08-16 12:32:14,99,Highly Attentive,Forward,True,140,14.4
2026-08-16 12:32:15,100,Highly Attentive,Forward,True,140,14.4
2026-08-16 12:32:16,100,Highly Attentive,Forward,True,140,14.4
2026-08-16 12:32:17,100,Highly Attentive,Forward,True,140,14.3
2026-08-16 12:32:18,100,Highly Attentive,Forward,True,140,14.3
2026-08-16 12:32:19,100,Highly Attentive,Forward,True,140,14.3
2026-08-16 12:32:20,100,Highly Attentive,Forward,True,140,14.3
2026-08-16 12:32:21,100,Highly Attentive,Forward,True,140,14.2
2026-08-16 12:32:22,100,Highly Attentive,Forward,True,140,14.2
2026-08-16 12:32:23,100,Highly Attentive,Forward,True,140,14.2
2026-08-16 12:32:24,100,Highly Attentive,Forward,True,140,14.2
2026-08-16 12:32:25,100,Highly Attentive,Forward,True,140,14.1
2026-08-16 12:32:26,98,Highly Attentive,Forward,True,141,14.2
2026-08-16 12:32:27,100,Highly Attentive,Forward,True,141,14.2
2026-08-16 12:32:28,98,Highly Attentive,Forward,True,142,14.3
2026-08-16 12:32:29,98,Highly Attentive,Forward,True,143,14.3
2026-08-16 12:32:30,100,Highly Attentive,Forward,True,143,14.3
2026-08-16 12:32:31,100,Highly Attentive,Forward,True,143,14.3
2026-08-16 12:32:32,100,Highly Attentive,Forward,True,143,14.3
2026-08-16 12:32:33,100,Highly Attentive,Forward,True,143,14.2
2026-08-16 12:32:34,100,Highly Attentive,Forward,True,143,14.2
2026-08-16 12:32:35,100,Highly Attentive,Forward,True,143,14.2
2026-08-16 12:32:37,100,Highly Attentive,Forward,True,143,14.2
2026-08-16 12:32:38,100,Highly Attentive,Forward,True,143,14.1
2026-08-16 12:32:39,100,Highly Attentive,Forward,True,143,14.1
2026-08-16 12:32:40,100,Highly Attentive,Forward,True,143,14.1
2026-08-16 12:32:41,100,Highly Attentive,Forward,True,143,14.1
2026-08-16 12:32:42,100,Highly Attentive,Forward,True,143,14.0
2026-08-16 12:32:43,96,Highly Attentive,Forward,True,144,14.1
2026-08-16 12:32:44,100,Highly Attentive,Forward,True,144,14.1
2026-08-16 12:32:45,92,Highly Attentive,Left,True,145,14.2
2026-08-16 12:32:46,65,Slightly Distracted,Left,True,145,14.1
2026-08-16 12:32:47,68,Slightly Distracted,Forward,True,145,14.1
2026-08-16 12:32:48,81,Attentive,Forward,True,145,14.1
2026-08-16 12:32:49,100,Highly Attentive,Forward,True,145,14.1
2026-08-16 12:32:50,100,Highly Attentive,Forward,True,145,14.1
2026-08-16 12:32:51,100,Highly Attentive,Forward,True,145,14.0
2026-08-16 12:32:52,100,Highly Attentive,Forward,True,145,14.0
2026-08-16 12:32:53,95,Highly Attentive,Forward,True,147,14.2
2026-08-16 12:32:54,89,Highly Attentive,Forward,True,147,14.2
2026-08-16 12:32:55,70,Slightly Distracted,Forward,True,149,14.3
2026-08-16 12:32:56,98,Highly Attentive,Forward,True,150,14.4
2026-08-16 12:32:57,99,Highly Attentive,Forward,True,150,14.4
2026-08-16 12:32:58,100,Highly Attentive,Forward,True,150,14.4
2026-08-16 12:32:59,100,Highly Attentive,Forward,True,150,14.3
2026-08-16 12:33:00,100,Highly Attentive,Forward,True,150,14.3
2026-08-16 12:33:01,100,Highly Attentive,Forward,True,150,14.3
2026-08-16 12:33:02,87,Highly Attentive,Left,True,151,14.4
2026-08-16 12:33:03,64,Slightly Distracted,Left,True,151,14.3
2026-08-16 12:33:04,65,Slightly Distracted,Left,True,151,14.3
2026-08-16 12:33:05,77,Attentive,Forward,True,151,14.3
2026-08-16 12:33:06,100,Highly Attentive,Forward,True,151,14.3
2026-08-16 12:33:07,100,Highly Attentive,Forward,True,151,14.2
2026-08-16 12:33:08,100,Highly Attentive,Forward,True,151,14.2
2026-08-16 12:33:09,97,Highly Attentive,Forward,True,152,14.3
2026-08-16 12:33:10,73,Attentive,Up,True,154,14.5
2026-08-16 12:33:11,63,Slightly Distracted,Forward,False,154,14.4
2026-08-16 12:33:12,65,Slightly Distracted,Forward,False,154,14.4
2026-08-16 12:33:13,65,Slightly Distracted,Forward,False,154,14.4
2026-08-16 12:33:14,74,Attentive,Forward,False,156,14.5
2026-08-16 12:33:15,81,Attentive,Forward,True,158,14.7
2026-08-16 12:33:16,90,Highly Attentive,Down,True,159,14.8
2026-08-16 12:33:17,66,Slightly Distracted,Down,True,159,14.8
2026-08-16 12:33:18,99,Highly Attentive,Forward,True,159,14.7
2026-08-16 12:33:19,100,Highly Attentive,Forward,True,159,14.7
2026-08-16 12:33:20,100,Highly Attentive,Forward,True,159,14.7
2026-08-16 12:33:21,100,Highly Attentive,Forward,True,159,14.7
2026-08-16 12:33:22,100,Highly Attentive,Forward,True,159,14.6
2026-08-16 12:33:23,100,Highly Attentive,Forward,True,159,14.6
2026-08-16 12:33:24,100,Highly Attentive,Forward,True,159,14.6
2026-08-16 12:33:26,100,Highly Attentive,Forward,True,159,14.6
2026-08-16 12:33:27,100,Highly Attentive,Forward,True,159,14.5
2026-08-16 12:33:28,97,Highly Attentive,Forward,True,160,14.6
2026-08-16 12:33:29,95,Highly Attentive,Forward,True,162,14.8
2026-08-16 12:33:30,99,Highly Attentive,Forward,True,162,14.8
2026-08-16 12:33:31,99,Highly Attentive,Forward,True,162,14.7
2026-08-16 12:33:32,100,Highly Attentive,Forward,True,162,14.7
2026-08-16 12:33:33,97,Highly Attentive,Forward,True,163,14.8
2026-08-16 12:33:34,96,Highly Attentive,Forward,False,163,14.8
2026-08-16 12:33:35,98,Highly Attentive,Forward,True,165,14.9
2026-08-16 12:33:36,98,Highly Attentive,Forward,True,166,15.0
2026-08-16 12:33:37,79,Attentive,Left,True,167,15.0
2026-08-16 12:33:38,64,Slightly Distracted,Left,True,167,15.0
2026-08-16 12:33:39,84,Attentive,Forward,True,169,15.2
2026-08-16 12:33:40,95,Highly Attentive,Forward,True,171,15.3
2026-08-16 12:33:41,94,Highly Attentive,Forward,True,173,15.5
2026-08-16 12:33:42,100,Highly Attentive,Forward,True,173,15.5
2026-08-16 12:33:43,100,Highly Attentive,Forward,True,173,15.4
2026-08-16 12:33:44,100,Highly Attentive,Forward,True,173,15.4
2026-08-16 12:33:45,100,Highly Attentive,Forward,True,173,15.4
2026-08-16 12:33:46,100,Highly Attentive,Forward,True,173,15.4
2026-08-16 12:33:47,100,Highly Attentive,Forward,True,173,15.4
2026-08-16 12:33:48,100,Highly Attentive,Forward,True,173,15.3
2026-08-16 12:33:49,100,Highly Attentive,Forward,True,173,15.3
2026-08-16 12:33:50,97,Highly Attentive,Forward,True,174,15.4
2026-08-16 12:33:51,100,Highly Attentive,Forward,True,174,15.3
2026-08-16 12:33:52,100,Highly Attentive,Forward,True,174,15.3
2026-08-16 12:33:53,90,Highly Attentive,Forward,True,174,15.3
2026-08-16 12:33:54,100,Highly Attentive,Forward,True,174,15.3
2026-08-16 12:33:55,77,Attentive,Forward,True,174,15.3
2026-08-16 12:33:56,100,Highly Attentive,Forward,True,174,15.2
2026-08-16 12:33:57,100,Highly Attentive,Forward,True,174,15.2
2026-08-16 12:33:58,98,Highly Attentive,Forward,True,175,15.3
2026-08-16 12:33:59,100,Highly Attentive,Forward,True,175,15.3
2026-08-16 12:34:00,100,Highly Attentive,Forward,True,175,15.2
2026-08-16 12:34:01,100,Highly Attentive,Forward,True,175,15.2
2026-08-16 12:34:02,98,Highly Attentive,Forward,True,176,15.3
2026-08-16 12:34:03,100,Highly Attentive,Forward,True,176,15.2
2026-08-16 12:34:04,100,Highly Attentive,Forward,True,176,15.2
2026-08-16 12:34:05,100,Highly Attentive,Forward,True,176,15.2
2026-08-16 12:34:06,100,Highly Attentive,Forward,True,176,15.2
2026-08-16 12:34:07,99,Highly Attentive,Forward,False,176,15.2
2026-08-16 12:34:08,100,Highly Attentive,Forward,True,176,15.1
2026-08-16 12:34:09,100,Highly Attentive,Forward,True,176,15.1
2026-08-16 12:34:10,100,Highly Attentive,Forward,True,176,15.1
2026-08-16 12:34:11,100,Highly Attentive,Forward,True,176,15.1
2026-08-16 12:34:12,100,Highly Attentive,Forward,True,176,15.0
2026-08-16 12:34:13,100,Highly Attentive,Forward,True,176,15.0
2026-08-16 12:34:15,100,Highly Attentive,Forward,True,176,15.0
2026-08-16 12:34:16,100,Highly Attentive,Forward,True,176,15.0
2026-08-16 12:34:17,100,Highly Attentive,Forward,True,176,15.0
2026-08-16 12:34:18,100,Highly Attentive,Forward,True,176,14.9
2026-08-16 12:34:19,100,Highly Attentive,Forward,True,176,14.9
2026-08-16 12:34:20,100,Highly Attentive,Forward,True,176,14.9
2026-08-16 12:34:21,100,Highly Attentive,Forward,True,176,14.9
2026-08-16 12:34:22,100,Highly Attentive,Forward,True,176,14.9
2026-08-16 12:34:23,100,Highly Attentive,Forward,True,176,14.8
2026-08-16 12:34:24,100,Highly Attentive,Forward,True,176,14.8
2026-08-16 12:34:25,100,Highly Attentive,Forward,True,176,14.8
2026-08-16 12:34:26,100,Highly Attentive,Forward,True,176,14.8
2026-08-16 12:34:27,100,Highly Attentive,Forward,True,176,14.7
2026-08-16 12:34:28,100,Highly Attentive,Forward,True,176,14.7
2026-08-16 12:34:29,100,Highly Attentive,Forward,True,176,14.7
2026-08-16 12:34:30,94,Highly Attentive,Down,True,176,14.7
2026-08-16 12:34:31,95,Highly Attentive,Forward,True,176,14.7
2026-08-16 12:34:32,100,Highly Attentive,Forward,True,176,14.6
2026-08-16 12:34:33,100,Highly Attentive,Forward,True,176,14.6
2026-08-16 12:34:34,100,Highly Attentive,Forward,True,176,14.6
2026-08-16 12:34:35,98,Highly Attentive,Forward,True,177,14.7
2026-08-16 12:34:36,97,Highly Attentive,Forward,True,178,14.7
2026-08-16 12:34:37,100,Highly Attentive,Forward,True,178,14.7
2026-08-16 12:34:38,99,Highly Attentive,Forward,False,178,14.7
2026-08-16 12:34:39,98,Highly Attentive,Forward,True,179,14.7
2026-08-16 12:34:40,100,Highly Attentive,Forward,True,179,14.7
2026-08-16 12:34:41,100,Highly Attentive,Forward,True,179,14.7
2026-08-16 12:34:42,100,Highly Attentive,Forward,True,179,14.7
2026-08-16 12:34:43,100,Highly Attentive,Forward,True,179,14.7
2026-08-16 12:34:44,100,Highly Attentive,Forward,True,179,14.6
2026-08-16 12:34:45,100,Highly Attentive,Forward,True,179,14.6
2026-08-16 12:34:46,100,Highly Attentive,Forward,True,179,14.6
2026-08-16 12:34:47,100,Highly Attentive,Forward,True,179,14.6
2026-08-16 12:34:48,92,Highly Attentive,Forward,True,179,14.6
2026-08-16 12:34:49,56,Slightly Distracted,Right,False,179,14.5
2026-08-16 12:34:50,58,Slightly Distracted,Forward,False,180,14.6
2026-08-16 12:34:51,59,Slightly Distracted,Forward,True,182,14.7
2026-08-16 12:34:52,46,Distracted,Forward,False,183,14.8
2026-08-16 12:34:53,82,Attentive,Forward,True,185,14.9
2026-08-16 12:34:54,84,Attentive,Down,True,186,15.0
2026-08-16 12:34:55,88,Highly Attentive,Forward,True,189,15.2
2026-08-16 12:34:56,98,Highly Attentive,Forward,True,190,15.3
2026-08-16 12:34:57,100,Highly Attentive,Forward,True,190,15.3
2026-08-16 12:34:58,84,Attentive,Forward,True,191,15.3
2026-08-16 12:34:59,70,Slightly Distracted,Right,True,192,15.4
2026-08-16 12:35:00,71,Attentive,Forward,False,193,15.4
2026-08-16 12:35:01,90,Highly Attentive,Forward,True,195,15.6
2026-08-16 12:35:02,73,Attentive,Right,True,195,15.6
2026-08-16 12:35:04,69,Slightly Distracted,Left,False,196,15.6
2026-08-16 12:35:05,60,Slightly Distracted,Left,True,197,15.7
2026-08-16 12:35:06,82,Attentive,Forward,True,198,15.7
2026-08-16 12:35:07,92,Highly Attentive,Forward,True,199,15.8
2026-08-16 12:35:08,97,Highly Attentive,Forward,True,200,15.9
2026-08-16 12:35:09,100,Highly Attentive,Forward,True,200,15.8
2026-08-16 12:35:10,99,Highly Attentive,Forward,False,200,15.8
2026-08-16 12:35:11,100,Highly Attentive,Forward,True,200,15.8
2026-08-16 12:35:12,98,Highly Attentive,Forward,True,201,15.8
2026-08-16 12:35:13,100,Highly Attentive,Forward,True,201,15.8
2026-08-16 12:35:14,100,Highly Attentive,Forward,True,201,15.8
2026-08-16 12:35:15,98,Highly Attentive,Forward,True,202,15.9
2026-08-16 12:35:16,100,Highly Attentive,Forward,True,202,15.8
2026-08-16 12:35:17,100,Highly Attentive,Forward,True,202,15.8
2026-08-16 12:35:18,100,Highly Attentive,Forward,True,202,15.8
2026-08-16 12:35:19,97,Highly Attentive,Forward,True,203,15.9
2026-08-16 12:35:20,100,Highly Attentive,Forward,True,203,15.8
2026-08-16 12:35:21,100,Highly Attentive,Forward,True,203,15.8
2026-08-16 12:35:22,100,Highly Attentive,Forward,True,203,15.8
2026-08-16 12:35:23,97,Highly Attentive,Forward,True,204,15.9
2026-08-16 12:35:24,100,Highly Attentive,Forward,True,204,15.8
2026-08-16 12:35:25,100,Highly Attentive,Forward,True,204,15.8
2026-08-16 12:35:26,100,Highly Attentive,Forward,True,204,15.8
2026-08-16 12:35:27,86,Highly Attentive,Forward,False,204,15.8
2026-08-16 12:35:28,89,Highly Attentive,Forward,True,206,15.9
2026-08-16 12:35:29,100,Highly Attentive,Forward,True,206,15.9
2026-08-16 12:35:30,100,Highly Attentive,Forward,True,206,15.9
2026-08-16 12:35:31,100,Highly Attentive,Forward,True,206,15.8
2026-08-16 12:35:32,100,Highly Attentive,Forward,True,206,15.8
2026-08-16 12:35:33,100,Highly Attentive,Forward,True,206,15.8
2026-08-16 12:35:34,100,Highly Attentive,Forward,True,206,15.8
2026-08-16 12:35:35,100,Highly Attentive,Forward,True,206,15.8
2026-08-16 12:35:36,100,Highly Attentive,Forward,True,206,15.7
2026-08-16 12:35:37,100,Highly Attentive,Forward,True,206,15.7
2026-08-16 12:35:38,100,Highly Attentive,Forward,True,206,15.7
2026-08-16 12:35:39,100,Highly Attentive,Forward,True,206,15.7
2026-08-16 12:35:40,100,Highly Attentive,Forward,True,206,15.7
2026-08-16 12:35:41,100,Highly Attentive,Forward,True,206,15.6
2026-08-16 12:35:42,98,Highly Attentive,Forward,False,206,15.6
2026-08-16 12:35:43,100,Highly Attentive,Forward,True,207,15.7
2026-08-16 12:35:44,100,Highly Attentive,Forward,True,207,15.6
2026-08-16 12:35:45,90,Highly Attentive,Forward,False,208,15.7
2026-08-16 12:35:46,100,Highly Attentive,Forward,True,209,15.8
2026-08-16 12:35:48,100,Highly Attentive,Forward,True,209,15.7
2026-08-16 12:35:49,100,Highly Attentive,Forward,True,209,15.7
2026-08-16 12:35:50,100,Highly Attentive,Forward,True,209,15.7
2026-08-16 12:35:51,100,Highly Attentive,Forward,True,209,15.7
2026-08-16 12:35:52,96,Highly Attentive,Forward,True,210,15.7
2026-08-16 12:35:53,100,Highly Attentive,Forward,True,210,15.7
2026-08-16 12:35:54,100,Highly Attentive,Forward,True,210,15.7
2026-08-16 12:35:55,100,Highly Attentive,Forward,True,210,15.7
2026-08-16 12:35:56,100,Highly Attentive,Forward,True,210,15.7
2026-08-16 12:35:57,100,Highly Attentive,Forward,True,210,15.6
2026-08-16 12:35:58,100,Highly Attentive,Forward,True,210,15.6
2026-08-16 12:35:59,100,Highly Attentive,Forward,True,210,15.6
2026-08-16 12:36:00,100,Highly Attentive,Forward,True,210,15.6
2026-08-16 12:36:01,97,Highly Attentive,Forward,True,211,15.6
2026-08-16 12:36:02,100,Highly Attentive,Forward,True,211,15.6
2026-08-16 12:36:03,100,Highly Attentive,Forward,True,211,15.6
2026-08-16 12:36:04,100,Highly Attentive,Forward,True,211,15.6
2026-08-16 12:36:05,100,Highly Attentive,Forward,True,211,15.6
2026-08-16 12:36:06,100,Highly Attentive,Forward,True,211,15.5
2026-08-16 12:36:07,100,Highly Attentive,Forward,True,211,15.5
2026-08-16 12:36:08,100,Highly Attentive,Forward,True,211,15.5
2026-08-16 12:36:09,100,Highly Attentive,Forward,True,211,15.5
2026-08-16 12:36:10,100,Highly Attentive,Forward,True,211,15.5
2026-08-16 12:36:11,100,Highly Attentive,Forward,True,211,15.4
2026-08-16 12:36:12,100,Highly Attentive,Forward,True,211,15.4
2026-08-16 12:36:13,100,Highly Attentive,Forward,True,211,15.4
2026-08-16 12:36:14,100,Highly Attentive,Forward,True,211,15.4
2026-08-16 12:36:15,100,Highly Attentive,Forward,True,211,15.4
2026-08-16 12:36:16,100,Highly Attentive,Forward,True,211,15.3
2026-08-16 12:36:17,100,Highly Attentive,Forward,True,211,15.3
2026-08-16 12:36:18,100,Highly Attentive,Forward,True,211,15.3
2026-08-16 12:36:19,100,Highly Attentive,Forward,True,211,15.3
2026-08-16 12:36:20,100,Highly Attentive,Forward,True,211,15.3
2026-08-16 12:36:21,100,Highly Attentive,Forward,True,211,15.2
2026-08-16 12:36:22,100,Highly Attentive,Forward,True,211,15.2
2026-08-16 12:36:23,100,Highly Attentive,Forward,True,211,15.2
2026-08-16 12:36:24,100,Highly Attentive,Forward,True,211,15.2
2026-08-16 12:36:25,100,Highly Attentive,Forward,True,211,15.2
2026-08-16 12:36:26,100,Highly Attentive,Forward,True,211,15.2
2026-08-16 12:36:27,100,Highly Attentive,Forward,True,211,15.1
2026-08-16 12:36:28,100,Highly Attentive,Forward,True,211,15.1
2026-08-16 12:36:29,100,Highly Attentive,Forward,True,211,15.1
2026-08-16 12:36:30,100,Highly Attentive,Forward,True,211,15.1
2026-08-16 12:36:31,100,Highly Attentive,Forward,True,211,15.1
2026-08-16 12:36:32,100,Highly Attentive,Forward,True,211,15.0
2026-08-16 12:36:33,100,Highly Attentive,Forward,True,211,15.0
2026-08-16 12:36:34,100,Highly Attentive,Forward,True,211,15.0
2026-08-16 12:36:35,100,Highly Attentive,Forward,True,211,15.0
2026-08-16 12:36:37,100,Highly Attentive,Forward,True,211,15.0
2026-08-16 12:36:38,100,Highly Attentive,Forward,True,211,15.0
2026-08-16 12:36:39,100,Highly Attentive,Forward,True,211,14.9
2026-08-16 12:36:40,100,Highly Attentive,Forward,True,211,14.9
2026-08-16 12:36:41,86,Highly Attentive,Right,False,211,14.9
2026-08-16 12:36:42,57,Slightly Distracted,Forward,False,213,15.0
2026-08-16 12:36:43,93,Highly Attentive,Forward,True,214,15.1
2026-08-16 12:36:44,96,Highly Attentive,Forward,True,215,15.1
2026-08-16 12:36:45,66,Slightly Distracted,Right,True,215,15.1
2026-08-16 12:36:46,67,Slightly Distracted,Forward,True,216,15.2
2026-08-16 12:36:47,100,Highly Attentive,Forward,True,216,15.1
2026-08-16 12:36:48,96,Highly Attentive,Forward,True,217,15.2
2026-08-16 12:36:49,97,Highly Attentive,Forward,True,218,15.2
2026-08-16 12:36:50,100,Highly Attentive,Forward,True,218,15.2
2026-08-16 12:36:51,100,Highly Attentive,Forward,True,218,15.2
2026-08-16 12:36:52,100,Highly Attentive,Forward,True,218,15.2
2026-08-16 12:36:53,95,Highly Attentive,Forward,False,219,15.2
2026-08-16 12:36:54,99,Highly Attentive,Forward,True,220,15.3
2026-08-16 12:36:55,100,Highly Attentive,Forward,True,220,15.3
2026-08-16 12:36:56,100,Highly Attentive,Forward,True,220,15.3
2026-08-16 12:36:57,100,Highly Attentive,Forward,True,220,15.2
2026-08-16 12:36:58,97,Highly Attentive,Forward,True,221,15.3
2026-08-16 12:36:59,100,Highly Attentive,Forward,True,221,15.3
2026-08-16 12:37:00,100,Highly Attentive,Forward,True,221,15.3
2026-08-16 12:37:01,100,Highly Attentive,Forward,True,221,15.2
2026-08-16 12:37:02,100,Highly Attentive,Forward,True,221,15.2
2026-08-16 12:37:03,100,Highly Attentive,Forward,True,221,15.2
2026-08-16 12:37:04,99,Highly Attentive,Forward,True,221,15.2
2026-08-16 12:37:05,100,Highly Attentive,Forward,True,221,15.2
2026-08-16 12:37:06,100,Highly Attentive,Forward,True,221,15.1
2026-08-16 12:37:07,100,Highly Attentive,Forward,True,221,15.1
2026-08-16 12:37:08,100,Highly Attentive,Forward,True,221,15.1
2026-08-16 12:37:09,97,Highly Attentive,Forward,True,222,15.2
2026-08-16 12:37:10,100,Highly Attentive,Forward,True,222,15.1
2026-08-16 12:37:11,100,Highly Attentive,Forward,True,222,15.1
2026-08-16 12:37:12,100,Highly Attentive,Forward,True,222,15.1
2026-08-16 12:37:13,97,Highly Attentive,Forward,True,223,15.2
2026-08-16 12:37:14,100,Highly Attentive,Forward,True,223,15.1
2026-08-16 12:37:15,100,Highly Attentive,Forward,True,223,15.1
2026-08-16 12:37:16,100,Highly Attentive,Forward,True,223,15.1
2026-08-16 12:37:17,100,Highly Attentive,Forward,True,223,15.1
2026-08-16 12:37:18,97,Highly Attentive,Forward,True,224,15.1
2026-08-16 12:37:19,100,Highly Attentive,Forward,True,224,15.1
2026-08-16 12:37:20,97,Highly Attentive,Forward,True,225,15.2
2026-08-16 12:37:21,97,Highly Attentive,Forward,True,226,15.2
2026-08-16 12:37:22,100,Highly Attentive,Forward,True,226,15.2
2026-08-16 12:37:23,100,Highly Attentive,Forward,True,226,15.2
2026-08-16 12:37:24,100,Highly Attentive,Forward,True,226,15.2
2026-08-16 12:37:26,100,Highly Attentive,Forward,True,226,15.2
2026-08-16 12:37:27,100,Highly Attentive,Forward,True,226,15.1
2026-08-16 12:37:28,100,Highly Attentive,Forward,True,226,15.1
2026-08-16 12:37:29,100,Highly Attentive,Forward,True,226,15.1
2026-08-16 12:37:30,100,Highly Attentive,Forward,True,226,15.1
2026-08-16 12:37:31,100,Highly Attentive,Forward,True,226,15.1
2026-08-16 12:37:32,100,Highly Attentive,Forward,True,226,15.1
2026-08-16 12:37:33,97,Highly Attentive,Forward,True,227,15.1
2026-08-16 12:37:34,100,Highly Attentive,Forward,True,227,15.1
2026-08-16 12:37:35,100,Highly Attentive,Forward,True,227,15.1
2026-08-16 12:37:36,100,Highly Attentive,Forward,True,227,15.1
2026-08-16 12:37:37,100,Highly Attentive,Forward,True,227,15.0
2026-08-16 12:37:38,100,Highly Attentive,Forward,True,227,15.0
2026-08-16 12:37:39,100,Highly Attentive,Forward,True,227,15.0
2026-08-16 12:37:40,100,Highly Attentive,Forward,True,227,15.0
2026-08-16 12:37:41,88,Highly Attentive,Forward,True,228,15.0
2026-08-16 12:37:42,97,Highly Attentive,Forward,True,229,15.1
2026-08-16 12:37:43,100,Highly Attentive,Forward,True,229,15.1
2026-08-16 12:37:44,100,Highly Attentive,Forward,True,229,15.0
2026-08-16 12:37:45,97,Highly Attentive,Forward,True,230,15.1
2026-08-16 12:37:46,100,Highly Attentive,Forward,True,230,15.1
2026-08-16 12:37:47,100,Highly Attentive,Forward,True,230,15.1
2026-08-16 12:37:48,100,Highly Attentive,Forward,True,230,15.0
2026-08-16 12:37:49,100,Highly Attentive,Forward,True,230,15.0
2026-08-16 12:37:50,97,Highly Attentive,Forward,True,231,15.1
2026-08-16 12:37:51,100,Highly Attentive,Forward,True,231,15.1
2026-08-16 12:37:52,100,Highly Attentive,Forward,True,231,15.0
2026-08-16 12:37:53,100,Highly Attentive,Forward,True,231,15.0
2026-08-16 12:37:54,100,Highly Attentive,Forward,True,231,15.0
2026-08-16 12:37:55,100,Highly Attentive,Forward,True,231,15.0
2026-08-16 12:37:56,100,Highly Attentive,Forward,True,231,15.0
2026-08-16 12:37:57,100,Highly Attentive,Forward,True,231,15.0
2026-08-16 12:37:58,100,Highly Attentive,Forward,True,231,14.9
2026-08-16 12:37:59,100,Highly Attentive,Forward,True,231,14.9
2026-08-16 12:38:00,100,Highly Attentive,Forward,True,231,14.9
2026-08-16 12:38:01,100,Highly Attentive,Forward,True,231,14.9
2026-08-16 12:38:02,100,Highly Attentive,Forward,True,231,14.9
2026-08-16 12:38:03,100,Highly Attentive,Forward,True,231,14.9
2026-08-16 12:38:04,100,Highly Attentive,Forward,True,231,14.8
2026-08-16 12:38:05,100,Highly Attentive,Forward,True,231,14.8
2026-08-16 12:38:06,100,Highly Attentive,Forward,True,231,14.8
2026-08-16 12:38:07,100,Highly Attentive,Forward,True,231,14.8
2026-08-16 12:38:08,100,Highly Attentive,Forward,True,231,14.8
2026-08-16 12:38:09,100,Highly Attentive,Forward,True,231,14.8
2026-08-16 12:38:10,100,Highly Attentive,Forward,True,231,14.8
2026-08-16 12:38:11,100,Highly Attentive,Forward,True,231,14.7
2026-08-16 12:38:12,100,Highly Attentive,Forward,True,231,14.7
2026-08-16 12:38:13,100,Highly Attentive,Forward,True,231,14.7
2026-08-16 12:38:14,100,Highly Attentive,Forward,True,231,14.7
2026-08-16 12:38:16,96,Highly Attentive,Forward,True,231,14.7
2026-08-16 12:38:17,88,Highly Attentive,Left,True,231,14.7
2026-08-16 12:38:18,65,Slightly Distracted,Left,True,231,14.6
2026-08-16 12:38:19,76,Attentive,Forward,True,232,14.7
2026-08-16 12:38:20,100,Highly Attentive,Forward,True,232,14.7
2026-08-16 12:38:21,84,Attentive,Left,False,232,14.7
2026-08-16 12:38:22,82,Attentive,Forward,True,233,14.7
2026-08-16 12:38:23,100,Highly Attentive,Forward,True,233,14.7
2026-08-16 12:38:24,100,Highly Attentive,Forward,True,233,14.7
2026-08-16 12:38:25,100,Highly Attentive,Forward,True,233,14.7
2026-08-16 12:38:26,100,Highly Attentive,Forward,True,233,14.6
2026-08-16 12:38:27,100,Highly Attentive,Forward,True,233,14.6
2026-08-16 12:38:28,97,Highly Attentive,Forward,True,234,14.7
2026-08-16 12:38:29,100,Highly Attentive,Forward,True,234,14.7
2026-08-16 12:38:30,100,Highly Attentive,Forward,True,234,14.6
2026-08-16 12:38:31,100,Highly Attentive,Forward,True,234,14.6
2026-08-16 12:38:32,95,Highly Attentive,Left,True,234,14.6
2026-08-16 12:38:33,91,Highly Attentive,Forward,True,234,14.6
2026-08-16 12:38:34,100,Highly Attentive,Forward,True,234,14.6
2026-08-16 12:38:35,100,Highly Attentive,Forward,True,234,14.6
2026-08-16 12:38:36,85,Attentive,Forward,True,234,14.5
2026-08-16 12:38:37,100,Highly Attentive,Forward,True,234,14.5
2026-08-16 12:38:38,100,Highly Attentive,Forward,True,234,14.5
2026-08-16 12:38:39,100,Highly Attentive,Forward,True,234,14.5
2026-08-16 12:38:40,100,Highly Attentive,Forward,True,234,14.5
2026-08-16 12:38:41,100,Highly Attentive,Forward,True,234,14.5
2026-08-16 12:38:42,100,Highly Attentive,Forward,True,234,14.5
2026-08-16 12:38:43,100,Highly Attentive,Forward,True,234,14.4
2026-08-16 12:38:44,100,Highly Attentive,Forward,True,234,14.4
2026-08-16 12:38:45,100,Highly Attentive,Forward,True,234,14.4
2026-08-16 12:38:46,100,Highly Attentive,Forward,True,234,14.4
2026-08-16 12:38:47,93,Highly Attentive,Forward,False,235,14.4
2026-08-16 12:38:48,97,Highly Attentive,Forward,True,236,14.5
2026-08-16 12:38:49,60,Slightly Distracted,Left,False,236,14.5
2026-08-16 12:38:50,45,Distracted,Left,False,236,14.5
2026-08-16 12:38:51,73,Attentive,Forward,False,236,14.4
2026-08-16 12:38:52,65,Slightly Distracted,Down,True,237,14.5
2026-08-16 12:38:53,74,Attentive,Down,False,237,14.5
2026-08-16 12:38:54,45,Distracted,Down,False,237,14.5
2026-08-16 12:38:55,45,Distracted,Down,False,237,14.4
2026-08-16 12:38:56,45,Distracted,Down,False,237,14.4
2026-08-16 12:38:57,45,Distracted,Down,False,237,14.4
2026-08-16 12:38:58,45,Distracted,Down,False,237,14.4
2026-08-16 12:38:59,68,Slightly Distracted,Forward,True,238,14.4
2026-08-16 12:39:00,94,Highly Attentive,Forward,False,238,14.4
2026-08-16 12:39:01,75,Attentive,Down,False,238,14.4
2026-08-16 12:39:02,45,Distracted,Down,False,238,14.4
2026-08-16 12:39:03,63,Slightly Distracted,Down,True,239,14.4
2026-08-16 12:39:04,64,Slightly Distracted,Down,True,239,14.4
2026-08-16 12:39:05,46,Distracted,Down,False,239,14.4
2026-08-16 12:39:07,45,Distracted,Down,False,239,14.4
2026-08-16 12:39:08,45,Distracted,Down,False,239,14.4
2026-08-16 12:39:09,45,Distracted,Down,False,239,14.4
2026-08-16 12:39:10,45,Distracted,Down,False,239,14.4
2026-08-16 12:39:11,45,Distracted,Down,False,239,14.3
2026-08-16 12:39:12,45,Distracted,Down,False,239,14.3
2026-08-16 12:39:13,45,Distracted,Down,False,239,14.3
2026-08-16 12:39:14,45,Distracted,Down,False,239,14.3
2026-08-16 12:39:15,45,Distracted,Down,False,239,14.3
2026-08-16 12:39:16,46,Distracted,Down,True,240,14.3
2026-08-16 12:39:17,60,Slightly Distracted,Down,False,240,14.3
2026-08-16 12:39:18,45,Distracted,Down,False,240,14.3
2026-08-16 12:39:19,46,Distracted,Down,False,241,14.3
2026-08-16 12:39:20,50,Distracted,Down,False,242,14.4
2026-08-16 12:39:21,45,Distracted,Down,False,242,14.4
2026-08-16 12:39:22,61,Slightly Distracted,Down,True,244,14.5
2026-08-16 12:39:23,65,Slightly Distracted,Down,True,244,14.5
2026-08-16 12:39:24,50,Slightly Distracted,Down,False,245,14.5
2026-08-16 12:39:25,45,Distracted,Down,False,245,14.5
2026-08-16 12:39:26,45,Distracted,Down,False,245,14.5
2026-08-16 12:39:27,45,Distracted,Down,False,245,14.5
2026-08-16 12:39:28,45,Distracted,Down,False,245,14.5
2026-08-16 12:39:29,45,Distracted,Down,False,245,14.4
2026-08-16 12:39:30,45,Distracted,Down,False,245,14.4
2026-08-16 12:39:31,45,Distracted,Down,False,245,14.4
2026-08-16 12:39:32,45,Distracted,Down,False,245,14.4
2026-08-16 12:39:33,45,Distracted,Down,False,245,14.4
2026-08-16 12:39:34,46,Distracted,Down,False,247,14.5
2026-08-16 12:39:35,50,Distracted,Down,True,249,14.6
2026-08-16 12:39:36,48,Distracted,Down,False,251,14.7
2026-08-16 12:39:37,46,Distracted,Down,False,252,14.7
2026-08-16 12:39:38,46,Distracted,Down,False,253,14.8
2026-08-16 12:39:39,46,Distracted,Down,False,254,14.8
2026-08-16 12:39:40,48,Distracted,Down,True,256,14.9
2026-08-16 12:39:41,59,Slightly Distracted,Down,False,257,15.0
2026-08-16 12:39:42,55,Slightly Distracted,Down,False,260,15.1
2026-08-16 12:39:43,64,Slightly Distracted,Down,True,261,15.2
2026-08-16 12:39:44,48,Distracted,Down,False,263,15.3
2026-08-16 12:39:45,52,Slightly Distracted,Down,True,267,15.5
2026-08-16 12:39:46,61,Slightly Distracted,Down,True,267,15.5
2026-08-16 12:39:47,46,Distracted,Down,False,267,15.5
2026-08-16 12:39:48,45,Distracted,Down,False,267,15.4
2026-08-16 12:39:49,45,Distracted,Down,False,267,15.4
2026-08-16 12:39:50,45,Distracted,Down,False,267,15.4
2026-08-16 12:39:51,45,Distracted,Down,False,267,15.4
2026-08-16 12:39:52,45,Distracted,Down,False,267,15.4
2026-08-16 12:39:53,49,Distracted,Down,False,268,15.4
2026-08-16 12:39:54,45,Distracted,Down,False,268,15.4
2026-08-16 12:39:55,45,Distracted,Down,False,268,15.4
2026-08-16 12:39:57,46,Distracted,Down,False,269,15.4
2026-08-16 12:39:58,51,Slightly Distracted,Down,False,271,15.5
2026-08-16 12:39:59,45,Distracted,Down,False,271,15.5
2026-08-16 12:40:00,45,Distracted,Down,False,271,15.5
2026-08-16 12:40:01,45,Distracted,Down,False,271,15.5
2026-08-16 12:40:02,46,Distracted,Down,False,272,15.5
2026-08-16 12:40:03,54,Slightly Distracted,Down,True,274,15.6
2026-08-16 12:40:04,51,Slightly Distracted,Down,False,275,15.7
2026-08-16 12:40:05,47,Distracted,Down,True,277,15.8
2026-08-16 12:40:06,54,Slightly Distracted,Down,True,281,16.0
2026-08-16 12:40:07,46,Distracted,Down,False,282,16.0
2026-08-16 12:40:08,61,Slightly Distracted,Down,True,283,16.1
2026-08-16 12:40:09,61,Slightly Distracted,Down,False,283,16.0
2026-08-16 12:40:10,47,Distracted,Down,False,285,16.1
2026-08-16 12:40:11,45,Distracted,Down,False,285,16.1
2026-08-16 12:40:12,45,Distracted,Down,False,285,16.1
2026-08-16 12:40:13,46,Distracted,Down,False,287,16.2
2026-08-16 12:40:14,52,Slightly Distracted,Down,True,289,16.3
2026-08-16 12:40:15,60,Slightly Distracted,Down,True,291,16.4
2026-08-16 12:40:16,47,Distracted,Down,False,292,16.4
2026-08-16 12:40:17,46,Distracted,Down,False,293,16.5
2026-08-16 12:40:18,45,Distracted,Down,False,293,16.5
2026-08-16 12:40:19,45,Distracted,Down,False,293,16.5
2026-08-16 12:40:20,47,Distracted,Down,True,295,16.6
2026-08-16 12:40:21,48,Distracted,Down,False,296,16.6
2026-08-16 12:40:22,45,Distracted,Down,False,296,16.6
2026-08-16 12:40:23,48,Distracted,Down,False,298,16.7
2026-08-16 12:40:24,46,Distracted,Down,True,299,16.7
2026-08-16 12:40:25,48,Distracted,Down,False,299,16.7
2026-08-16 12:40:26,45,Distracted,Down,False,299,16.7
2026-08-16 12:40:27,46,Distracted,Down,False,301,16.8
2026-08-16 12:40:28,45,Distracted,Down,False,301,16.8
2026-08-16 12:40:29,49,Distracted,Down,False,302,16.8
2026-08-16 12:40:30,46,Distracted,Down,True,304,16.9
2026-08-16 12:40:31,46,Distracted,Down,False,304,16.9
2026-08-16 12:40:32,45,Distracted,Down,False,304,16.9
2026-08-16 12:40:33,45,Distracted,Down,False,304,16.9
2026-08-16 12:40:34,45,Distracted,Down,False,304,16.8
2026-08-16 12:40:35,45,Distracted,Down,False,304,16.8
2026-08-16 12:40:36,45,Distracted,Down,False,304,16.8
2026-08-16 12:40:37,45,Distracted,Down,False,304,16.8
2026-08-16 12:40:38,45,Distracted,Down,False,304,16.8
2026-08-16 12:40:39,45,Distracted,Down,False,304,16.8
2026-08-16 12:40:40,45,Distracted,Down,False,304,16.7
2026-08-16 12:40:41,45,Distracted,Down,False,304,16.7
2026-08-16 12:40:42,45,Distracted,Down,False,304,16.7
2026-08-16 12:40:43,45,Distracted,Down,False,304,16.7
2026-08-16 12:40:44,47,Distracted,Down,False,305,16.7
2026-08-16 12:40:46,48,Distracted,Down,False,308,16.9
2026-08-16 12:40:47,45,Distracted,Down,False,308,16.9
2026-08-16 12:40:48,55,Slightly Distracted,Down,False,309,16.9
2026-08-16 12:40:49,45,Distracted,Down,False,309,16.9
2026-08-16 12:40:50,45,Distracted,Down,False,309,16.9
2026-08-16 12:40:51,45,Distracted,Down,False,309,16.9
2026-08-16 12:40:52,45,Distracted,Down,False,309,16.8
2026-08-16 12:40:53,45,Distracted,Down,False,309,16.8
2026-08-16 12:40:54,45,Distracted,Down,False,309,16.8
2026-08-16 12:40:55,45,Distracted,Down,False,309,16.8
2026-08-16 12:40:56,45,Distracted,Down,False,309,16.8
2026-08-16 12:40:57,47,Distracted,Down,False,310,16.8
2026-08-16 12:41:31,50,Distracted,Down,True,311,16.4
2026-08-16 12:41:32,64,Slightly Distracted,Left,True,311,16.3
2026-08-16 12:41:33,79,Attentive,Forward,True,311,16.3
2026-08-16 12:41:34,92,Highly Attentive,Forward,True,311,16.3
2026-08-16 12:41:35,93,Highly Attentive,Forward,True,311,16.3
2026-08-16 12:41:36,73,Attentive,Left,True,311,16.3
2026-08-16 12:41:52,62,Slightly Distracted,Down,True,312,16.1
2026-08-16 12:41:53,56,Slightly Distracted,Down,False,313,16.2
2026-08-16 12:41:54,48,Distracted,Down,False,313,16.1
2026-08-16 12:41:55,68,Slightly Distracted,Forward,False,313,16.1
2026-08-16 12:41:56,68,Slightly Distracted,Down,False,313,16.1
2026-08-16 12:41:57,66,Slightly Distracted,Down,False,313,16.1
2026-08-16 12:41:58,45,Distracted,Down,False,313,16.1
2026-08-16 12:41:59,58,Slightly Distracted,Down,True,314,16.1
2026-08-16 12:42:00,46,Distracted,Down,False,314,16.1
2026-08-16 12:42:01,45,Distracted,Down,False,314,16.1
2026-08-16 12:42:02,46,Distracted,Down,False,315,16.1
2026-08-16 12:42:03,48,Distracted,Down,True,316,16.2
2026-08-16 12:42:05,47,Distracted,Down,False,316,16.2
2026-08-16 12:42:06,45,Distracted,Down,False,316,16.1
2026-08-16 12:42:07,45,Distracted,Down,False,316,16.1
2026-08-16 12:42:08,45,Distracted,Down,False,316,16.1
2026-08-16 12:42:09,45,Distracted,Down,False,316,16.1
2026-08-16 12:42:10,45,Distracted,Down,False,316,16.1
2026-08-16 12:42:11,45,Distracted,Down,False,316,16.1
2026-08-16 12:42:12,50,Slightly Distracted,Down,True,318,16.2
2026-08-16 12:42:13,45,Distracted,Down,False,318,16.1
2026-08-16 12:42:14,45,Distracted,Down,False,318,16.1
2026-08-16 12:42:15,45,Distracted,Down,False,318,16.1
2026-08-16 12:42:16,45,Distracted,Down,False,318,16.1
2026-08-16 12:42:17,46,Distracted,Down,True,319,16.1
2026-08-16 12:42:18,77,Attentive,Forward,True,319,16.1
2026-08-16 12:42:19,100,Highly Attentive,Forward,True,319,16.1
2026-08-16 12:42:20,98,Highly Attentive,Forward,True,320,16.1
2026-08-16 12:42:21,100,Highly Attentive,Forward,True,320,16.1
2026-08-16 12:42:22,100,Highly Attentive,Forward,True,320,16.1
2026-08-16 12:42:23,100,Highly Attentive,Forward,True,320,16.1
2026-08-16 12:42:24,98,Highly Attentive,Down,True,320,16.1
2026-08-16 12:42:25,65,Slightly Distracted,Down,True,320,16.1
2026-08-16 12:42:26,94,Highly Attentive,Forward,True,321,16.1
2026-08-16 12:42:27,100,Highly Attentive,Forward,True,321,16.1
2026-08-16 12:42:28,100,Highly Attentive,Forward,True,321,16.1
2026-08-16 12:42:29,100,Highly Attentive,Forward,True,321,16.1
2026-08-16 12:42:30,100,Highly Attentive,Forward,True,321,16.1
2026-08-16 12:42:31,100,Highly Attentive,Forward,True,321,16.0
2026-08-16 12:42:32,100,Highly Attentive,Forward,True,321,16.0
2026-08-16 12:42:33,100,Highly Attentive,Forward,True,321,16.0
2026-08-16 12:42:34,100,Highly Attentive,Forward,True,321,16.0
2026-08-16 12:42:35,100,Highly Attentive,Forward,True,321,16.0
2026-08-16 12:42:36,100,Highly Attentive,Forward,True,321,16.0
2026-08-16 12:42:37,93,Highly Attentive,Left,True,321,16.0
2026-08-16 12:42:38,65,Slightly Distracted,Left,True,321,16.0
2026-08-16 12:42:39,65,Slightly Distracted,Left,True,321,15.9
2026-08-16 12:42:40,65,Slightly Distracted,Left,True,321,15.9
2026-08-16 12:42:41,65,Slightly Distracted,Left,True,321,15.9
2026-08-16 12:42:42,65,Slightly Distracted,Left,True,321,15.9
2026-08-16 12:42:43,65,Slightly Distracted,Left,True,321,15.9
2026-08-16 12:42:44,65,Slightly Distracted,Left,True,321,15.9
2026-08-16 12:42:45,65,Slightly Distracted,Left,True,321,15.9
2026-08-16 12:42:46,65,Slightly Distracted,Left,True,321,15.8
2026-08-16 12:42:47,96,Highly Attentive,Forward,True,321,15.8
2026-08-16 12:42:48,100,Highly Attentive,Forward,True,321,15.8
2026-08-16 12:42:49,100,Highly Attentive,Forward,True,321,15.8
2026-08-16 12:42:50,87,Highly Attentive,Down,True,321,15.8
2026-08-16 12:42:51,90,Highly Attentive,Forward,True,321,15.8
2026-08-16 12:42:52,98,Highly Attentive,Forward,True,322,15.8
2026-08-16 12:42:53,100,Highly Attentive,Forward,True,322,15.8
2026-08-16 12:42:55,100,Highly Attentive,Forward,True,322,15.8
2026-08-16 12:42:56,80,Attentive,Left,True,322,15.8
2026-08-16 12:42:57,81,Attentive,Forward,True,322,15.8
2026-08-16 12:42:58,100,Highly Attentive,Forward,True,322,15.7
2026-08-16 12:42:59,58,Slightly Distracted,Down,True,323,15.8
2026-08-16 12:43:00,92,Highly Attentive,Forward,True,323,15.8
2026-08-16 12:43:01,100,Highly Attentive,Forward,True,323,15.8
2026-08-16 12:43:02,100,Highly Attentive,Forward,True,323,15.7
2026-08-16 12:43:03,100,Highly Attentive,Forward,True,323,15.7
2026-08-16 12:43:04,100,Highly Attentive,Forward,True,323,15.7
2026-08-16 12:43:05,100,Highly Attentive,Forward,True,323,15.7
2026-08-16 12:43:06,100,Highly Attentive,Forward,True,323,15.7
2026-08-16 12:43:07,100,Highly Attentive,Forward,True,323,15.7
2026-08-16 12:43:08,100,Highly Attentive,Forward,True,323,15.7
2026-08-16 12:43:09,100,Highly Attentive,Forward,True,323,15.7
2026-08-16 12:43:10,100,Highly Attentive,Forward,True,323,15.6
2026-08-16 12:43:11,100,Highly Attentive,Forward,True,323,15.6
2026-08-16 12:43:12,100,Highly Attentive,Forward,True,323,15.6
2026-08-16 12:43:13,100,Highly Attentive,Forward,True,323,15.6
2026-08-16 12:43:14,100,Highly Attentive,Forward,True,323,15.6
2026-08-16 12:43:15,100,Highly Attentive,Forward,True,323,15.6
2026-08-16 12:43:16,96,Highly Attentive,Forward,True,324,15.6
2026-08-16 12:43:17,100,Highly Attentive,Forward,True,324,15.6
2026-08-16 12:43:18,100,Highly Attentive,Forward,True,324,15.6
2026-08-16 12:43:19,100,Highly Attentive,Forward,True,324,15.6
2026-08-16 12:43:20,100,Highly Attentive,Forward,True,324,15.6
2026-08-16 12:43:21,100,Highly Attentive,Forward,True,324,15.5
2026-08-16 12:43:22,100,Highly Attentive,Forward,True,324,15.5
2026-08-16 12:43:23,100,Highly Attentive,Forward,True,324,15.5
2026-08-16 12:43:24,97,Highly Attentive,Forward,True,325,15.6
2026-08-16 12:43:25,100,Highly Attentive,Forward,True,325,15.5
2026-08-16 12:43:26,100,Highly Attentive,Forward,True,325,15.5
2026-08-16 12:43:27,98,Highly Attentive,Forward,True,326,15.6
2026-08-16 12:43:28,100,Highly Attentive,Forward,True,326,15.6
2026-08-16 12:43:29,100,Highly Attentive,Forward,True,326,15.5
2026-08-16 12:43:30,100,Highly Attentive,Forward,True,326,15.5
2026-08-16 12:43:31,100,Highly Attentive,Forward,True,326,15.5
2026-08-16 12:43:32,100,Highly Attentive,Forward,True,326,15.5
2026-08-16 12:43:33,100,Highly Attentive,Forward,True,326,15.5
2026-08-16 12:43:34,100,Highly Attentive,Forward,True,326,15.5
2026-08-16 12:43:35,100,Highly Attentive,Forward,True,326,15.5
2026-08-16 12:43:36,99,Highly Attentive,Forward,True,326,15.5
2026-08-16 12:43:37,100,Highly Attentive,Forward,True,326,15.4
2026-08-16 12:43:38,93,Highly Attentive,Forward,True,326,15.4
2026-08-16 12:43:39,79,Attentive,Forward,True,328,15.5
2026-08-16 12:43:40,90,Highly Attentive,Forward,True,328,15.5
2026-08-16 12:43:41,100,Highly Attentive,Forward,True,328,15.5
2026-08-16 12:43:42,100,Highly Attentive,Forward,True,328,15.5
2026-08-16 12:43:44,98,Highly Attentive,Forward,True,329,15.5
2026-08-16 12:43:45,100,Highly Attentive,Forward,True,329,15.5
2026-08-16 12:43:46,100,Highly Attentive,Forward,True,329,15.5
2026-08-16 12:43:47,100,Highly Attentive,Forward,True,329,15.5
2026-08-16 12:43:48,100,Highly Attentive,Forward,True,329,15.5
2026-08-16 12:43:49,100,Highly Attentive,Forward,True,329,15.4
2026-08-16 12:43:50,100,Highly Attentive,Forward,True,329,15.4
2026-08-16 12:43:51,100,Highly Attentive,Forward,True,329,15.4
2026-08-16 12:43:52,100,Highly Attentive,Forward,True,329,15.4
2026-08-16 12:43:53,100,Highly Attentive,Forward,True,329,15.4
2026-08-16 12:43:54,100,Highly Attentive,Forward,True,329,15.4
2026-08-16 12:43:55,100,Highly Attentive,Forward,True,329,15.4
2026-08-16 12:43:56,100,Highly Attentive,Forward,True,329,15.4
2026-08-16 12:43:57,90,Highly Attentive,Forward,False,331,15.4
2026-08-16 12:43:58,99,Highly Attentive,Forward,True,332,15.5
2026-08-16 12:43:59,100,Highly Attentive,Forward,True,332,15.5
2026-08-16 12:44:00,100,Highly Attentive,Forward,True,332,15.5
2026-08-16 12:44:01,100,Highly Attentive,Forward,True,332,15.4
2026-08-16 12:44:02,100,Highly Attentive,Forward,True,332,15.4
2026-08-16 12:44:03,100,Highly Attentive,Forward,True,332,15.4
2026-08-16 12:44:04,100,Highly Attentive,Forward,True,332,15.4
2026-08-16 12:44:05,100,Highly Attentive,Forward,True,332,15.4
2026-08-16 12:44:06,100,Highly Attentive,Forward,True,332,15.4
2026-08-16 12:44:07,100,Highly Attentive,Forward,True,332,15.4
2026-08-16 12:44:08,100,Highly Attentive,Forward,True,332,15.4
2026-08-16 12:44:09,100,Highly Attentive,Forward,True,332,15.3
2026-08-16 12:44:10,100,Highly Attentive,Forward,True,332,15.3
2026-08-16 12:44:11,100,Highly Attentive,Forward,True,332,15.3
2026-08-16 12:44:12,100,Highly Attentive,Forward,True,332,15.3
2026-08-16 12:44:13,99,Highly Attentive,Forward,True,332,15.3
2026-08-16 12:44:14,100,Highly Attentive,Forward,True,332,15.3
2026-08-16 12:44:15,100,Highly Attentive,Forward,True,332,15.3
2026-08-16 12:44:16,100,Highly Attentive,Forward,True,332,15.3
2026-08-16 12:44:17,98,Highly Attentive,Forward,True,333,15.3
2026-08-16 12:44:18,100,Highly Attentive,Forward,True,333,15.3
2026-08-16 12:44:19,100,Highly Attentive,Forward,True,333,15.3
2026-08-16 12:44:20,100,Highly Attentive,Forward,True,333,15.3
2026-08-16 12:44:21,100,Highly Attentive,Forward,True,333,15.2
2026-08-16 12:44:22,100,Highly Attentive,Forward,True,333,15.2
2026-08-16 12:44:23,100,Highly Attentive,Forward,True,333,15.2
2026-08-16 12:44:24,100,Highly Attentive,Forward,True,333,15.2
2026-08-16 12:44:25,100,Highly Attentive,Forward,True,333,15.2
2026-08-16 12:44:26,100,Highly Attentive,Forward,True,333,15.2
2026-08-16 12:44:27,89,Highly Attentive,Forward,True,334,15.2
2026-08-16 12:44:28,100,Highly Attentive,Forward,True,334,15.2
2026-08-16 12:44:29,100,Highly Attentive,Forward,True,334,15.2
2026-08-16 12:44:30,94,Highly Attentive,Forward,True,335,15.2
2026-08-16 12:44:31,100,Highly Attentive,Forward,True,335,15.2
2026-08-16 12:44:32,100,Highly Attentive,Forward,True,335,15.2
2026-08-16 12:44:33,100,Highly Attentive,Forward,True,335,15.2
2026-08-16 12:44:35,100,Highly Attentive,Forward,True,335,15.2
2026-08-16 12:44:36,100,Highly Attentive,Forward,True,335,15.2
2026-08-16 12:44:37,100,Highly Attentive,Forward,True,335,15.2
2026-08-16 12:44:38,100,Highly Attentive,Forward,True,335,15.1
2026-08-16 12:44:39,100,Highly Attentive,Forward,True,335,15.1
2026-08-16 12:44:40,100,Highly Attentive,Forward,True,335,15.1
2026-08-16 12:44:41,100,Highly Attentive,Forward,True,335,15.1
2026-08-16 12:44:42,100,Highly Attentive,Forward,True,335,15.1
2026-08-16 12:44:43,100,Highly Attentive,Forward,True,335,15.1
2026-08-16 12:44:44,100,Highly Attentive,Forward,True,335,15.1
2026-08-16 12:44:45,100,Highly Attentive,Forward,True,335,15.1
2026-08-16 12:44:46,100,Highly Attentive,Forward,True,335,15.1
2026-08-16 12:44:47,100,Highly Attentive,Forward,True,335,15.0
2026-08-16 12:44:48,100,Highly Attentive,Forward,True,335,15.0
2026-08-16 12:44:49,100,Highly Attentive,Forward,True,335,15.0
2026-08-16 12:44:50,100,Highly Attentive,Forward,True,335,15.0
2026-08-16 12:44:51,100,Highly Attentive,Forward,True,335,15.0
2026-08-16 12:44:52,100,Highly Attentive,Forward,True,335,15.0
2026-08-16 12:44:53,100,Highly Attentive,Forward,True,335,15.0
2026-08-16 12:44:54,100,Highly Attentive,Forward,True,335,15.0
2026-08-16 12:44:55,100,Highly Attentive,Forward,True,335,15.0
2026-08-16 12:44:56,100,Highly Attentive,Forward,True,335,14.9
2026-08-16 12:44:57,100,Highly Attentive,Forward,True,335,14.9
2026-08-16 12:44:58,100,Highly Attentive,Forward,True,335,14.9
2026-08-16 12:44:59,100,Highly Attentive,Forward,True,335,14.9
2026-08-16 12:45:00,100,Highly Attentive,Forward,True,335,14.9
2026-08-16 12:45:01,100,Highly Attentive,Forward,True,335,14.9
2026-08-16 12:45:02,100,Highly Attentive,Forward,True,335,14.9
2026-08-16 12:45:03,100,Highly Attentive,Forward,True,335,14.9
2026-08-16 12:45:04,100,Highly Attentive,Forward,True,335,14.9
2026-08-16 12:45:05,100,Highly Attentive,Forward,True,335,14.8
2026-08-16 12:45:06,100,Highly Attentive,Forward,True,335,14.8
2026-08-16 12:45:07,99,Highly Attentive,Forward,True,335,14.8
2026-08-16 12:45:08,100,Highly Attentive,Forward,True,335,14.8
2026-08-16 12:45:09,100,Highly Attentive,Forward,True,335,14.8
2026-08-16 12:45:10,100,Highly Attentive,Forward,True,335,14.8
2026-08-16 12:45:11,100,Highly Attentive,Forward,True,335,14.8
2026-08-16 12:45:12,100,Highly Attentive,Forward,True,335,14.8
2026-08-16 12:45:13,100,Highly Attentive,Forward,True,335,14.8
2026-08-16 12:45:14,100,Highly Attentive,Forward,True,335,14.7
2026-08-16 12:45:15,100,Highly Attentive,Forward,True,335,14.7
2026-08-16 12:45:16,100,Highly Attentive,Forward,True,335,14.7
2026-08-16 12:45:17,100,Highly Attentive,Forward,True,335,14.7
2026-08-16 12:45:18,100,Highly Attentive,Forward,True,335,14.7
2026-08-16 12:45:19,96,Highly Attentive,Forward,True,336,14.7
2026-08-16 12:45:20,99,Highly Attentive,Forward,True,336,14.7
2026-08-16 12:45:21,97,Highly Attentive,Forward,True,337,14.8
2026-08-16 12:45:22,100,Highly Attentive,Forward,True,337,14.7
2026-08-16 12:45:23,100,Highly Attentive,Forward,True,337,14.7
2026-08-16 12:45:25,97,Highly Attentive,Forward,True,337,14.7
2026-08-16 12:45:26,99,Highly Attentive,Forward,True,337,14.7
2026-08-16 12:45:27,100,Highly Attentive,Forward,True,337,14.7
2026-08-16 12:45:28,97,Highly Attentive,Forward,False,338,14.7
2026-08-16 12:45:29,99,Highly Attentive,Forward,True,339,14.8
2026-08-16 12:45:30,95,Highly Attentive,Forward,True,340,14.8
2026-08-16 12:45:31,99,Highly Attentive,Forward,True,340,14.8
2026-08-16 12:45:32,100,Highly Attentive,Forward,True,340,14.8
2026-08-16 12:45:33,100,Highly Attentive,Forward,True,340,14.8
2026-08-16 12:45:34,95,Highly Attentive,Forward,False,341,14.8
2026-08-16 12:45:35,89,Highly Attentive,Forward,True,342,14.8
2026-08-16 12:45:36,100,Highly Attentive,Forward,True,342,14.8
2026-08-16 12:45:37,99,Highly Attentive,Forward,True,342,14.8
2026-08-16 12:45:38,100,Highly Attentive,Forward,True,342,14.8
2026-08-16 12:45:39,100,Highly Attentive,Forward,True,342,14.8
2026-08-16 12:45:40,100,Highly Attentive,Forward,True,342,14.8
2026-08-16 12:45:41,96,Highly Attentive,Forward,False,342,14.8
2026-08-16 12:45:42,100,Highly Attentive,Forward,True,343,14.8
2026-08-16 12:45:43,98,Highly Attentive,Forward,True,343,14.8
2026-08-16 12:45:44,97,Highly Attentive,Forward,False,344,14.8
2026-08-16 12:45:45,95,Highly Attentive,Forward,True,345,14.8
2026-08-16 12:45:46,100,Highly Attentive,Forward,True,345,14.8
2026-08-16 12:45:47,100,Highly Attentive,Forward,True,345,14.8
2026-08-16 12:45:48,100,Highly Attentive,Forward,True,345,14.8
2026-08-16 12:45:49,97,Highly Attentive,Forward,True,346,14.8
2026-08-16 12:45:50,95,Highly Attentive,Forward,False,346,14.8
2026-08-16 12:45:51,100,Highly Attentive,Forward,True,347,14.9
2026-08-16 12:45:52,97,Highly Attentive,Forward,True,348,14.9
2026-08-16 12:45:53,99,Highly Attentive,Left,True,348,14.9
2026-08-16 12:45:54,63,Slightly Distracted,Left,True,348,14.9
2026-08-16 12:45:55,46,Distracted,Left,False,349,14.9
2026-08-16 12:45:56,67,Slightly Distracted,Forward,True,350,14.9
2026-08-16 12:45:57,95,Highly Attentive,Forward,True,352,15.0
2026-08-16 12:45:58,98,Highly Attentive,Forward,True,352,15.0
2026-08-16 12:45:59,96,Highly Attentive,Forward,True,352,15.0
2026-08-16 12:46:00,80,Attentive,Left,True,353,15.0
2026-08-16 12:46:02,75,Attentive,Forward,True,353,15.0
2026-08-16 12:46:03,100,Highly Attentive,Forward,True,353,15.0
2026-08-16 12:46:05,100,Highly Attentive,Forward,True,353,15.0
2026-08-16 12:46:06,100,Highly Attentive,Forward,True,353,15.0
2026-08-16 12:46:07,100,Highly Attentive,Forward,True,353,15.0
2026-08-16 12:46:08,86,Highly Attentive,Forward,True,353,14.9
2026-08-16 12:46:09,98,Highly Attentive,Forward,True,353,14.9
2026-08-16 12:46:10,100,Highly Attentive,Forward,True,353,14.9
2026-08-16 12:46:11,95,Highly Attentive,Left,True,353,14.9
2026-08-16 12:46:12,82,Attentive,Forward,True,353,14.9
2026-08-16 12:46:13,94,Highly Attentive,Forward,True,353,14.9
2026-08-16 12:46:14,100,Highly Attentive,Forward,True,353,14.9
2026-08-16 12:46:15,100,Highly Attentive,Forward,True,353,14.9
2026-08-16 12:46:16,100,Highly Attentive,Forward,True,353,14.9
2026-08-16 12:46:17,100,Highly Attentive,Forward,True,353,14.9
2026-08-16 12:46:18,100,Highly Attentive,Forward,True,353,14.8
2026-08-16 12:46:19,98,Highly Attentive,Forward,True,354,14.9
2026-08-16 12:46:20,93,Highly Attentive,Down,True,354,14.9
2026-08-16 12:46:21,84,Attentive,Forward,True,354,14.9
2026-08-16 12:46:22,100,Highly Attentive,Forward,True,354,14.8
2026-08-16 12:46:23,100,Highly Attentive,Forward,True,354,14.8
2026-08-16 12:46:24,100,Highly Attentive,Forward,True,354,14.8
2026-08-16 12:46:25,100,Highly Attentive,Forward,True,354,14.8
2026-08-16 12:46:26,100,Highly Attentive,Forward,True,354,14.8
2026-08-16 12:46:27,100,Highly Attentive,Forward,True,354,14.8
2026-08-16 12:46:28,100,Highly Attentive,Forward,True,354,14.8
2026-08-16 12:46:29,100,Highly Attentive,Forward,True,354,14.8
2026-08-16 12:46:30,100,Highly Attentive,Forward,True,354,14.8
2026-08-16 12:46:31,100,Highly Attentive,Forward,True,354,14.7
2026-08-16 12:46:32,100,Highly Attentive,Forward,True,354,14.7
2026-08-16 12:46:33,100,Highly Attentive,Forward,True,354,14.7
2026-08-16 12:46:34,100,Highly Attentive,Forward,True,354,14.7
2026-08-16 12:46:35,100,Highly Attentive,Forward,True,354,14.7
2026-08-16 12:46:36,100,Highly Attentive,Forward,True,354,14.7
2026-08-16 12:46:37,97,Highly Attentive,Forward,True,355,14.7
2026-08-16 12:46:38,100,Highly Attentive,Forward,True,355,14.7
2026-08-16 12:46:39,100,Highly Attentive,Forward,True,355,14.7
2026-08-16 12:46:40,100,Highly Attentive,Forward,True,355,14.7
2026-08-16 12:46:41,100,Highly Attentive,Forward,True,355,14.7
2026-08-16 12:46:42,100,Highly Attentive,Forward,True,355,14.7
2026-08-16 12:46:43,92,Highly Attentive,Forward,True,355,14.7
2026-08-16 12:46:44,85,Highly Attentive,Forward,True,355,14.7
2026-08-16 12:46:45,94,Highly Attentive,Forward,True,356,14.7
2026-08-16 12:46:46,100,Highly Attentive,Forward,True,356,14.7
2026-08-16 12:46:47,100,Highly Attentive,Forward,True,356,14.7
2026-08-16 12:46:48,100,Highly Attentive,Forward,True,356,14.7
2026-08-16 12:46:49,100,Highly Attentive,Forward,True,356,14.6
2026-08-16 12:46:50,100,Highly Attentive,Forward,True,356,14.6
2026-08-16 12:46:51,100,Highly Attentive,Forward,True,356,14.6
2026-08-16 12:46:52,100,Highly Attentive,Forward,True,356,14.6
2026-08-16 12:46:54,100,Highly Attentive,Forward,True,356,14.6
2026-08-16 12:46:55,99,Highly Attentive,Forward,False,356,14.6
2026-08-16 12:46:56,99,Highly Attentive,Forward,True,357,14.6
2026-08-16 12:46:57,100,Highly Attentive,Forward,True,357,14.6
2026-08-16 12:46:58,100,Highly Attentive,Forward,True,357,14.6
2026-08-16 12:46:59,100,Highly Attentive,Forward,True,357,14.6
2026-08-16 12:47:00,100,Highly Attentive,Forward,True,357,14.6
2026-08-16 12:47:01,100,Highly Attentive,Forward,True,357,14.6
2026-08-16 12:47:02,99,Highly Attentive,Forward,False,357,14.6
2026-08-16 12:47:03,99,Highly Attentive,Forward,True,358,14.6
2026-08-16 12:47:04,100,Highly Attentive,Forward,True,358,14.6
2026-08-16 12:47:05,100,Highly Attentive,Forward,True,358,14.6
2026-08-16 12:47:06,98,Highly Attentive,Forward,True,359,14.6
2026-08-16 12:47:07,100,Highly Attentive,Forward,True,359,14.6
2026-08-16 12:47:08,100,Highly Attentive,Forward,True,359,14.6
2026-08-16 12:47:09,100,Highly Attentive,Forward,True,359,14.6
2026-08-16 12:47:10,100,Highly Attentive,Forward,True,359,14.6
2026-08-16 12:47:11,98,Highly Attentive,Forward,True,360,14.6
2026-08-16 12:47:12,100,Highly Attentive,Forward,True,360,14.6
2026-08-16 12:47:13,100,Highly Attentive,Forward,True,360,14.6
2026-08-16 12:47:14,100,Highly Attentive,Forward,True,360,14.6
2026-08-16 12:47:15,98,Highly Attentive,Forward,True,361,14.6
2026-08-16 12:47:16,100,Highly Attentive,Forward,True,361,14.6
2026-08-16 12:47:17,99,Highly Attentive,Forward,False,361,14.6
2026-08-16 12:47:18,98,Highly Attentive,Forward,True,362,14.6
2026-08-16 12:47:19,92,Highly Attentive,Forward,True,363,14.6
2026-08-16 12:47:20,100,Highly Attentive,Forward,True,363,14.6
2026-08-16 12:47:21,100,Highly Attentive,Forward,True,363,14.6
2026-08-16 12:47:22,98,Highly Attentive,Forward,True,364,14.6
2026-08-16 12:47:23,100,Highly Attentive,Forward,True,364,14.6
2026-08-16 12:47:24,86,Highly Attentive,Left,True,365,14.7
2026-08-16 12:47:25,57,Slightly Distracted,Forward,False,365,14.7
2026-08-16 12:47:26,85,Highly Attentive,Forward,True,366,14.7
2026-08-16 12:47:27,84,Attentive,Forward,True,366,14.7
2026-08-16 12:47:28,66,Slightly Distracted,Forward,False,366,14.7
2026-08-16 12:47:29,76,Attentive,Forward,True,368,14.7
2026-08-16 12:47:30,82,Attentive,Forward,True,369,14.8
2026-08-16 12:47:31,85,Highly Attentive,Forward,True,369,14.8
2026-08-16 12:47:32,86,Highly Attentive,Down,True,370,14.8
2026-08-16 12:47:33,64,Slightly Distracted,Down,True,370,14.8
2026-08-16 12:47:34,65,Slightly Distracted,Forward,True,370,14.8
2026-08-16 12:47:35,81,Attentive,Down,True,370,14.8
2026-08-16 12:47:36,71,Attentive,Forward,True,370,14.7
2026-08-16 12:47:37,100,Highly Attentive,Forward,True,370,14.7
2026-08-16 12:47:38,99,Highly Attentive,Forward,True,370,14.7
2026-08-16 12:47:39,100,Highly Attentive,Forward,True,370,14.7
2026-08-16 12:47:40,100,Highly Attentive,Forward,True,370,14.7
2026-08-16 12:47:41,100,Highly Attentive,Forward,True,370,14.7
2026-08-16 12:47:43,100,Highly Attentive,Forward,True,370,14.7
2026-08-16 12:47:44,100,Highly Attentive,Forward,True,370,14.7
2026-08-16 12:47:45,100,Highly Attentive,Forward,True,370,14.7
2026-08-16 12:47:46,100,Highly Attentive,Forward,True,370,14.7
2026-08-16 12:47:47,99,Highly Attentive,Forward,True,370,14.6
2026-08-16 12:47:48,100,Highly Attentive,Forward,True,370,14.6
2026-08-16 12:47:49,100,Highly Attentive,Forward,True,370,14.6
2026-08-16 12:47:50,100,Highly Attentive,Forward,True,370,14.6
2026-08-16 12:47:51,97,Highly Attentive,Forward,True,371,14.6
2026-08-16 12:47:52,97,Highly Attentive,Forward,True,372,14.7
2026-08-16 12:47:53,99,Highly Attentive,Forward,False,372,14.7
2026-08-16 12:47:54,100,Highly Attentive,Forward,True,373,14.7
2026-08-16 12:47:55,100,Highly Attentive,Forward,True,373,14.7
2026-08-16 12:47:56,100,Highly Attentive,Forward,True,373,14.7
2026-08-16 12:47:57,100,Highly Attentive,Forward,True,373,14.7
2026-08-16 12:47:58,100,Highly Attentive,Forward,True,373,14.7
2026-08-16 12:47:59,100,Highly Attentive,Forward,True,373,14.6
2026-08-16 12:48:00,100,Highly Attentive,Forward,True,373,14.6
2026-08-16 12:48:01,97,Highly Attentive,Forward,True,374,14.7
2026-08-16 12:48:02,100,Highly Attentive,Forward,True,374,14.7
2026-08-16 12:48:03,100,Highly Attentive,Forward,True,374,14.6
2026-08-16 12:48:04,100,Highly Attentive,Forward,True,374,14.6
2026-08-16 12:48:05,100,Highly Attentive,Forward,True,374,14.6
2026-08-16 12:48:06,100,Highly Attentive,Forward,True,374,14.6
2026-08-16 12:48:07,97,Highly Attentive,Forward,True,375,14.6
2026-08-16 12:48:08,100,Highly Attentive,Forward,True,375,14.6
2026-08-16 12:48:09,98,Highly Attentive,Forward,True,376,14.7
2026-08-16 12:48:10,96,Highly Attentive,Forward,True,378,14.7
2026-08-16 12:48:11,100,Highly Attentive,Forward,True,378,14.7
2026-08-16 12:48:12,97,Highly Attentive,Forward,True,379,14.8
2026-08-16 12:48:13,99,Highly Attentive,Forward,True,379,14.7
2026-08-16 12:48:14,98,Highly Attentive,Forward,True,380,14.8
2026-08-16 12:48:15,100,Highly Attentive,Forward,True,380,14.8
2026-08-16 12:48:16,98,Highly Attentive,Forward,True,381,14.8
2026-08-16 12:48:17,98,Highly Attentive,Forward,True,382,14.8
2026-08-16 12:48:18,100,Highly Attentive,Forward,True,382,14.8
2026-08-16 12:48:19,100,Highly Attentive,Forward,True,382,14.8
2026-08-16 12:48:20,100,Highly Attentive,Forward,True,382,14.8
2026-08-16 12:48:21,97,Highly Attentive,Forward,True,383,14.8
2026-08-16 12:48:22,100,Highly Attentive,Forward,True,383,14.8
2026-08-16 12:48:23,100,Highly Attentive,Forward,True,383,14.8
2026-08-16 12:48:24,100,Highly Attentive,Forward,True,383,14.8
2026-08-16 12:48:25,100,Highly Attentive,Forward,True,383,14.8
2026-08-16 12:48:26,100,Highly Attentive,Forward,True,383,14.8
2026-08-16 12:48:27,100,Highly Attentive,Forward,True,383,14.8
2026-08-16 12:48:28,100,Highly Attentive,Forward,True,383,14.8
2026-08-16 12:48:29,100,Highly Attentive,Forward,True,383,14.7
2026-08-16 12:48:30,100,Highly Attentive,Forward,True,383,14.7
2026-08-16 12:48:31,100,Highly Attentive,Forward,True,383,14.7
2026-08-16 12:48:33,100,Highly Attentive,Forward,True,383,14.7
2026-08-16 12:48:34,100,Highly Attentive,Forward,True,383,14.7
2026-08-16 12:48:35,100,Highly Attentive,Forward,True,383,14.7
2026-08-16 12:48:36,100,Highly Attentive,Forward,True,383,14.7
2026-08-16 12:48:37,100,Highly Attentive,Forward,True,383,14.7
2026-08-16 12:48:38,97,Highly Attentive,Forward,False,383,14.7
2026-08-16 12:48:39,100,Highly Attentive,Forward,True,384,14.7
2026-08-16 12:48:40,97,Highly Attentive,Forward,True,385,14.7
2026-08-16 12:48:41,100,Highly Attentive,Forward,True,385,14.7
2026-08-16 12:48:42,97,Highly Attentive,Forward,True,386,14.7
2026-08-16 12:48:43,99,Highly Attentive,Forward,True,386,14.7
2026-08-16 12:48:44,100,Highly Attentive,Forward,True,386,14.7
2026-08-16 12:48:45,100,Highly Attentive,Forward,True,386,14.7
2026-08-16 12:48:46,100,Highly Attentive,Forward,True,386,14.7
2026-08-16 12:48:47,97,Highly Attentive,Forward,False,386,14.7
2026-08-16 12:48:48,98,Highly Attentive,Forward,True,387,14.7
2026-08-16 12:48:49,97,Highly Attentive,Forward,True,388,14.8
2026-08-16 12:48:50,100,Highly Attentive,Forward,True,388,14.7
2026-08-16 12:48:51,97,Highly Attentive,Forward,True,389,14.8
2026-08-16 12:48:52,96,Highly Attentive,Forward,True,390,14.8
2026-08-16 12:48:53,85,Attentive,Right,True,390,14.8
2026-08-16 12:48:54,65,Slightly Distracted,Right,True,390,14.8
2026-08-16 12:48:55,65,Slightly Distracted,Right,True,390,14.8
2026-08-16 12:48:56,65,Slightly Distracted,Right,True,390,14.8
2026-08-16 12:48:57,65,Slightly Distracted,Right,True,390,14.8
2026-08-16 12:48:58,62,Slightly Distracted,Right,True,391,14.8
2026-08-16 12:48:59,65,Slightly Distracted,Right,True,391,14.8
2026-08-16 12:49:00,79,Attentive,Forward,True,391,14.8
2026-08-16 12:49:01,100,Highly Attentive,Forward,True,391,14.8
2026-08-16 12:49:02,100,Highly Attentive,Forward,True,391,14.7
2026-08-16 12:49:03,100,Highly Attentive,Forward,True,391,14.7
2026-08-16 12:49:04,100,Highly Attentive,Forward,True,391,14.7
2026-08-16 12:49:05,100,Highly Attentive,Forward,True,391,14.7
2026-08-16 12:49:06,72,Attentive,Right,False,391,14.7
2026-08-16 12:49:10,59,Slightly Distracted,Forward,True,393,14.7
2026-08-16 12:49:11,54,Slightly Distracted,Forward,False,393,14.7
2026-08-16 12:49:12,73,Attentive,Right,True,394,14.8
2026-08-16 12:49:13,57,Slightly Distracted,Right,True,395,14.8
2026-08-16 12:49:14,65,Slightly Distracted,Right,True,395,14.8
2026-08-16 12:49:18,63,Slightly Distracted,Left,True,396,14.8
2026-08-16 12:49:24,57,Slightly Distracted,Left,True,397,14.8
2026-08-16 12:49:25,72,Attentive,Forward,False,399,14.8
2026-08-16 12:49:26,80,Attentive,Forward,False,399,14.8
2026-08-16 12:49:27,81,Attentive,Forward,False,400,14.9
2026-08-16 12:49:28,82,Attentive,Forward,False,402,14.9
2026-08-16 12:49:29,65,Slightly Distracted,Left,True,403,14.9
2026-08-16 12:49:30,64,Slightly Distracted,Left,True,403,14.9
2026-08-16 12:49:31,65,Slightly Distracted,Left,True,403,14.9
2026-08-16 12:49:32,74,Attentive,Forward,False,405,15.0
2026-08-16 12:49:33,63,Slightly Distracted,Down,False,406,15.0
2026-08-16 12:49:34,45,Distracted,Down,False,406,15.0
2026-08-16 12:49:35,45,Distracted,Down,False,406,15.0
2026-08-16 12:49:36,45,Distracted,Down,False,406,15.0
2026-08-16 12:49:37,45,Distracted,Left,False,406,15.0
2026-08-16 12:49:38,48,Distracted,Forward,False,406,15.0
2026-08-16 12:49:39,78,Attentive,Left,False,406,15.0
2026-08-16 12:49:40,62,Slightly Distracted,Left,True,407,15.0
2026-08-16 12:49:41,65,Slightly Distracted,Left,True,407,15.0
2026-08-16 12:49:42,65,Slightly Distracted,Left,True,407,15.0
2026-08-16 12:49:43,65,Slightly Distracted,Left,True,407,15.0
2026-08-16 12:49:44,62,Slightly Distracted,Left,False,407,15.0
2026-08-16 12:49:45,64,Slightly Distracted,Left,True,408,15.0
2026-08-16 12:49:46,65,Slightly Distracted,Left,True,408,15.0
2026-08-16 12:49:47,65,Slightly Distracted,Left,True,408,15.0
2026-08-16 12:49:48,58,Slightly Distracted,Left,False,409,15.0
2026-08-16 12:49:49,60,Slightly Distracted,Left,True,410,15.0
2026-08-16 12:49:50,65,Slightly Distracted,Left,True,410,15.0
2026-08-16 12:49:51,65,Slightly Distracted,Left,True,410,15.0
2026-08-16 12:49:52,64,Slightly Distracted,Left,True,410,15.0
2026-08-16 12:49:53,65,Slightly Distracted,Left,True,410,15.0
2026-08-16 12:49:54,65,Slightly Distracted,Left,True,410,15.0
2026-08-16 12:49:55,65,Slightly Distracted,Left,True,410,15.0
2026-08-16 12:49:56,65,Slightly Distracted,Left,True,410,15.0
2026-08-16 12:49:57,65,Slightly Distracted,Left,True,410,14.9
2026-08-16 12:49:58,65,Slightly Distracted,Left,True,410,14.9
2026-08-16 12:49:59,65,Slightly Distracted,Left,True,410,14.9
2026-08-16 12:50:00,65,Slightly Distracted,Left,True,410,14.9
2026-08-16 12:50:01,70,Slightly Distracted,Forward,False,410,14.9
2026-08-16 12:50:02,80,Attentive,Forward,False,410,14.9
2026-08-16 12:50:03,47,Distracted,Left,False,411,14.9
2026-08-16 12:50:04,45,Distracted,Down,False,411,14.9
2026-08-16 12:50:05,54,Slightly Distracted,Left,False,411,14.9
2026-08-16 12:50:06,45,Distracted,Left,False,411,14.9
2026-08-16 12:50:07,45,Distracted,Left,False,411,14.9
2026-08-16 12:50:08,45,Distracted,Left,False,411,14.9
2026-08-16 12:50:09,45,Distracted,Left,False,411,14.9
2026-08-16 12:50:11,45,Distracted,Left,False,411,14.9
2026-08-16 12:50:12,45,Distracted,Left,False,411,14.8
2026-08-16 12:50:13,48,Distracted,Left,False,413,14.9
2026-08-16 12:50:14,45,Distracted,Left,False,413,14.9
2026-08-16 12:50:15,45,Distracted,Left,False,413,14.9
2026-08-16 12:50:16,45,Distracted,Left,False,413,14.9
2026-08-16 12:50:17,45,Distracted,Left,False,413,14.9
2026-08-16 12:50:18,51,Slightly Distracted,Left,False,415,14.9
2026-08-16 12:50:19,48,Distracted,Left,False,417,15.0
2026-08-16 12:50:20,47,Distracted,Left,False,420,15.1
2026-08-16 12:50:21,55,Slightly Distracted,Left,False,421,15.1
2026-08-16 12:50:22,48,Distracted,Left,False,422,15.2
2026-08-16 12:50:23,46,Distracted,Left,True,423,15.2
2026-08-16 12:50:24,46,Distracted,Left,True,424,15.2
2026-08-16 12:50:25,56,Slightly Distracted,Left,True,426,15.3
2026-08-16 12:50:26,64,Slightly Distracted,Left,True,426,15.3
2026-08-16 12:50:27,61,Slightly Distracted,Left,True,426,15.3
2026-08-16 12:50:28,64,Slightly Distracted,Left,True,426,15.2
2026-08-16 12:50:29,56,Slightly Distracted,Left,True,428,15.3
2026-08-16 12:50:30,61,Slightly Distracted,Left,True,428,15.3
2026-08-16 12:50:31,61,Slightly Distracted,Left,True,429,15.3
2026-08-16 12:50:32,64,Slightly Distracted,Left,True,429,15.3
2026-08-16 12:50:33,56,Slightly Distracted,Left,False,429,15.3
2026-08-16 12:50:34,46,Distracted,Left,False,430,15.3
2026-08-16 12:50:35,45,Distracted,Left,False,430,15.3
2026-08-16 12:50:36,45,Distracted,Left,False,430,15.3
2026-08-16 12:50:37,45,Distracted,Left,False,430,15.3
2026-08-16 12:50:38,45,Distracted,Left,False,430,15.3
2026-08-16 12:50:39,52,Slightly Distracted,Left,False,431,15.3
2026-08-16 12:50:40,55,Slightly Distracted,Forward,True,433,15.4
2026-08-16 12:50:41,100,Highly Attentive,Forward,True,433,15.4
2026-08-16 12:50:42,100,Highly Attentive,Forward,True,433,15.4
2026-08-16 12:50:43,97,Highly Attentive,Forward,True,434,15.4
2026-08-16 12:50:44,100,Highly Attentive,Forward,True,434,15.4
2026-08-16 12:50:45,90,Highly Attentive,Right,False,434,15.4
2026-08-16 12:50:46,83,Attentive,Forward,True,435,15.4
2026-08-16 12:50:47,100,Highly Attentive,Forward,True,435,15.4
2026-08-16 12:50:48,100,Highly Attentive,Forward,True,435,15.4
2026-08-16 12:50:49,72,Attentive,Left,True,436,15.4
2026-08-16 12:50:50,65,Slightly Distracted,Left,True,436,15.4
2026-08-16 12:50:51,63,Slightly Distracted,Left,True,437,15.4
2026-08-16 12:50:52,99,Highly Attentive,Forward,True,437,15.4
2026-08-16 12:50:53,100,Highly Attentive,Forward,True,437,15.4
2026-08-16 12:50:54,100,Highly Attentive,Forward,True,437,15.4
2026-08-16 12:50:55,100,Highly Attentive,Forward,True,437,15.4
2026-08-16 12:50:56,100,Highly Attentive,Forward,True,437,15.4
2026-08-16 12:50:57,100,Highly Attentive,Forward,True,437,15.4
2026-08-16 12:50:58,100,Highly Attentive,Forward,True,437,15.4
2026-08-16 12:50:59,100,Highly Attentive,Forward,True,437,15.3
2026-08-16 12:51:01,100,Highly Attentive,Forward,True,437,15.3
2026-08-16 12:51:02,100,Highly Attentive,Forward,True,437,15.3
2026-08-16 12:51:03,100,Highly Attentive,Forward,True,437,15.3
2026-08-16 12:51:04,100,Highly Attentive,Forward,True,437,15.3
2026-08-16 12:51:05,100,Highly Attentive,Forward,True,437,15.3
2026-08-16 12:51:06,100,Highly Attentive,Forward,True,437,15.3
2026-08-16 12:51:07,100,Highly Attentive,Forward,True,437,15.3
2026-08-16 12:51:08,100,Highly Attentive,Forward,True,437,15.3
2026-08-16 12:51:09,98,Highly Attentive,Forward,True,438,15.3
2026-08-16 12:51:10,100,Highly Attentive,Forward,True,438,15.3
2026-08-16 12:51:11,100,Highly Attentive,Forward,True,438,15.3
2026-08-16 12:51:12,100,Highly Attentive,Forward,True,438,15.3
2026-08-16 12:51:13,100,Highly Attentive,Forward,True,438,15.3
2026-08-16 12:51:14,100,Highly Attentive,Forward,True,438,15.3
2026-08-16 12:51:15,100,Highly Attentive,Forward,True,438,15.2
2026-08-16 12:51:16,100,Highly Attentive,Forward,True,438,15.2
2026-08-16 12:51:17,100,Highly Attentive,Forward,True,438,15.2
2026-08-16 12:51:18,100,Highly Attentive,Forward,True,438,15.2
2026-08-16 12:51:19,96,Highly Attentive,Left,True,438,15.2
2026-08-16 12:51:20,65,Slightly Distracted,Left,True,438,15.2
2026-08-16 12:51:21,65,Slightly Distracted,Left,True,438,15.2
2026-08-16 12:51:22,95,Highly Attentive,Forward,True,438,15.2
2026-08-16 12:51:23,100,Highly Attentive,Forward,True,438,15.2
2026-08-16 12:51:24,99,Highly Attentive,Forward,True,438,15.2
2026-08-16 12:51:25,100,Highly Attentive,Forward,True,438,15.2
2026-08-16 12:51:26,100,Highly Attentive,Forward,True,438,15.1
2026-08-16 12:51:27,100,Highly Attentive,Forward,True,438,15.1
2026-08-16 12:51:28,100,Highly Attentive,Forward,True,438,15.1
2026-08-16 12:51:29,100,Highly Attentive,Forward,True,438,15.1
2026-08-16 12:51:30,100,Highly Attentive,Forward,True,438,15.1
2026-08-16 12:51:31,100,Highly Attentive,Forward,True,438,15.1
2026-08-16 12:51:32,100,Highly Attentive,Forward,True,438,15.1
2026-08-16 12:51:33,100,Highly Attentive,Forward,True,438,15.1
2026-08-16 12:51:34,100,Highly Attentive,Forward,True,438,15.1
2026-08-16 12:51:35,100,Highly Attentive,Forward,True,438,15.1
2026-08-16 12:51:36,100,Highly Attentive,Forward,True,438,15.1
2026-08-16 12:51:37,100,Highly Attentive,Forward,True,438,15.0
2026-08-16 12:51:38,100,Highly Attentive,Forward,True,438,15.0
2026-08-16 12:51:39,100,Highly Attentive,Forward,True,438,15.0
2026-08-16 12:51:40,100,Highly Attentive,Forward,True,438,15.0
2026-08-16 12:51:41,100,Highly Attentive,Forward,True,438,15.0
2026-08-16 12:51:42,100,Highly Attentive,Forward,True,438,15.0
2026-08-16 12:51:43,98,Highly Attentive,Forward,True,439,15.0
2026-08-16 12:51:44,100,Highly Attentive,Forward,True,439,15.0
2026-08-16 12:51:45,100,Highly Attentive,Forward,True,439,15.0
2026-08-16 12:51:46,100,Highly Attentive,Forward,True,439,15.0
2026-08-16 12:51:47,100,Highly Attentive,Forward,True,439,15.0
2026-08-16 12:51:48,97,Highly Attentive,Forward,True,440,15.0
2026-08-16 12:51:50,100,Highly Attentive,Forward,True,440,15.0
2026-08-16 12:51:51,100,Highly Attentive,Forward,True,440,15.0
2026-08-16 12:51:52,100,Highly Attentive,Forward,True,440,15.0
2026-08-16 12:51:53,100,Highly Attentive,Forward,True,440,15.0
2026-08-16 12:51:54,100,Highly Attentive,Forward,True,440,15.0
2026-08-16 12:51:55,100,Highly Attentive,Forward,True,440,15.0
2026-08-16 12:51:56,71,Attentive,Down,True,440,15.0
2026-08-16 12:51:57,65,Slightly Distracted,Down,True,440,15.0
2026-08-16 12:51:58,92,Highly Attentive,Forward,True,440,14.9
2026-08-16 12:51:59,100,Highly Attentive,Forward,True,440,14.9
2026-08-16 12:52:00,97,Highly Attentive,Forward,True,441,15.0
2026-08-16 12:52:01,100,Highly Attentive,Forward,True,441,14.9
2026-08-16 12:52:02,100,Highly Attentive,Forward,True,441,14.9
2026-08-16 12:52:03,100,Highly Attentive,Forward,True,441,14.9
2026-08-16 12:52:04,100,Highly Attentive,Forward,True,441,14.9
2026-08-16 12:52:05,100,Highly Attentive,Forward,True,441,14.9
2026-08-16 12:52:06,99,Highly Attentive,Forward,True,441,14.9
2026-08-16 12:52:07,98,Highly Attentive,Forward,True,442,14.9
2026-08-16 12:52:08,98,Highly Attentive,Forward,True,443,15.0
2026-08-16 12:52:09,100,Highly Attentive,Forward,True,443,14.9
2026-08-16 12:52:10,100,Highly Attentive,Forward,True,443,14.9
2026-08-16 12:52:11,100,Highly Attentive,Forward,True,443,14.9
2026-08-16 12:52:12,100,Highly Attentive,Forward,True,443,14.9
2026-08-16 12:52:13,100,Highly Attentive,Forward,True,443,14.9
2026-08-16 12:52:14,100,Highly Attentive,Forward,True,443,14.9
2026-08-16 12:52:15,100,Highly Attentive,Forward,True,443,14.9
2026-08-16 12:52:16,100,Highly Attentive,Forward,True,443,14.9
2026-08-16 12:52:17,100,Highly Attentive,Forward,True,443,14.9
2026-08-16 12:52:18,100,Highly Attentive,Forward,True,443,14.9
2026-08-16 12:52:19,100,Highly Attentive,Forward,True,443,14.9
2026-08-16 12:52:20,95,Highly Attentive,Left,False,443,14.9
2026-08-16 12:52:21,93,Highly Attentive,Forward,True,443,14.8
2026-08-16 12:52:22,100,Highly Attentive,Forward,True,443,14.8
2026-08-16 12:52:23,100,Highly Attentive,Forward,True,443,14.8
2026-08-16 12:52:24,98,Highly Attentive,Forward,True,444,14.9
2026-08-16 12:52:25,100,Highly Attentive,Forward,True,444,14.8
2026-08-16 12:52:26,100,Highly Attentive,Forward,True,444,14.8
2026-08-16 12:52:27,100,Highly Attentive,Forward,True,444,14.8
2026-08-16 12:52:28,97,Highly Attentive,Forward,True,445,14.9
2026-08-16 12:52:29,100,Highly Attentive,Forward,True,445,14.8
2026-08-16 12:52:30,97,Highly Attentive,Forward,True,446,14.9
2026-08-16 12:52:31,100,Highly Attentive,Forward,True,446,14.9
2026-08-16 12:52:32,100,Highly Attentive,Forward,True,446,14.9
2026-08-16 12:52:33,100,Highly Attentive,Forward,True,446,14.8
2026-08-16 12:52:34,100,Highly Attentive,Forward,True,446,14.8
2026-08-16 12:52:35,100,Highly Attentive,Forward,True,446,14.8
2026-08-16 12:52:36,100,Highly Attentive,Forward,True,446,14.8
2026-08-16 12:52:37,100,Highly Attentive,Forward,True,446,14.8
2026-08-16 12:52:38,100,Highly Attentive,Forward,True,446,14.8
2026-08-16 12:52:40,100,Highly Attentive,Forward,True,446,14.8
2026-08-16 12:52:41,100,Highly Attentive,Forward,True,446,14.8
2026-08-16 12:52:42,100,Highly Attentive,Forward,True,446,14.8
2026-08-16 12:52:43,100,Highly Attentive,Forward,True,446,14.8
2026-08-16 12:52:44,97,Highly Attentive,Forward,True,447,14.8
2026-08-16 12:52:45,100,Highly Attentive,Forward,True,447,14.8
2026-08-16 12:52:46,100,Highly Attentive,Forward,True,447,14.8
2026-08-16 12:52:47,100,Highly Attentive,Forward,True,447,14.8
2026-08-16 12:52:48,100,Highly Attentive,Forward,True,447,14.8
2026-08-16 12:52:49,100,Highly Attentive,Forward,True,447,14.8
2026-08-16 12:52:50,91,Highly Attentive,Forward,True,447,14.7
2026-08-16 12:52:51,94,Highly Attentive,Forward,True,447,14.7
2026-08-16 12:52:52,79,Attentive,Left,True,447,14.7
2026-08-16 12:52:53,65,Slightly Distracted,Down,True,447,14.7
2026-08-16 12:52:54,71,Attentive,Down,True,447,14.7
2026-08-16 12:52:55,72,Attentive,Down,True,447,14.7
2026-08-16 12:52:56,91,Highly Attentive,Forward,True,448,14.7
2026-08-16 12:52:57,93,Highly Attentive,Forward,True,448,14.7
2026-08-16 12:52:58,100,Highly Attentive,Forward,True,448,14.7
2026-08-16 12:52:59,74,Attentive,Left,True,448,14.7
2026-08-16 12:53:00,65,Slightly Distracted,Left,True,448,14.7
2026-08-16 12:53:01,82,Attentive,Forward,True,448,14.7
2026-08-16 12:53:02,74,Attentive,Down,True,448,14.7
2026-08-16 12:53:03,65,Slightly Distracted,Left,True,448,14.7
2026-08-16 12:53:04,65,Slightly Distracted,Left,True,448,14.7
2026-08-16 12:53:05,64,Slightly Distracted,Left,False,448,14.7
2026-08-16 12:53:06,65,Slightly Distracted,Down,True,448,14.6
2026-08-16 12:53:07,65,Slightly Distracted,Left,True,448,14.6
2026-08-16 12:53:08,92,Highly Attentive,Forward,True,449,14.7
2026-08-16 12:53:09,100,Highly Attentive,Forward,True,449,14.7
2026-08-16 12:53:10,85,Highly Attentive,Forward,True,450,14.7
2026-08-16 12:53:11,100,Highly Attentive,Forward,True,450,14.7
2026-08-16 12:53:12,97,Highly Attentive,Forward,True,451,14.7
2026-08-16 12:53:13,100,Highly Attentive,Forward,True,451,14.7
2026-08-16 12:53:14,100,Highly Attentive,Forward,True,451,14.7
2026-08-16 12:53:15,94,Highly Attentive,Forward,True,451,14.7
2026-08-16 12:53:16,100,Highly Attentive,Forward,True,451,14.7
2026-08-16 12:53:17,100,Highly Attentive,Forward,True,451,14.7
2026-08-16 12:53:18,99,Highly Attentive,Forward,True,451,14.6
2026-08-16 12:53:19,100,Highly Attentive,Forward,True,451,14.6
2026-08-16 12:53:20,98,Highly Attentive,Forward,False,451,14.6
2026-08-16 12:53:21,100,Highly Attentive,Forward,True,452,14.7
2026-08-16 12:53:22,100,Highly Attentive,Forward,True,452,14.6
2026-08-16 12:53:23,100,Highly Attentive,Forward,True,452,14.6
2026-08-16 12:53:24,100,Highly Attentive,Forward,True,452,14.6
2026-08-16 12:53:25,98,Highly Attentive,Forward,True,453,14.7
2026-08-16 12:53:26,100,Highly Attentive,Forward,True,453,14.6
2026-08-16 12:53:27,100,Highly Attentive,Forward,True,453,14.6
2026-08-16 12:53:29,97,Highly Attentive,Forward,True,454,14.7
2026-08-16 12:53:30,100,Highly Attentive,Forward,True,454,14.7
2026-08-16 12:53:31,100,Highly Attentive,Forward,True,454,14.6
2026-08-16 12:53:32,100,Highly Attentive,Forward,True,454,14.6
2026-08-16 12:53:33,98,Highly Attentive,Forward,True,454,14.6
2026-08-16 12:53:34,100,Highly Attentive,Forward,True,454,14.6
2026-08-16 12:53:35,99,Highly Attentive,Forward,True,454,14.6
2026-08-16 12:53:36,100,Highly Attentive,Forward,True,454,14.6
2026-08-16 12:53:37,100,Highly Attentive,Forward,True,454,14.6
2026-08-16 12:53:38,82,Attentive,Left,False,455,14.6
2026-08-16 12:53:39,64,Slightly Distracted,Left,True,456,14.6
2026-08-16 12:53:40,81,Attentive,Forward,False,456,14.6
2026-08-16 12:53:41,81,Attentive,Forward,False,457,14.7
2026-08-16 12:53:42,87,Highly Attentive,Forward,False,459,14.7
2026-08-16 12:53:43,80,Attentive,Forward,False,459,14.7
2026-08-16 12:53:44,97,Highly Attentive,Forward,False,460,14.7
2026-08-16 12:53:45,81,Attentive,Forward,True,461,14.8
2026-08-16 12:53:46,66,Slightly Distracted,Down,True,462,14.8
2026-08-16 12:53:47,65,Slightly Distracted,Down,True,462,14.8
2026-08-16 12:53:48,65,Slightly Distracted,Down,True,462,14.8
2026-08-16 12:53:49,59,Slightly Distracted,Down,False,462,14.8
2026-08-16 12:53:50,53,Slightly Distracted,Down,True,464,14.8
2026-08-16 12:53:51,65,Slightly Distracted,Down,True,464,14.8
2026-08-16 12:53:52,62,Slightly Distracted,Down,False,464,14.8
2026-08-16 12:53:53,50,Distracted,Down,False,466,14.9
2026-08-16 12:53:54,64,Slightly Distracted,Down,True,467,14.9
2026-08-16 12:53:55,65,Slightly Distracted,Down,True,467,14.9
2026-08-16 12:53:56,54,Slightly Distracted,Down,False,467,14.9
2026-08-16 12:53:57,61,Slightly Distracted,Down,True,468,14.9
2026-08-16 12:53:58,65,Slightly Distracted,Down,True,468,14.9
2026-08-16 12:53:59,50,Distracted,Down,False,468,14.9
2026-08-16 12:54:00,46,Distracted,Down,False,469,14.9
2026-08-16 12:54:01,64,Slightly Distracted,Down,True,470,14.9
2026-08-16 12:54:02,65,Slightly Distracted,Down,True,470,14.9
2026-08-16 12:54:03,63,Slightly Distracted,Down,False,470,14.9
2026-08-16 12:54:04,60,Slightly Distracted,Down,True,472,15.0
2026-08-16 12:54:05,65,Slightly Distracted,Down,True,472,14.9
2026-08-16 12:54:06,65,Slightly Distracted,Down,True,472,14.9
2026-08-16 12:54:07,65,Slightly Distracted,Down,True,472,14.9
2026-08-16 12:54:08,65,Slightly Distracted,Down,True,472,14.9
2026-08-16 12:54:09,62,Slightly Distracted,Down,True,473,14.9
2026-08-16 12:54:13,62,Slightly Distracted,Forward,True,473,14.9
2026-08-16 12:54:14,65,Slightly Distracted,Forward,True,473,14.9
2026-08-16 12:54:15,62,Slightly Distracted,Down,False,474,14.9
2026-08-16 12:54:16,58,Slightly Distracted,Forward,True,474,14.9
2026-08-16 12:54:17,62,Slightly Distracted,Down,True,474,14.9
2026-08-16 12:54:18,65,Slightly Distracted,Down,True,474,14.9
2026-08-16 12:54:19,63,Slightly Distracted,Down,True,474,14.9
2026-08-16 12:54:20,62,Slightly Distracted,Down,True,474,14.9
2026-08-16 12:54:21,65,Slightly Distracted,Down,True,474,14.9
2026-08-16 12:54:22,61,Slightly Distracted,Down,False,474,14.9
2026-08-16 12:54:23,49,Distracted,Down,False,476,14.9
2026-08-16 12:54:25,64,Slightly Distracted,Down,True,476,14.9
2026-08-16 12:54:26,48,Distracted,Down,True,478,15.0
2026-08-16 12:54:27,51,Slightly Distracted,Down,False,479,15.0
2026-08-16 12:54:28,60,Slightly Distracted,Down,True,481,15.1
2026-08-16 12:54:29,65,Slightly Distracted,Down,True,481,15.0
2026-08-16 12:54:30,64,Slightly Distracted,Down,False,481,15.0
2026-08-16 12:54:31,50,Slightly Distracted,Down,True,483,15.1
2026-08-16 12:54:32,65,Slightly Distracted,Down,True,483,15.1
2026-08-16 12:54:33,64,Slightly Distracted,Down,True,483,15.1
2026-08-16 12:54:34,65,Slightly Distracted,Down,True,483,15.1
2026-08-16 12:54:35,65,Slightly Distracted,Down,True,483,15.1
2026-08-16 12:54:36,65,Slightly Distracted,Down,True,483,15.1
2026-08-16 12:54:37,64,Slightly Distracted,Down,True,483,15.0
2026-08-16 12:54:38,64,Slightly Distracted,Down,True,483,15.0
2026-08-16 12:54:39,64,Slightly Distracted,Down,True,483,15.0
2026-08-16 12:54:40,56,Slightly Distracted,Down,True,485,15.1
2026-08-16 12:54:41,53,Slightly Distracted,Down,False,488,15.2
2026-08-16 12:54:42,55,Slightly Distracted,Down,False,489,15.2
2026-08-16 12:54:43,63,Slightly Distracted,Down,True,490,15.2
2026-08-16 12:54:44,54,Slightly Distracted,Down,True,491,15.2
2026-08-16 12:54:45,48,Distracted,Down,False,494,15.3
2026-08-16 12:54:46,58,Slightly Distracted,Down,True,495,15.3
2026-08-16 12:54:47,60,Slightly Distracted,Down,True,496,15.4
2026-08-16 12:54:48,61,Slightly Distracted,Down,True,496,15.4
2026-08-16 12:54:49,57,Slightly Distracted,Down,False,497,15.4
2026-08-16 12:54:50,50,Distracted,Down,False,500,15.5
2026-08-16 12:54:51,52,Slightly Distracted,Down,True,503,15.6
2026-08-16 12:54:52,56,Slightly Distracted,Down,False,503,15.5
2026-08-16 12:54:53,45,Distracted,Down,False,503,15.5
2026-08-16 12:54:54,46,Distracted,Down,False,504,15.6
2026-08-16 12:54:55,49,Distracted,Down,True,506,15.6
2026-08-16 12:54:56,57,Slightly Distracted,Down,True,507,15.6
2026-08-16 12:54:57,62,Slightly Distracted,Down,True,507,15.6
2026-08-16 12:54:58,55,Slightly Distracted,Down,True,509,15.7
2026-08-16 12:54:59,49,Distracted,Down,False,511,15.7
2026-08-16 12:55:00,52,Slightly Distracted,Down,True,514,15.8
2026-08-16 12:55:01,57,Slightly Distracted,Down,True,516,15.9
2026-08-16 12:55:02,53,Slightly Distracted,Forward,False,517,15.9
2026-08-16 12:55:03,59,Slightly Distracted,Forward,False,517,15.9
2026-08-16 12:55:04,79,Attentive,Forward,False,517,15.9
2026-08-16 12:55:05,79,Attentive,Down,True,518,15.9
2026-08-16 12:55:06,65,Slightly Distracted,Down,True,518,15.9
2026-08-16 12:55:07,65,Slightly Distracted,Down,True,518,15.9
2026-08-16 12:55:08,63,Slightly Distracted,Down,False,518,15.9
2026-08-16 12:55:09,45,Distracted,Down,False,518,15.9
2026-08-16 12:55:10,62,Slightly Distracted,Down,True,519,15.9
2026-08-16 12:55:11,65,Slightly Distracted,Down,True,519,15.9
2026-08-16 12:55:12,65,Slightly Distracted,Down,True,519,15.9
2026-08-16 12:55:14,71,Attentive,Forward,False,519,15.9
2026-08-16 12:55:15,72,Attentive,Down,True,520,15.9
2026-08-16 12:55:16,65,Slightly Distracted,Down,True,520,15.9
2026-08-16 12:55:17,65,Slightly Distracted,Down,True,520,15.9
2026-08-16 12:55:18,65,Slightly Distracted,Down,True,520,15.9
2026-08-16 12:55:19,65,Slightly Distracted,Down,True,520,15.9
2026-08-16 12:55:20,64,Slightly Distracted,Down,False,520,15.8
2026-08-16 12:55:21,59,Slightly Distracted,Down,True,521,15.9
2026-08-16 12:55:22,65,Slightly Distracted,Down,True,521,15.9
2026-08-16 12:55:23,65,Slightly Distracted,Down,True,521,15.9
2026-08-16 12:55:24,65,Slightly Distracted,Down,True,521,15.8
2026-08-16 12:55:25,65,Slightly Distracted,Down,True,521,15.8
2026-08-16 12:55:26,65,Slightly Distracted,Down,True,521,15.8
2026-08-16 12:55:27,65,Slightly Distracted,Down,True,521,15.8
2026-08-16 12:55:28,64,Slightly Distracted,Down,False,521,15.8
2026-08-16 12:55:29,65,Slightly Distracted,Down,True,521,15.8
2026-08-16 12:55:30,64,Slightly Distracted,Down,False,521,15.8
2026-08-16 12:55:31,62,Slightly Distracted,Down,True,522,15.8
2026-08-16 12:55:32,63,Slightly Distracted,Down,True,523,15.8
2026-08-16 12:55:33,65,Slightly Distracted,Down,True,523,15.8
2026-08-16 12:55:34,65,Slightly Distracted,Down,True,523,15.8
2026-08-16 12:55:35,65,Slightly Distracted,Down,True,523,15.8
2026-08-16 12:55:36,65,Slightly Distracted,Down,True,523,15.8
2026-08-16 12:55:37,64,Slightly Distracted,Down,True,523,15.8
2026-08-16 12:55:38,64,Slightly Distracted,Down,True,523,15.8
2026-08-16 12:55:39,61,Slightly Distracted,Down,True,524,15.8
2026-08-16 12:55:40,64,Slightly Distracted,Down,True,524,15.8
2026-08-16 12:55:41,81,Attentive,Forward,True,526,15.9
2026-08-16 12:55:42,95,Highly Attentive,Forward,False,527,15.9
2026-08-16 12:55:43,80,Attentive,Forward,False,527,15.9
2026-08-16 12:55:44,82,Attentive,Down,False,529,15.9
2026-08-16 12:55:45,68,Slightly Distracted,Down,False,530,15.9
2026-08-16 12:55:46,56,Slightly Distracted,Forward,True,533,16.0
2026-08-16 12:55:47,65,Slightly Distracted,Down,True,534,16.0
2026-08-16 12:55:48,57,Slightly Distracted,Down,False,534,16.0
2026-08-16 12:55:49,45,Distracted,Down,False,534,16.0
2026-08-16 12:55:50,45,Distracted,Down,False,534,16.0
2026-08-16 12:55:51,46,Distracted,Down,False,535,16.0
2026-08-16 12:55:52,50,Slightly Distracted,Down,False,536,16.1
2026-08-16 12:55:53,48,Distracted,Down,False,538,16.1
2026-08-16 12:55:54,47,Distracted,Down,False,539,16.1
2026-08-16 12:55:55,54,Slightly Distracted,Down,True,540,16.2
2026-08-16 12:55:56,65,Slightly Distracted,Down,True,540,16.2
2026-08-16 12:55:57,65,Slightly Distracted,Down,True,540,16.1
2026-08-16 12:55:58,60,Slightly Distracted,Down,True,541,16.2
2026-08-16 12:55:59,65,Slightly Distracted,Down,True,541,16.2
2026-08-16 12:56:00,64,Slightly Distracted,Down,True,541,16.2
2026-08-16 12:56:01,64,Slightly Distracted,Down,True,541,16.1
2026-08-16 12:56:02,60,Slightly Distracted,Down,True,542,16.2
2026-08-16 12:56:04,64,Slightly Distracted,Down,False,542,16.2
2026-08-16 12:56:05,62,Slightly Distracted,Down,True,543,16.2
2026-08-16 12:56:06,65,Slightly Distracted,Down,True,543,16.2
2026-08-16 12:56:07,65,Slightly Distracted,Down,True,543,16.2
2026-08-16 12:56:08,64,Slightly Distracted,Down,True,543,16.2
2026-08-16 12:56:09,65,Slightly Distracted,Down,True,543,16.1
2026-08-16 12:56:10,58,Slightly Distracted,Down,False,543,16.1
2026-08-16 12:56:11,46,Distracted,Down,False,544,16.2
2026-08-16 12:56:12,60,Slightly Distracted,Down,True,546,16.2
2026-08-16 12:56:13,65,Slightly Distracted,Down,True,546,16.2
2026-08-16 12:56:14,65,Slightly Distracted,Down,True,546,16.2
2026-08-16 12:56:15,65,Slightly Distracted,Down,True,546,16.2
2026-08-16 12:56:16,65,Slightly Distracted,Down,True,546,16.2
2026-08-16 12:56:17,65,Slightly Distracted,Down,True,546,16.2
2026-08-16 12:56:18,65,Slightly Distracted,Down,True,546,16.2
2026-08-16 12:56:19,65,Slightly Distracted,Down,True,546,16.2
2026-08-16 12:56:20,65,Slightly Distracted,Down,True,546,16.1
2026-08-16 12:56:21,65,Slightly Distracted,Down,True,546,16.1
2026-08-16 12:56:22,65,Slightly Distracted,Down,True,546,16.1
2026-08-16 12:56:23,65,Slightly Distracted,Down,True,546,16.1
2026-08-16 12:56:24,58,Slightly Distracted,Down,True,547,16.1
2026-08-16 12:56:25,65,Slightly Distracted,Down,True,547,16.1
2026-08-16 12:56:26,56,Slightly Distracted,Down,True,548,16.2
2026-08-16 12:56:27,48,Distracted,Down,False,549,16.2
2026-08-16 12:56:28,51,Slightly Distracted,Down,True,551,16.2
2026-08-16 12:56:29,49,Distracted,Down,True,553,16.3
2026-08-16 12:56:30,45,Distracted,Down,False,553,16.3
2026-08-16 12:56:31,46,Distracted,Down,False,554,16.3
2026-08-16 12:56:32,52,Slightly Distracted,Down,False,556,16.3
2026-08-16 12:56:33,59,Slightly Distracted,Down,False,556,16.3
2026-08-16 12:56:34,54,Slightly Distracted,Down,False,557,16.4
2026-08-16 12:56:35,59,Slightly Distracted,Down,True,559,16.4
2026-08-16 12:56:36,62,Slightly Distracted,Down,True,560,16.4
2026-08-16 12:56:37,64,Slightly Distracted,Down,True,560,16.4
2026-08-16 12:56:38,64,Slightly Distracted,Down,True,560,16.4
2026-08-16 12:56:39,65,Slightly Distracted,Down,True,560,16.4
2026-08-16 12:56:40,64,Slightly Distracted,Down,True,560,16.4
2026-08-16 12:56:41,62,Slightly Distracted,Down,True,561,16.4
2026-08-16 12:56:42,58,Slightly Distracted,Down,True,563,16.5
2026-08-16 12:56:43,65,Slightly Distracted,Down,True,563,16.5
2026-08-16 12:56:44,62,Slightly Distracted,Down,True,564,16.5
2026-08-16 12:56:45,64,Slightly Distracted,Down,True,564,16.5
2026-08-16 12:56:46,60,Slightly Distracted,Down,False,564,16.5
2026-08-16 12:56:47,54,Slightly Distracted,Down,False,567,16.5
2026-08-16 12:56:48,54,Slightly Distracted,Down,True,568,16.6
2026-08-16 12:56:49,59,Slightly Distracted,Down,True,569,16.6
2026-08-16 12:56:50,60,Slightly Distracted,Down,True,570,16.6
2026-08-16 12:56:51,78,Attentive,Forward,True,571,16.6
2026-08-16 12:56:52,100,Highly Attentive,Forward,True,571,16.6
2026-08-16 12:56:53,100,Highly Attentive,Forward,True,571,16.6
2026-08-16 12:56:55,100,Highly Attentive,Forward,True,571,16.6
2026-08-16 12:56:56,100,Highly Attentive,Forward,True,571,16.6
2026-08-16 12:56:57,100,Highly Attentive,Forward,True,571,16.6
2026-08-16 12:56:58,97,Highly Attentive,Forward,True,572,16.6
2026-08-16 12:56:59,68,Slightly Distracted,Down,False,572,16.6
2026-08-16 12:57:00,56,Slightly Distracted,Down,True,573,16.6
2026-08-16 12:57:01,56,Slightly Distracted,Down,True,575,16.7
2026-08-16 12:57:02,63,Slightly Distracted,Down,True,576,16.7
2026-08-16 12:57:03,65,Slightly Distracted,Down,True,576,16.7
2026-08-16 12:57:04,64,Slightly Distracted,Down,False,576,16.7
2026-08-16 12:57:05,58,Slightly Distracted,Down,True,577,16.7
2026-08-16 12:57:06,64,Slightly Distracted,Down,True,577,16.7
2026-08-16 12:57:07,59,Slightly Distracted,Down,True,579,16.7
2026-08-16 12:57:08,62,Slightly Distracted,Down,True,580,16.8
2026-08-16 12:57:09,62,Slightly Distracted,Down,True,581,16.8
2026-08-16 12:57:10,53,Slightly Distracted,Down,True,582,16.8
2026-08-16 12:57:11,47,Distracted,Down,False,584,16.8
2026-08-16 12:57:12,63,Slightly Distracted,Down,True,585,16.9
2026-08-16 12:57:13,49,Distracted,Down,False,587,16.9
2026-08-16 12:57:14,48,Distracted,Down,False,588,16.9
2026-08-16 12:57:15,45,Distracted,Down,False,588,16.9
2026-08-16 12:57:16,45,Distracted,Down,False,588,16.9
2026-08-16 12:57:17,50,Distracted,Down,False,589,16.9
2026-08-16 12:57:18,45,Distracted,Down,False,589,16.9
2026-08-16 12:57:19,50,Slightly Distracted,Down,False,591,17.0
2026-08-16 12:57:20,50,Distracted,Down,True,594,17.1
2026-08-16 12:57:21,56,Slightly Distracted,Down,True,595,17.1
2026-08-16 12:57:22,62,Slightly Distracted,Down,True,595,17.1
2026-08-16 12:57:23,58,Slightly Distracted,Down,True,598,17.1
2026-08-16 12:57:24,62,Slightly Distracted,Down,False,599,17.2
2026-08-16 12:57:25,54,Slightly Distracted,Down,False,600,17.2
2026-08-16 12:57:26,55,Slightly Distracted,Down,True,601,17.2
2026-08-16 12:57:27,62,Slightly Distracted,Down,False,601,17.2
2026-08-16 12:57:28,62,Slightly Distracted,Down,True,603,17.2
2026-08-16 12:57:29,59,Slightly Distracted,Down,True,604,17.3
2026-08-16 12:57:30,56,Slightly Distracted,Down,True,606,17.3
2026-08-16 12:57:31,64,Slightly Distracted,Down,True,606,17.3
2026-08-16 12:57:34,64,Slightly Distracted,Down,True,606,17.3
2026-08-16 12:57:35,65,Slightly Distracted,Down,True,606,17.3
2026-08-16 12:57:36,65,Slightly Distracted,Down,True,606,17.3
2026-08-16 12:57:37,65,Slightly Distracted,Down,True,606,17.3
2026-08-16 12:57:41,65,Slightly Distracted,Down,True,606,17.2
2026-08-16 12:57:42,65,Slightly Distracted,Forward,False,606,17.2
2026-08-16 12:57:43,70,Slightly Distracted,Down,False,606,17.2
2026-08-16 12:57:44,50,Distracted,Down,True,609,17.3
2026-08-16 12:57:45,62,Slightly Distracted,Down,True,610,17.3
2026-08-16 12:57:49,62,Slightly Distracted,Down,True,610,17.3
2026-08-16 12:57:50,48,Distracted,Down,False,610,17.3
2026-08-16 12:57:54,48,Distracted,Down,True,611,17.3
2026-08-16 12:57:55,51,Slightly Distracted,Down,True,611,17.3
2026-08-16 12:57:57,55,Slightly Distracted,Down,True,611,17.2
2026-08-16 12:58:12,57,Slightly Distracted,Forward,True,611,17.1
2026-08-16 12:58:13,50,Slightly Distracted,Down,False,611,17.1
2026-08-16 12:58:14,47,Distracted,Down,False,612,17.1
2026-08-16 12:58:15,57,Slightly Distracted,Down,True,615,17.2
2026-08-16 12:58:16,59,Slightly Distracted,Down,True,617,17.3
2026-08-16 12:58:17,65,Slightly Distracted,Down,True,617,17.2
2026-08-16 12:58:18,65,Slightly Distracted,Down,True,617,17.2
2026-08-16 12:58:19,62,Slightly Distracted,Down,True,618,17.3
2026-08-16 12:58:20,53,Slightly Distracted,Down,True,620,17.3
2026-08-16 12:58:21,56,Slightly Distracted,Down,False,621,17.3
2026-08-16 12:58:22,62,Slightly Distracted,Down,True,622,17.3
2026-08-16 12:58:23,51,Slightly Distracted,Down,False,625,17.4
2026-08-16 12:58:24,51,Slightly Distracted,Down,True,627,17.5
2026-08-16 12:58:25,60,Slightly Distracted,Down,False,629,17.5
2026-08-16 12:58:26,60,Slightly Distracted,Down,False,630,17.5
2026-08-16 12:58:27,62,Slightly Distracted,Down,True,630,17.5
2026-08-16 12:58:28,64,Slightly Distracted,Down,True,630,17.5
2026-08-16 12:58:29,60,Slightly Distracted,Down,False,631,17.5
2026-08-16 12:58:40,57,Slightly Distracted,Down,True,632,17.5
2026-08-16 12:58:42,56,Slightly Distracted,Down,True,633,17.5
2026-08-16 12:58:43,56,Slightly Distracted,Down,False,634,17.5
2026-08-16 12:58:44,52,Slightly Distracted,Down,True,635,17.5
2026-08-16 12:58:45,64,Slightly Distracted,Down,True,635,17.5
2026-08-16 12:58:46,55,Slightly Distracted,Down,True,636,17.5
2026-08-16 12:58:47,50,Distracted,Down,False,637,17.6
2026-08-16 12:58:48,55,Slightly Distracted,Down,False,639,17.6
2026-08-16 12:58:49,53,Slightly Distracted,Down,False,641,17.7
2026-08-16 12:58:50,56,Slightly Distracted,Down,False,643,17.7
2026-08-16 12:58:51,46,Distracted,Down,False,644,17.7
2026-08-16 12:58:52,45,Distracted,Down,False,644,17.7
2026-08-16 12:58:53,50,Distracted,Down,False,646,17.8
2026-08-16 12:58:54,59,Slightly Distracted,Left,True,648,17.8
2026-08-16 12:58:55,65,Slightly Distracted,Down,True,648,17.8
2026-08-16 12:58:56,62,Slightly Distracted,Down,True,648,17.8
2026-08-16 12:58:57,56,Slightly Distracted,Down,True,650,17.8
2026-08-16 12:58:58,48,Distracted,Down,True,652,17.9
2026-08-16 12:58:59,55,Slightly Distracted,Down,True,654,17.9
2026-08-16 12:59:00,64,Slightly Distracted,Down,True,654,17.9
2026-08-16 12:59:01,62,Slightly Distracted,Down,True,655,17.9
2026-08-16 12:59:02,61,Slightly Distracted,Down,False,655,17.9
2026-08-16 12:59:03,46,Distracted,Down,False,656,18.0
2026-08-16 12:59:04,45,Distracted,Down,False,656,17.9
2026-08-16 12:59:05,46,Distracted,Down,False,657,18.0
2026-08-16 12:59:06,62,Slightly Distracted,Down,True,659,18.0
2026-08-16 12:59:07,62,Slightly Distracted,Down,True,659,18.0
2026-08-16 12:59:08,63,Slightly Distracted,Down,True,659,18.0
2026-08-16 12:59:09,62,Slightly Distracted,Down,False,659,18.0
2026-08-16 12:59:10,60,Slightly Distracted,Down,True,660,18.0
2026-08-16 12:59:11,56,Slightly Distracted,Down,False,661,18.0
2026-08-16 12:59:12,60,Slightly Distracted,Down,False,661,18.0
2026-08-16 12:59:13,58,Slightly Distracted,Down,True,662,18.0
2026-08-16 12:59:14,65,Slightly Distracted,Down,True,662,18.0
2026-08-16 12:59:15,65,Slightly Distracted,Down,True,662,18.0
2026-08-16 12:59:17,64,Slightly Distracted,Down,True,662,18.0
2026-08-16 12:59:18,56,Slightly Distracted,Down,False,663,18.0
2026-08-16 12:59:19,53,Slightly Distracted,Down,False,667,18.1
2026-08-16 12:59:20,60,Slightly Distracted,Down,False,667,18.1
2026-08-16 12:59:21,57,Slightly Distracted,Down,False,668,18.1
2026-08-16 12:59:22,60,Slightly Distracted,Down,True,668,18.1
2026-08-16 12:59:23,62,Slightly Distracted,Down,True,668,18.1
2026-08-16 12:59:24,62,Slightly Distracted,Down,True,669,18.1
2026-08-16 12:59:37,63,Slightly Distracted,Down,True,669,18.0
2026-08-16 12:59:38,58,Slightly Distracted,Down,True,670,18.0
2026-08-16 12:59:39,65,Slightly Distracted,Down,True,670,18.0
2026-08-16 12:59:40,60,Slightly Distracted,Down,True,671,18.1
2026-08-16 12:59:41,64,Slightly Distracted,Down,True,671,18.0
2026-08-16 12:59:42,87,Highly Attentive,Forward,True,672,18.1
2026-08-16 12:59:43,100,Highly Attentive,Forward,True,672,18.1
2026-08-16 12:59:44,64,Slightly Distracted,Down,True,673,18.1
2026-08-16 12:59:45,69,Slightly Distracted,Forward,False,673,18.1
2026-08-16 12:59:46,78,Attentive,Forward,False,673,18.1
2026-08-16 12:59:48,93,Highly Attentive,Forward,False,674,18.1
2026-08-16 12:59:49,86,Highly Attentive,Forward,False,675,18.1
2026-08-16 12:59:50,98,Highly Attentive,Forward,True,676,18.1
2026-08-16 12:59:51,100,Highly Attentive,Forward,True,676,18.1
2026-08-16 12:59:52,100,Highly Attentive,Forward,True,676,18.1
2026-08-16 12:59:53,100,Highly Attentive,Forward,True,676,18.1
2026-08-16 12:59:54,100,Highly Attentive,Forward,True,676,18.1
2026-08-16 12:59:55,88,Highly Attentive,Forward,False,677,18.1
2026-08-16 12:59:56,80,Attentive,Forward,False,677,18.1
2026-08-16 12:59:57,80,Attentive,Forward,False,677,18.1
2026-08-16 12:59:58,89,Highly Attentive,Forward,True,679,18.1
2026-08-16 12:59:59,83,Attentive,Forward,False,679,18.1
2026-08-16 13:00:00,64,Slightly Distracted,Down,False,679,18.1
2026-08-16 13:00:01,50,Slightly Distracted,Down,False,680,18.1
2026-08-16 13:00:02,56,Slightly Distracted,Down,True,682,18.2
2026-08-16 13:00:03,57,Slightly Distracted,Down,True,684,18.2
2026-08-16 13:00:05,65,Slightly Distracted,Down,True,684,18.2
2026-08-16 13:00:06,58,Slightly Distracted,Down,True,685,18.2
2026-08-16 13:00:07,63,Slightly Distracted,Down,True,685,18.2
2026-08-16 13:00:08,65,Slightly Distracted,Down,True,685,18.2
2026-08-16 13:00:12,63,Slightly Distracted,Down,False,685,18.2
2026-08-16 13:00:13,58,Slightly Distracted,Down,False,685,18.2
2026-08-16 13:00:14,59,Slightly Distracted,Down,True,687,18.2
2026-08-16 13:00:15,65,Slightly Distracted,Down,True,687,18.2
2026-08-16 13:00:16,65,Slightly Distracted,Down,True,687,18.2
2026-08-16 13:00:17,65,Slightly Distracted,Down,True,687,18.2
2026-08-16 13:00:18,65,Slightly Distracted,Down,True,687,18.2
2026-08-16 13:00:19,65,Slightly Distracted,Down,True,687,18.2
2026-08-16 13:00:20,65,Slightly Distracted,Down,True,687,18.2
2026-08-16 13:00:21,65,Slightly Distracted,Down,True,687,18.2
2026-08-16 13:00:22,65,Slightly Distracted,Down,True,687,18.1
2026-08-16 13:00:23,65,Slightly Distracted,Down,True,687,18.1
2026-08-16 13:00:24,65,Slightly Distracted,Down,True,687,18.1
2026-08-16 13:00:25,65,Slightly Distracted,Down,True,687,18.1
2026-08-16 13:00:26,57,Slightly Distracted,Down,False,687,18.1
2026-08-16 13:00:27,54,Slightly Distracted,Down,False,689,18.2
2026-08-16 13:00:28,93,Highly Attentive,Forward,True,690,18.2
2026-08-16 13:00:29,66,Slightly Distracted,Forward,True,692,18.2
2026-08-16 13:00:30,100,Highly Attentive,Forward,True,692,18.2
2026-08-16 13:00:31,100,Highly Attentive,Forward,True,692,18.2
2026-08-16 13:00:32,100,Highly Attentive,Forward,True,692,18.2
2026-08-16 13:00:34,100,Highly Attentive,Forward,True,692,18.2
2026-08-16 13:00:35,100,Highly Attentive,Forward,True,692,18.2
2026-08-16 13:00:36,100,Highly Attentive,Forward,True,692,18.2
2026-08-16 13:00:37,100,Highly Attentive,Forward,True,692,18.2
2026-08-16 13:00:38,100,Highly Attentive,Forward,True,692,18.2
2026-08-16 13:00:39,93,Highly Attentive,Forward,True,693,18.2
2026-08-16 13:00:40,100,Highly Attentive,Forward,True,693,18.2
2026-08-16 13:00:41,100,Highly Attentive,Forward,True,693,18.2
2026-08-16 13:00:42,100,Highly Attentive,Forward,True,693,18.2
2026-08-16 13:00:43,100,Highly Attentive,Forward,True,693,18.1
2026-08-16 13:00:44,100,Highly Attentive,Forward,True,693,18.1
2026-08-16 13:00:45,100,Highly Attentive,Forward,True,693,18.1
2026-08-16 13:00:46,100,Highly Attentive,Forward,True,693,18.1
2026-08-16 13:00:47,100,Highly Attentive,Forward,True,693,18.1
2026-08-16 13:00:48,100,Highly Attentive,Forward,True,693,18.1
2026-08-16 13:00:49,100,Highly Attentive,Forward,True,693,18.1
2026-08-16 13:00:50,100,Highly Attentive,Forward,True,693,18.1
2026-08-16 13:00:51,100,Highly Attentive,Forward,True,693,18.1
2026-08-16 13:00:52,100,Highly Attentive,Forward,True,693,18.1
2026-08-16 13:00:53,100,Highly Attentive,Forward,True,693,18.1
2026-08-16 13:00:54,100,Highly Attentive,Forward,True,693,18.1
2026-08-16 13:00:55,100,Highly Attentive,Forward,True,693,18.0
2026-08-16 13:00:56,100,Highly Attentive,Forward,True,693,18.0
2026-08-16 13:00:57,100,Highly Attentive,Forward,True,693,18.0
2026-08-16 13:00:58,100,Highly Attentive,Forward,True,693,18.0
2026-08-16 13:00:59,100,Highly Attentive,Forward,True,693,18.0
2026-08-16 13:01:00,100,Highly Attentive,Forward,True,693,18.0
2026-08-16 13:01:01,100,Highly Attentive,Forward,True,693,18.0
2026-08-16 13:01:02,100,Highly Attentive,Forward,True,693,18.0
2026-08-16 13:01:03,100,Highly Attentive,Forward,True,693,18.0
2026-08-16 13:01:04,100,Highly Attentive,Forward,True,693,18.0
2026-08-16 13:01:05,100,Highly Attentive,Forward,True,693,18.0
2026-08-16 13:01:06,100,Highly Attentive,Forward,True,693,18.0
2026-08-16 13:01:07,100,Highly Attentive,Forward,True,693,18.0
2026-08-16 13:01:08,100,Highly Attentive,Forward,True,693,17.9
2026-08-16 13:01:09,100,Highly Attentive,Forward,True,693,17.9
2026-08-16 13:01:10,100,Highly Attentive,Forward,True,693,17.9
2026-08-16 13:01:11,100,Highly Attentive,Forward,True,693,17.9
2026-08-16 13:01:12,100,Highly Attentive,Forward,True,693,17.9
2026-08-16 13:01:13,100,Highly Attentive,Forward,True,693,17.9
2026-08-16 13:01:14,100,Highly Attentive,Forward,True,693,17.9
2026-08-16 13:01:15,100,Highly Attentive,Forward,True,693,17.9
2026-08-16 13:01:16,100,Highly Attentive,Forward,True,693,17.9
2026-08-16 13:01:17,100,Highly Attentive,Forward,True,693,17.9
2026-08-16 13:01:18,100,Highly Attentive,Forward,True,693,17.9
2026-08-16 13:01:19,100,Highly Attentive,Forward,True,693,17.9
2026-08-16 13:01:20,100,Highly Attentive,Forward,True,693,17.8
2026-08-16 13:01:21,100,Highly Attentive,Forward,True,693,17.8
2026-08-16 13:01:22,100,Highly Attentive,Forward,True,693,17.8
2026-08-16 13:01:23,100,Highly Attentive,Forward,True,693,17.8
2026-08-16 13:01:24,100,Highly Attentive,Forward,True,693,17.8
2026-08-16 13:01:26,100,Highly Attentive,Forward,True,693,17.8
2026-08-16 13:01:27,100,Highly Attentive,Forward,True,693,17.8
2026-08-16 13:01:28,100,Highly Attentive,Forward,True,693,17.8
2026-08-16 13:01:29,100,Highly Attentive,Forward,True,693,17.8
2026-08-16 13:01:30,100,Highly Attentive,Forward,True,693,17.8
2026-08-16 13:01:31,97,Highly Attentive,Forward,True,694,17.8
2026-08-16 13:01:32,100,Highly Attentive,Forward,True,694,17.8
2026-08-16 13:01:33,100,Highly Attentive,Forward,True,694,17.8
2026-08-16 13:01:34,99,Highly Attentive,Forward,True,694,17.8
2026-08-16 13:01:35,100,Highly Attentive,Forward,True,694,17.8
2026-08-16 13:01:36,100,Highly Attentive,Forward,True,694,17.8
2026-08-16 13:01:37,100,Highly Attentive,Forward,True,694,17.7
2026-08-16 13:01:38,100,Highly Attentive,Forward,True,694,17.7
2026-08-16 13:01:39,100,Highly Attentive,Forward,True,694,17.7
2026-08-16 13:01:40,100,Highly Attentive,Forward,True,694,17.7
2026-08-16 13:01:41,99,Highly Attentive,Forward,True,694,17.7
2026-08-16 13:01:42,100,Highly Attentive,Forward,True,694,17.7
2026-08-16 13:01:43,100,Highly Attentive,Forward,True,694,17.7
2026-08-16 13:01:44,100,Highly Attentive,Forward,True,694,17.7
2026-08-16 13:01:45,100,Highly Attentive,Forward,True,694,17.7
2026-08-16 13:01:46,100,Highly Attentive,Forward,True,694,17.7
2026-08-16 13:01:47,100,Highly Attentive,Forward,True,694,17.7
2026-08-16 13:01:48,100,Highly Attentive,Forward,True,694,17.7
2026-08-16 13:01:49,100,Highly Attentive,Forward,True,694,17.7
2026-08-16 13:01:50,100,Highly Attentive,Forward,True,694,17.6
2026-08-16 13:01:51,100,Highly Attentive,Forward,True,694,17.6
2026-08-16 13:01:52,100,Highly Attentive,Forward,True,694,17.6
2026-08-16 13:01:53,91,Highly Attentive,Forward,True,694,17.6
2026-08-16 13:01:54,100,Highly Attentive,Forward,True,694,17.6
2026-08-16 13:01:55,100,Highly Attentive,Forward,True,694,17.6
2026-08-16 13:01:56,100,Highly Attentive,Forward,True,694,17.6
2026-08-16 13:01:57,100,Highly Attentive,Forward,True,694,17.6
2026-08-16 13:01:58,100,Highly Attentive,Forward,True,694,17.6
2026-08-16 13:01:59,100,Highly Attentive,Forward,True,694,17.6
2026-08-16 13:02:00,100,Highly Attentive,Forward,True,694,17.6
2026-08-16 13:02:01,100,Highly Attentive,Forward,True,694,17.6
2026-08-16 13:02:02,100,Highly Attentive,Forward,True,694,17.6
2026-08-16 13:02:03,100,Highly Attentive,Forward,True,694,17.6
2026-08-16 13:02:04,100,Highly Attentive,Forward,True,694,17.5
2026-08-16 13:02:05,100,Highly Attentive,Forward,True,694,17.5
2026-08-16 13:02:06,100,Highly Attentive,Forward,True,694,17.5
2026-08-16 13:02:07,100,Highly Attentive,Forward,True,694,17.5
2026-08-16 13:02:08,100,Highly Attentive,Forward,True,694,17.5
2026-08-16 13:02:09,100,Highly Attentive,Forward,True,694,17.5
2026-08-16 13:02:10,100,Highly Attentive,Forward,True,694,17.5
2026-08-16 13:02:11,100,Highly Attentive,Forward,True,694,17.5
2026-08-16 13:02:12,98,Highly Attentive,Forward,True,695,17.5
2026-08-16 13:02:13,100,Highly Attentive,Forward,True,695,17.5
2026-08-16 13:02:15,100,Highly Attentive,Forward,True,695,17.5
2026-08-16 13:02:16,98,Highly Attentive,Forward,True,696,17.5
2026-08-16 13:02:17,100,Highly Attentive,Forward,True,696,17.5
2026-08-16 13:02:18,100,Highly Attentive,Forward,True,696,17.5
2026-08-16 13:02:19,100,Highly Attentive,Forward,True,696,17.5
2026-08-16 13:02:20,100,Highly Attentive,Forward,True,696,17.5
2026-08-16 13:02:21,100,Highly Attentive,Forward,True,696,17.5
2026-08-16 13:02:22,100,Highly Attentive,Forward,True,696,17.5
2026-08-16 13:02:23,100,Highly Attentive,Forward,True,696,17.5
2026-08-16 13:02:24,100,Highly Attentive,Forward,True,696,17.5
2026-08-16 13:02:25,100,Highly Attentive,Forward,True,696,17.4
2026-08-16 13:02:26,100,Highly Attentive,Forward,True,696,17.4
2026-08-16 13:02:27,100,Highly Attentive,Forward,True,696,17.4
2026-08-16 13:02:28,100,Highly Attentive,Forward,True,696,17.4
2026-08-16 13:02:29,100,Highly Attentive,Forward,True,696,17.4
2026-08-16 13:02:30,100,Highly Attentive,Forward,True,696,17.4
2026-08-16 13:02:31,98,Highly Attentive,Forward,True,697,17.4
2026-08-16 13:02:32,100,Highly Attentive,Forward,True,697,17.4
2026-08-16 13:02:33,72,Attentive,Down,True,697,17.4
2026-08-16 13:02:34,65,Slightly Distracted,Down,True,697,17.4
2026-08-16 13:02:35,92,Highly Attentive,Forward,True,698,17.4
2026-08-16 13:02:36,100,Highly Attentive,Forward,True,698,17.4
2026-08-16 13:02:37,100,Highly Attentive,Forward,True,698,17.4
2026-08-16 13:02:38,100,Highly Attentive,Forward,True,698,17.4
2026-08-16 13:02:39,100,Highly Attentive,Forward,True,698,17.4
2026-08-16 13:02:40,99,Highly Attentive,Forward,True,698,17.4
2026-08-16 13:02:41,100,Highly Attentive,Forward,True,698,17.4
2026-08-16 13:02:42,98,Highly Attentive,Forward,True,699,17.4
2026-08-16 13:02:43,100,Highly Attentive,Forward,True,699,17.4
2026-08-16 13:02:44,98,Highly Attentive,Forward,True,699,17.4
2026-08-16 13:02:45,98,Highly Attentive,Forward,True,700,17.4
2026-08-16 13:02:46,100,Highly Attentive,Forward,True,700,17.4
2026-08-16 13:02:47,100,Highly Attentive,Forward,True,700,17.4
2026-08-16 13:02:48,100,Highly Attentive,Forward,True,700,17.4
2026-08-16 13:02:49,100,Highly Attentive,Forward,True,700,17.4
2026-08-16 13:02:50,100,Highly Attentive,Forward,True,700,17.4
2026-08-16 13:02:51,98,Highly Attentive,Forward,True,701,17.4
2026-08-16 13:02:52,100,Highly Attentive,Forward,True,701,17.4
2026-08-16 13:02:53,100,Highly Attentive,Forward,True,701,17.4
2026-08-16 13:02:54,100,Highly Attentive,Forward,True,701,17.4
2026-08-16 13:02:55,100,Highly Attentive,Forward,True,701,17.3
2026-08-16 13:02:56,100,Highly Attentive,Forward,True,701,17.3
2026-08-16 13:02:57,100,Highly Attentive,Forward,True,701,17.3
2026-08-16 13:02:58,97,Highly Attentive,Forward,True,702,17.4
2026-08-16 13:02:59,100,Highly Attentive,Forward,True,702,17.3
2026-08-16 13:03:00,100,Highly Attentive,Forward,True,702,17.3
2026-08-16 13:03:01,100,Highly Attentive,Forward,True,702,17.3
2026-08-16 13:03:02,100,Highly Attentive,Forward,True,702,17.3
2026-08-16 13:03:03,100,Highly Attentive,Forward,True,702,17.3
2026-08-16 13:03:04,98,Highly Attentive,Forward,True,703,17.3
2026-08-16 13:03:06,100,Highly Attentive,Forward,True,703,17.3
2026-08-16 13:03:07,100,Highly Attentive,Forward,True,703,17.3
2026-08-16 13:03:08,97,Highly Attentive,Forward,True,704,17.3
2026-08-16 13:03:09,100,Highly Attentive,Forward,True,704,17.3
2026-08-16 13:03:10,100,Highly Attentive,Forward,True,704,17.3
2026-08-16 13:03:11,97,Highly Attentive,Forward,True,705,17.3
2026-08-16 13:03:12,100,Highly Attentive,Forward,True,705,17.3
2026-08-16 13:03:13,97,Highly Attentive,Forward,True,706,17.3
2026-08-16 13:03:14,100,Highly Attentive,Forward,True,706,17.3
2026-08-16 13:03:15,100,Highly Attentive,Forward,True,706,17.3
2026-08-16 13:03:16,100,Highly Attentive,Forward,True,706,17.3
2026-08-16 13:03:17,100,Highly Attentive,Forward,True,706,17.3
2026-08-16 13:03:18,100,Highly Attentive,Forward,True,706,17.3
2026-08-16 13:03:19,100,Highly Attentive,Forward,True,706,17.3
2026-08-16 13:03:20,97,Highly Attentive,Forward,True,707,17.3
2026-08-16 13:03:21,100,Highly Attentive,Forward,True,707,17.3
2026-08-16 13:03:22,100,Highly Attentive,Forward,True,707,17.3
2026-08-16 13:03:23,100,Highly Attentive,Forward,True,707,17.3
2026-08-16 13:03:24,100,Highly Attentive,Forward,True,707,17.3
2026-08-16 13:03:25,100,Highly Attentive,Forward,True,707,17.3
2026-08-16 13:03:26,100,Highly Attentive,Forward,True,707,17.3
2026-08-16 13:03:27,100,Highly Attentive,Forward,True,707,17.3
2026-08-16 13:03:28,100,Highly Attentive,Forward,True,707,17.3
2026-08-16 13:03:29,100,Highly Attentive,Forward,True,707,17.3
2026-08-16 13:03:30,100,Highly Attentive,Forward,True,707,17.2
2026-08-16 13:03:31,100,Highly Attentive,Forward,True,707,17.2
2026-08-16 13:03:32,100,Highly Attentive,Forward,True,707,17.2
2026-08-16 13:03:33,100,Highly Attentive,Forward,True,707,17.2
2026-08-16 13:03:34,100,Highly Attentive,Forward,True,707,17.2
2026-08-16 13:03:35,100,Highly Attentive,Forward,True,707,17.2
2026-08-16 13:03:36,100,Highly Attentive,Forward,True,707,17.2
2026-08-16 13:03:37,100,Highly Attentive,Forward,True,707,17.2
2026-08-16 13:03:38,100,Highly Attentive,Forward,True,707,17.2
2026-08-16 13:03:39,100,Highly Attentive,Forward,True,707,17.2
2026-08-16 13:03:40,100,Highly Attentive,Forward,True,707,17.2
2026-08-16 13:03:41,100,Highly Attentive,Forward,True,707,17.2
2026-08-16 13:03:42,100,Highly Attentive,Forward,True,707,17.2
2026-08-16 13:03:43,100,Highly Attentive,Forward,True,707,17.2
2026-08-16 13:03:44,100,Highly Attentive,Forward,True,707,17.1
2026-08-16 13:03:45,86,Highly Attentive,Down,True,708,17.2
2026-08-16 13:03:46,65,Slightly Distracted,Down,True,708,17.2
2026-08-16 13:03:47,71,Attentive,Right,True,709,17.2
2026-08-16 13:03:48,63,Slightly Distracted,Forward,True,710,17.2
2026-08-16 13:03:49,76,Attentive,Right,True,711,17.2
2026-08-16 13:03:50,82,Attentive,Forward,True,714,17.3
2026-08-16 13:03:51,97,Highly Attentive,Forward,True,715,17.3
2026-08-16 13:03:52,95,Highly Attentive,Forward,True,717,17.3
2026-08-16 13:03:53,100,Highly Attentive,Forward,True,717,17.3
2026-08-16 13:03:55,100,Highly Attentive,Forward,True,717,17.3
2026-08-16 13:03:56,100,Highly Attentive,Forward,True,717,17.3
2026-08-16 13:03:57,100,Highly Attentive,Forward,True,717,17.3
2026-08-16 13:03:58,100,Highly Attentive,Forward,True,717,17.3
2026-08-16 13:03:59,100,Highly Attentive,Forward,True,717,17.3
2026-08-16 13:04:00,100,Highly Attentive,Forward,True,717,17.3
2026-08-16 13:04:01,100,Highly Attentive,Forward,True,717,17.3
2026-08-16 13:04:02,100,Highly Attentive,Forward,True,717,17.3
2026-08-16 13:04:03,100,Highly Attentive,Forward,True,717,17.3
2026-08-16 13:04:04,100,Highly Attentive,Forward,True,717,17.3
2026-08-16 13:04:05,100,Highly Attentive,Forward,True,717,17.3
2026-08-16 13:04:06,100,Highly Attentive,Forward,True,717,17.2
2026-08-16 13:04:07,100,Highly Attentive,Forward,True,717,17.2
2026-08-16 13:04:08,100,Highly Attentive,Forward,True,717,17.2
2026-08-16 13:04:09,100,Highly Attentive,Forward,True,717,17.2
2026-08-16 13:04:10,100,Highly Attentive,Forward,True,717,17.2
2026-08-16 13:04:11,100,Highly Attentive,Forward,True,717,17.2
2026-08-16 13:04:12,100,Highly Attentive,Forward,True,717,17.2
2026-08-16 13:04:13,100,Highly Attentive,Forward,True,717,17.2
2026-08-16 13:04:14,100,Highly Attentive,Forward,True,717,17.2
2026-08-16 13:04:15,100,Highly Attentive,Forward,True,717,17.2
2026-08-16 13:04:16,100,Highly Attentive,Forward,True,717,17.2
2026-08-16 13:04:17,100,Highly Attentive,Forward,True,717,17.2
2026-08-16 13:04:18,100,Highly Attentive,Forward,True,717,17.2
2026-08-16 13:04:19,100,Highly Attentive,Forward,True,717,17.2
2026-08-16 13:04:20,100,Highly Attentive,Forward,True,717,17.1
2026-08-16 13:04:21,100,Highly Attentive,Forward,True,717,17.1
2026-08-16 13:04:22,98,Highly Attentive,Forward,True,718,17.2
2026-08-16 13:04:23,100,Highly Attentive,Forward,True,718,17.1
2026-08-16 13:04:24,100,Highly Attentive,Forward,True,718,17.1
2026-08-16 13:04:25,97,Highly Attentive,Forward,True,719,17.2
2026-08-16 13:04:26,99,Highly Attentive,Forward,True,719,17.2
2026-08-16 13:04:27,99,Highly Attentive,Forward,True,719,17.1
2026-08-16 13:04:28,97,Highly Attentive,Forward,True,719,17.1
2026-08-16 13:04:29,99,Highly Attentive,Forward,True,719,17.1
2026-08-16 13:04:30,99,Highly Attentive,Forward,True,719,17.1
2026-08-16 13:04:31,99,Highly Attentive,Forward,True,719,17.1
2026-08-16 13:04:32,94,Highly Attentive,Forward,False,720,17.1
2026-08-16 13:04:33,100,Highly Attentive,Forward,True,721,17.1
2026-08-16 13:04:34,95,Highly Attentive,Forward,False,721,17.1
2026-08-16 13:04:35,99,Highly Attentive,Forward,True,722,17.2
2026-08-16 13:04:36,86,Highly Attentive,Forward,False,723,17.2
2026-08-16 13:04:37,95,Highly Attentive,Forward,True,726,17.2
2026-08-16 13:04:38,100,Highly Attentive,Forward,True,726,17.2
2026-08-16 13:04:39,89,Highly Attentive,Forward,False,726,17.2
2026-08-16 13:04:40,80,Attentive,Forward,False,726,17.2
2026-08-16 13:04:41,100,Highly Attentive,Forward,True,727,17.2
2026-08-16 13:04:42,100,Highly Attentive,Forward,True,727,17.2
2026-08-16 13:04:44,98,Highly Attentive,Forward,True,728,17.2
2026-08-16 13:04:45,100,Highly Attentive,Forward,True,728,17.2
2026-08-16 13:04:46,93,Highly Attentive,Forward,False,729,17.3
2026-08-16 13:04:47,94,Highly Attentive,Forward,False,730,17.3
2026-08-16 13:04:48,90,Highly Attentive,Forward,True,731,17.3
2026-08-16 13:04:49,93,Highly Attentive,Forward,True,732,17.3
2026-08-16 13:04:50,93,Highly Attentive,Forward,True,733,17.3
2026-08-16 13:04:51,91,Highly Attentive,Forward,True,734,17.3
2026-08-16 13:04:52,100,Highly Attentive,Forward,True,734,17.3
2026-08-16 13:04:53,93,Highly Attentive,Forward,True,735,17.3
2026-08-16 13:04:54,100,Highly Attentive,Forward,True,735,17.3
2026-08-16 13:04:55,87,Highly Attentive,Forward,False,736,17.4
2026-08-16 13:04:56,80,Attentive,Forward,False,736,17.4
2026-08-16 13:04:57,100,Highly Attentive,Forward,True,737,17.4
2026-08-16 13:04:58,87,Highly Attentive,Forward,False,739,17.4
2026-08-16 13:04:59,91,Highly Attentive,Forward,True,741,17.4
2026-08-16 13:05:00,89,Highly Attentive,Forward,True,743,17.5
2026-08-16 13:05:01,100,Highly Attentive,Forward,True,743,17.5
2026-08-16 13:05:02,100,Highly Attentive,Forward,True,743,17.5
2026-08-16 13:05:03,82,Attentive,Forward,False,744,17.5
2026-08-16 13:05:04,73,Attentive,Forward,False,745,17.5
2026-08-16 13:05:05,67,Slightly Distracted,Forward,False,746,17.5
2026-08-16 13:05:06,68,Slightly Distracted,Forward,False,747,17.5
2026-08-16 13:05:07,50,Distracted,Left,False,747,17.5
2026-08-16 13:05:08,62,Slightly Distracted,Forward,False,748,17.6
2026-08-16 13:05:09,57,Slightly Distracted,Left,False,748,17.5
2026-08-16 13:05:10,58,Slightly Distracted,Left,True,750,17.6
2026-08-16 13:05:11,59,Slightly Distracted,Forward,True,751,17.6
2026-08-16 13:05:12,58,Slightly Distracted,Up,True,751,17.6
2026-08-16 13:05:13,54,Slightly Distracted,Up,False,751,17.6
2026-08-16 13:05:14,53,Slightly Distracted,Left,True,753,17.6
2026-08-16 13:05:15,58,Slightly Distracted,Left,False,753,17.6
2026-08-16 13:05:16,78,Attentive,Forward,False,755,17.7
2026-08-16 13:05:17,78,Attentive,Forward,False,756,17.7
2026-08-16 13:05:18,56,Slightly Distracted,Left,True,757,17.7
2026-08-16 13:05:19,65,Slightly Distracted,Left,True,757,17.7
2026-08-16 13:05:20,65,Slightly Distracted,Left,True,757,17.7
2026-08-16 13:05:21,65,Slightly Distracted,Left,True,757,17.7
2026-08-16 13:05:22,65,Slightly Distracted,Left,True,757,17.7
2026-08-16 13:05:23,75,Attentive,Forward,True,760,17.7
2026-08-16 13:05:24,74,Attentive,Down,False,761,17.7
2026-08-16 13:05:25,79,Attentive,Forward,False,761,17.7
2026-08-16 13:05:26,79,Attentive,Forward,False,761,17.7
2026-08-16 13:05:27,86,Highly Attentive,Forward,True,764,17.8
2026-08-16 13:05:28,100,Highly Attentive,Forward,True,764,17.8
2026-08-16 13:05:29,100,Highly Attentive,Forward,True,764,17.8
2026-08-16 13:05:30,98,Highly Attentive,Forward,False,764,17.8
2026-08-16 13:05:31,100,Highly Attentive,Forward,True,765,17.8
2026-08-16 13:05:32,100,Highly Attentive,Forward,True,765,17.8
2026-08-16 13:05:33,96,Highly Attentive,Forward,True,766,17.8
2026-08-16 13:05:34,100,Highly Attentive,Forward,True,766,17.8
2026-08-16 13:05:35,100,Highly Attentive,Forward,True,766,17.8
2026-08-16 13:05:36,100,Highly Attentive,Forward,True,766,17.8
2026-08-16 13:05:37,99,Highly Attentive,Forward,True,766,17.8
2026-08-16 13:05:38,100,Highly Attentive,Forward,True,766,17.8
2026-08-16 13:05:40,100,Highly Attentive,Forward,True,766,17.8
2026-08-16 13:05:41,98,Highly Attentive,Forward,True,766,17.7
2026-08-16 13:05:42,100,Highly Attentive,Forward,True,766,17.7
2026-08-16 13:05:43,97,Highly Attentive,Forward,False,766,17.7
2026-08-16 13:05:44,98,Highly Attentive,Forward,True,767,17.7
2026-08-16 13:05:45,100,Highly Attentive,Forward,True,767,17.7
2026-08-16 13:05:46,98,Highly Attentive,Forward,True,768,17.8
2026-08-16 13:05:47,100,Highly Attentive,Forward,True,768,17.8
2026-08-16 13:05:48,97,Highly Attentive,Forward,True,769,17.8
2026-08-16 13:05:49,100,Highly Attentive,Forward,True,769,17.8
2026-08-16 13:05:50,100,Highly Attentive,Forward,True,769,17.8
2026-08-16 13:05:51,97,Highly Attentive,Forward,False,770,17.8
2026-08-16 13:05:52,97,Highly Attentive,Forward,True,771,17.8
2026-08-16 13:05:53,100,Highly Attentive,Forward,True,771,17.8
2026-08-16 13:05:54,100,Highly Attentive,Forward,True,771,17.8
2026-08-16 13:05:55,100,Highly Attentive,Forward,True,771,17.8
2026-08-16 13:05:56,100,Highly Attentive,Forward,True,771,17.8
2026-08-16 13:05:57,100,Highly Attentive,Forward,True,771,17.8
2026-08-16 13:05:58,97,Highly Attentive,Forward,True,772,17.8
2026-08-16 13:05:59,100,Highly Attentive,Forward,True,772,17.8
2026-08-16 13:06:00,100,Highly Attentive,Forward,True,772,17.8
2026-08-16 13:06:01,100,Highly Attentive,Forward,True,772,17.7
2026-08-16 13:06:02,100,Highly Attentive,Forward,True,772,17.7
2026-08-16 13:06:03,100,Highly Attentive,Forward,True,772,17.7
2026-08-16 13:06:04,100,Highly Attentive,Forward,True,772,17.7
2026-08-16 13:06:05,100,Highly Attentive,Forward,True,772,17.7
2026-08-16 13:06:06,71,Attentive,Left,True,772,17.7
2026-08-16 13:06:07,94,Highly Attentive,Forward,True,773,17.7
2026-08-16 13:06:08,99,Highly Attentive,Forward,False,773,17.7
2026-08-16 13:06:09,96,Highly Attentive,Forward,True,774,17.7
2026-08-16 13:06:10,96,Highly Attentive,Forward,True,775,17.8
2026-08-16 13:06:11,100,Highly Attentive,Forward,True,775,17.7
2026-08-16 13:06:12,100,Highly Attentive,Forward,True,775,17.7
2026-08-16 13:06:13,98,Highly Attentive,Forward,False,775,17.7
2026-08-16 13:06:14,100,Highly Attentive,Forward,True,776,17.7
2026-08-16 13:06:15,100,Highly Attentive,Forward,True,776,17.7
2026-08-16 13:06:16,97,Highly Attentive,Forward,True,777,17.8
2026-08-16 13:06:17,92,Highly Attentive,Forward,True,777,17.7
2026-08-16 13:06:18,92,Highly Attentive,Forward,True,777,17.7
2026-08-16 13:06:19,100,Highly Attentive,Forward,True,777,17.7
2026-08-16 13:06:20,100,Highly Attentive,Forward,True,777,17.7
2026-08-16 13:06:21,100,Highly Attentive,Forward,True,777,17.7
2026-08-16 13:06:22,100,Highly Attentive,Forward,True,777,17.7
2026-08-16 13:06:23,100,Highly Attentive,Forward,True,777,17.7
2026-08-16 13:06:24,100,Highly Attentive,Forward,True,777,17.7
2026-08-16 13:06:25,97,Highly Attentive,Forward,True,778,17.7
2026-08-16 13:06:26,97,Highly Attentive,Forward,True,779,17.7
2026-08-16 13:06:27,100,Highly Attentive,Forward,True,779,17.7
2026-08-16 13:06:29,100,Highly Attentive,Forward,True,779,17.7
2026-08-16 13:06:30,100,Highly Attentive,Forward,True,779,17.7
2026-08-16 13:06:31,100,Highly Attentive,Forward,True,779,17.7
2026-08-16 13:06:32,100,Highly Attentive,Forward,True,779,17.7
2026-08-16 13:06:33,77,Attentive,Right,True,780,17.7
2026-08-16 13:06:34,64,Slightly Distracted,Right,True,780,17.7
2026-08-16 13:06:35,65,Slightly Distracted,Right,True,780,17.7
2026-08-16 13:06:36,83,Attentive,Forward,False,781,17.7
2026-08-16 13:06:37,98,Highly Attentive,Forward,True,782,17.7
2026-08-16 13:06:38,86,Highly Attentive,Forward,True,784,17.8
2026-08-16 13:06:39,100,Highly Attentive,Forward,True,784,17.8
2026-08-16 13:06:40,99,Highly Attentive,Forward,True,784,17.8
2026-08-16 13:06:41,100,Highly Attentive,Forward,True,784,17.8
2026-08-16 13:06:42,100,Highly Attentive,Forward,True,784,17.7
2026-08-16 13:06:43,100,Highly Attentive,Forward,True,784,17.7
2026-08-16 13:06:44,100,Highly Attentive,Forward,True,784,17.7
2026-08-16 13:06:45,60,Slightly Distracted,Right,True,785,17.7
2026-08-16 13:06:46,65,Slightly Distracted,Right,True,785,17.7
2026-08-16 13:06:47,65,Slightly Distracted,Right,True,785,17.7
2026-08-16 13:06:48,64,Slightly Distracted,Right,True,785,17.7
2026-08-16 13:06:49,57,Slightly Distracted,Right,True,787,17.8
2026-08-16 13:06:50,70,Slightly Distracted,Forward,False,788,17.8
2026-08-16 13:06:51,79,Attentive,Forward,True,790,17.8
2026-08-16 13:06:52,97,Highly Attentive,Forward,True,791,17.8
2026-08-16 13:06:53,100,Highly Attentive,Forward,True,791,17.8
2026-08-16 13:06:54,100,Highly Attentive,Forward,True,791,17.8
2026-08-16 13:06:55,100,Highly Attentive,Forward,True,791,17.8
2026-08-16 13:06:56,100,Highly Attentive,Forward,True,791,17.8
2026-08-16 13:06:57,98,Highly Attentive,Forward,True,791,17.8
2026-08-16 13:06:58,97,Highly Attentive,Forward,True,792,17.8
2026-08-16 13:06:59,99,Highly Attentive,Forward,True,792,17.8
2026-08-16 13:07:00,100,Highly Attentive,Forward,True,792,17.8
2026-08-16 13:07:01,100,Highly Attentive,Forward,True,792,17.8
2026-08-16 13:07:02,100,Highly Attentive,Forward,True,792,17.8
2026-08-16 13:07:03,100,Highly Attentive,Forward,True,792,17.8
2026-08-16 13:07:04,100,Highly Attentive,Forward,True,792,17.8
2026-08-16 13:07:05,100,Highly Attentive,Forward,True,792,17.8
2026-08-16 13:07:06,69,Slightly Distracted,Left,True,793,17.8
2026-08-16 13:07:07,65,Slightly Distracted,Left,True,793,17.8
2026-08-16 13:07:08,69,Slightly Distracted,Forward,True,794,17.8
2026-08-16 13:07:09,100,Highly Attentive,Forward,True,794,17.8
2026-08-16 13:07:10,100,Highly Attentive,Forward,True,794,17.8
2026-08-16 13:07:11,100,Highly Attentive,Forward,True,794,17.8
2026-08-16 13:07:12,100,Highly Attentive,Forward,True,794,17.8
2026-08-16 13:07:13,70,Attentive,Down,False,795,17.8
2026-08-16 13:07:15,56,Slightly Distracted,Down,False,796,17.8
2026-08-16 13:07:16,55,Slightly Distracted,Forward,False,797,17.8
2026-08-16 13:07:17,97,Highly Attentive,Forward,True,799,17.8
2026-08-16 13:07:18,100,Highly Attentive,Forward,True,799,17.8
2026-08-16 13:07:19,100,Highly Attentive,Forward,True,799,17.8
2026-08-16 13:07:20,100,Highly Attentive,Forward,True,799,17.8
2026-08-16 13:07:21,100,Highly Attentive,Forward,True,799,17.8
2026-08-16 13:07:22,100,Highly Attentive,Forward,True,799,17.8
2026-08-16 13:07:23,100,Highly Attentive,Forward,True,799,17.8
2026-08-16 13:07:24,85,Attentive,Forward,False,799,17.8
2026-08-16 13:07:25,93,Highly Attentive,Forward,True,800,17.8
2026-08-16 13:07:26,85,Highly Attentive,Forward,False,800,17.8
2026-08-16 13:07:27,72,Attentive,Left,True,801,17.8
2026-08-16 13:07:28,65,Slightly Distracted,Left,True,801,17.8
2026-08-16 13:07:29,64,Slightly Distracted,Left,True,801,17.8
2026-08-16 13:07:30,65,Slightly Distracted,Left,True,801,17.8
2026-08-16 13:07:31,65,Slightly Distracted,Left,True,801,17.8
2026-08-16 13:07:32,65,Slightly Distracted,Left,True,801,17.8
2026-08-16 13:07:34,65,Slightly Distracted,Left,True,801,17.8
2026-08-16 13:07:35,66,Slightly Distracted,Forward,True,801,17.8
2026-08-16 13:07:36,68,Slightly Distracted,Left,True,803,17.8
2026-08-16 13:07:37,76,Attentive,Forward,True,804,17.8
2026-08-16 13:07:38,78,Attentive,Forward,False,804,17.8
2026-08-16 13:07:40,77,Attentive,Left,True,804,17.8
2026-08-16 13:07:41,64,Slightly Distracted,Forward,False,805,17.8
2026-08-16 13:07:42,72,Attentive,Forward,True,806,17.8
2026-08-16 13:07:43,48,Distracted,Forward,False,806,17.8
2026-08-16 13:07:44,78,Attentive,Forward,True,808,17.9
2026-08-16 13:07:45,85,Highly Attentive,Forward,True,808,17.9
2026-08-16 13:07:46,80,Attentive,Forward,False,809,17.9
2026-08-16 13:07:47,92,Highly Attentive,Down,True,810,17.9
2026-08-16 13:07:48,72,Attentive,Down,True,811,17.9
2026-08-16 13:07:49,64,Slightly Distracted,Down,True,811,17.9
2026-08-16 13:07:50,64,Slightly Distracted,Down,True,811,17.9
2026-08-16 13:07:51,65,Slightly Distracted,Down,True,811,17.9
2026-08-16 13:07:52,65,Slightly Distracted,Down,True,811,17.9
2026-08-16 13:07:53,70,Slightly Distracted,Forward,True,811,17.9
2026-08-16 13:07:54,100,Highly Attentive,Forward,True,811,17.9
2026-08-16 13:07:55,100,Highly Attentive,Forward,True,811,17.9
2026-08-16 13:07:56,98,Highly Attentive,Forward,True,812,17.9
2026-08-16 13:07:57,100,Highly Attentive,Forward,True,812,17.9
2026-08-16 13:07:58,98,Highly Attentive,Forward,True,813,17.9
2026-08-16 13:07:59,100,Highly Attentive,Forward,True,813,17.9
2026-08-16 13:08:00,100,Highly Attentive,Forward,True,813,17.9
2026-08-16 13:08:01,84,Attentive,Down,True,813,17.9
2026-08-16 13:08:02,65,Slightly Distracted,Down,True,813,17.9
2026-08-16 13:08:03,65,Slightly Distracted,Down,True,813,17.9
2026-08-16 13:08:04,79,Attentive,Forward,True,813,17.8
2026-08-16 13:08:05,66,Slightly Distracted,Down,True,813,17.8
2026-08-16 13:08:06,65,Slightly Distracted,Down,True,813,17.8
2026-08-16 13:08:07,64,Slightly Distracted,Down,True,813,17.8
2026-08-16 13:08:09,65,Slightly Distracted,Down,True,813,17.8
2026-08-16 13:08:10,65,Slightly Distracted,Down,True,813,17.8
2026-08-16 13:08:11,65,Slightly Distracted,Down,True,813,17.8
2026-08-16 13:08:12,64,Slightly Distracted,Right,False,813,17.8
2026-08-16 13:08:13,83,Attentive,Left,True,815,17.8
2026-08-16 13:08:14,70,Attentive,Down,True,815,17.8
2026-08-16 13:08:15,65,Slightly Distracted,Down,True,815,17.8
2026-08-16 13:08:16,62,Slightly Distracted,Down,True,815,17.8
2026-08-16 13:08:17,65,Slightly Distracted,Down,True,815,17.8
2026-08-16 13:08:18,65,Slightly Distracted,Down,True,815,17.8
2026-08-16 13:08:19,65,Slightly Distracted,Down,True,815,17.8
2026-08-16 13:08:20,65,Slightly Distracted,Down,True,815,17.8
2026-08-16 13:08:21,63,Slightly Distracted,Down,True,816,17.8
2026-08-16 13:08:22,88,Highly Attentive,Forward,True,817,17.8
2026-08-16 13:08:23,100,Highly Attentive,Forward,True,817,17.8
2026-08-16 13:08:24,100,Highly Attentive,Forward,True,817,17.8
2026-08-16 13:08:25,97,Highly Attentive,Forward,True,818,17.8
2026-08-16 13:08:26,99,Highly Attentive,Forward,True,818,17.8
2026-08-16 13:08:27,100,Highly Attentive,Forward,True,818,17.8
2026-08-16 13:08:28,72,Attentive,Down,True,818,17.8
2026-08-16 13:08:29,65,Slightly Distracted,Down,True,818,17.8
2026-08-16 13:08:30,65,Slightly Distracted,Down,True,818,17.8
2026-08-16 13:08:31,65,Slightly Distracted,Down,True,818,17.8
2026-08-16 13:08:32,63,Slightly Distracted,Down,True,819,17.8
2026-08-16 13:08:33,72,Attentive,Down,True,819,17.8
2026-08-16 13:08:34,65,Slightly Distracted,Down,True,819,17.8
2026-08-16 13:08:35,64,Slightly Distracted,Down,True,819,17.8
2026-08-16 13:08:36,65,Slightly Distracted,Down,True,819,17.8
2026-08-16 13:08:37,65,Slightly Distracted,Down,True,819,17.8
2026-08-16 13:08:38,65,Slightly Distracted,Down,True,819,17.8
2026-08-16 13:08:39,65,Slightly Distracted,Down,True,819,17.8
2026-08-16 13:08:40,65,Slightly Distracted,Down,True,819,17.7
2026-08-16 13:08:41,65,Slightly Distracted,Down,True,819,17.7
2026-08-16 13:08:42,65,Slightly Distracted,Down,True,819,17.7
2026-08-16 13:08:43,88,Highly Attentive,Forward,True,820,17.7
2026-08-16 13:08:44,100,Highly Attentive,Forward,True,820,17.7
2026-08-16 13:08:45,100,Highly Attentive,Forward,True,820,17.7
2026-08-16 13:08:46,100,Highly Attentive,Forward,True,820,17.7
2026-08-16 13:08:47,100,Highly Attentive,Forward,True,820,17.7
2026-08-16 13:08:48,100,Highly Attentive,Forward,True,820,17.7
2026-08-16 13:08:49,100,Highly Attentive,Forward,True,820,17.7
2026-08-16 13:08:50,98,Highly Attentive,Forward,True,820,17.7
2026-08-16 13:08:51,99,Highly Attentive,Forward,True,820,17.7
2026-08-16 13:08:52,79,Attentive,Down,True,820,17.7
2026-08-16 13:08:53,65,Slightly Distracted,Down,True,820,17.7
2026-08-16 13:08:54,65,Slightly Distracted,Down,True,820,17.7
2026-08-16 13:08:55,65,Slightly Distracted,Down,True,820,17.7
2026-08-16 13:08:56,65,Slightly Distracted,Down,True,820,17.7
2026-08-16 13:08:57,91,Highly Attentive,Forward,True,821,17.7
2026-08-16 13:08:58,100,Highly Attentive,Forward,True,821,17.7
2026-08-16 13:08:59,100,Highly Attentive,Forward,True,821,17.7
2026-08-16 13:09:01,100,Highly Attentive,Forward,True,821,17.7
2026-08-16 13:09:02,100,Highly Attentive,Forward,True,821,17.7
2026-08-16 13:09:03,100,Highly Attentive,Forward,True,821,17.6
2026-08-16 13:09:04,100,Highly Attentive,Forward,True,821,17.6
2026-08-16 13:09:05,100,Highly Attentive,Forward,True,821,17.6
2026-08-16 13:09:06,100,Highly Attentive,Forward,True,821,17.6
2026-08-16 13:09:07,100,Highly Attentive,Forward,True,821,17.6
2026-08-16 13:09:08,100,Highly Attentive,Forward,True,821,17.6
2026-08-16 13:09:09,100,Highly Attentive,Forward,True,821,17.6
2026-08-16 13:09:10,100,Highly Attentive,Forward,True,821,17.6
2026-08-16 13:09:11,95,Highly Attentive,Down,True,821,17.6
2026-08-16 13:09:12,65,Slightly Distracted,Down,True,821,17.6
2026-08-16 13:09:13,93,Highly Attentive,Forward,True,821,17.6
2026-08-16 13:09:14,100,Highly Attentive,Forward,True,821,17.6
2026-08-16 13:09:15,100,Highly Attentive,Forward,True,821,17.6
2026-08-16 13:09:16,95,Highly Attentive,Left,True,821,17.6
2026-08-16 13:09:17,81,Attentive,Forward,True,821,17.6
2026-08-16 13:09:18,90,Highly Attentive,Forward,True,821,17.5
2026-08-16 13:09:19,100,Highly Attentive,Forward,True,821,17.5
2026-08-16 13:09:20,100,Highly Attentive,Forward,True,821,17.5
2026-08-16 13:09:21,80,Attentive,Left,True,821,17.5
2026-08-16 13:09:22,84,Attentive,Forward,True,821,17.5
2026-08-16 13:09:23,99,Highly Attentive,Right,True,821,17.5
2026-08-16 13:09:24,65,Slightly Distracted,Right,True,821,17.5
2026-08-16 13:09:25,67,Slightly Distracted,Down,True,821,17.5
2026-08-16 13:09:26,100,Highly Attentive,Forward,True,821,17.5
2026-08-16 13:09:27,82,Attentive,Left,True,821,17.5
2026-08-16 13:09:28,67,Slightly Distracted,Forward,True,821,17.5
2026-08-16 13:09:29,100,Highly Attentive,Forward,True,821,17.5
2026-08-16 13:09:30,66,Slightly Distracted,Left,True,821,17.5
2026-08-16 13:09:31,93,Highly Attentive,Forward,True,821,17.5
2026-08-16 13:09:32,100,Highly Attentive,Forward,True,821,17.5
2026-08-16 13:09:33,100,Highly Attentive,Forward,True,821,17.5
2026-08-16 13:09:34,100,Highly Attentive,Forward,True,821,17.4
2026-08-16 13:09:35,98,Highly Attentive,Forward,True,822,17.5
2026-08-16 13:09:36,71,Attentive,Left,True,822,17.5
2026-08-16 13:09:37,67,Slightly Distracted,Forward,True,822,17.4
2026-08-16 13:09:38,100,Highly Attentive,Forward,True,822,17.4
2026-08-16 13:09:39,100,Highly Attentive,Forward,True,822,17.4
2026-08-16 13:09:40,80,Attentive,Left,True,822,17.4
2026-08-16 13:09:41,73,Attentive,Forward,True,822,17.4
2026-08-16 13:09:42,73,Attentive,Forward,True,822,17.4
2026-08-16 13:09:43,100,Highly Attentive,Forward,True,822,17.4
2026-08-16 13:09:44,100,Highly Attentive,Forward,True,822,17.4
2026-08-16 13:09:45,100,Highly Attentive,Forward,True,822,17.4
2026-08-16 13:09:46,100,Highly Attentive,Forward,True,822,17.4
2026-08-16 13:09:47,100,Highly Attentive,Forward,True,822,17.4
2026-08-16 13:09:48,90,Highly Attentive,Forward,True,823,17.4
2026-08-16 13:09:50,100,Highly Attentive,Forward,True,823,17.4
2026-08-16 13:09:51,100,Highly Attentive,Forward,True,823,17.4
2026-08-16 13:09:52,100,Highly Attentive,Forward,True,823,17.4
2026-08-16 13:09:53,100,Highly Attentive,Forward,True,823,17.4
2026-08-16 13:09:54,100,Highly Attentive,Forward,True,823,17.4
2026-08-16 13:09:55,79,Attentive,Left,True,823,17.4
2026-08-16 13:09:56,65,Slightly Distracted,Left,True,823,17.4
2026-08-16 13:09:57,65,Slightly Distracted,Left,True,823,17.4
2026-08-16 13:09:58,65,Slightly Distracted,Left,True,823,17.3
2026-08-16 13:09:59,65,Slightly Distracted,Left,True,823,17.3
2026-08-16 13:10:00,65,Slightly Distracted,Left,True,823,17.3
2026-08-16 13:10:01,65,Slightly Distracted,Left,True,823,17.3
2026-08-16 13:10:02,65,Slightly Distracted,Left,True,823,17.3
2026-08-16 13:10:03,65,Slightly Distracted,Left,True,823,17.3
2026-08-16 13:10:04,65,Slightly Distracted,Left,True,823,17.3
2026-08-16 13:10:05,65,Slightly Distracted,Left,True,823,17.3
2026-08-16 13:10:06,84,Attentive,Forward,True,823,17.3
2026-08-16 13:10:07,86,Highly Attentive,Left,True,823,17.3
2026-08-16 13:10:08,65,Slightly Distracted,Left,True,823,17.3
2026-08-16 13:10:09,96,Highly Attentive,Forward,True,823,17.3
2026-08-16 13:10:10,100,Highly Attentive,Forward,True,823,17.3
2026-08-16 13:10:11,100,Highly Attentive,Forward,True,823,17.3
2026-08-16 13:10:12,100,Highly Attentive,Forward,True,823,17.3
2026-08-16 13:10:13,100,Highly Attentive,Forward,True,823,17.3
2026-08-16 13:10:14,100,Highly Attentive,Forward,True,823,17.2
2026-08-16 13:10:15,100,Highly Attentive,Forward,True,823,17.2
2026-08-16 13:10:16,100,Highly Attentive,Forward,True,823,17.2
2026-08-16 13:10:17,100,Highly Attentive,Forward,True,823,17.2
2026-08-16 13:10:18,100,Highly Attentive,Forward,True,823,17.2
2026-08-16 13:10:19,100,Highly Attentive,Forward,True,823,17.2
2026-08-16 13:10:20,96,Highly Attentive,Forward,True,823,17.2
2026-08-16 13:10:21,100,Highly Attentive,Forward,True,823,17.2
2026-08-16 13:10:22,100,Highly Attentive,Forward,True,823,17.2
2026-08-16 13:10:23,100,Highly Attentive,Forward,True,823,17.2
2026-08-16 13:10:24,100,Highly Attentive,Forward,True,823,17.2
2026-08-16 13:10:25,100,Highly Attentive,Forward,True,823,17.2
2026-08-16 13:10:26,77,Attentive,Left,True,823,17.2
2026-08-16 13:10:27,81,Attentive,Forward,True,823,17.2
2026-08-16 13:10:28,100,Highly Attentive,Forward,True,823,17.2
2026-08-16 13:10:29,100,Highly Attentive,Forward,True,823,17.2
2026-08-16 13:10:30,100,Highly Attentive,Forward,True,823,17.1
2026-08-16 13:10:31,100,Highly Attentive,Forward,True,823,17.1
2026-08-16 13:10:32,98,Highly Attentive,Forward,True,824,17.2
2026-08-16 13:10:33,100,Highly Attentive,Forward,True,824,17.2
2026-08-16 13:10:34,100,Highly Attentive,Forward,True,824,17.1
2026-08-16 13:10:35,96,Highly Attentive,Forward,True,824,17.1
2026-08-16 13:10:36,100,Highly Attentive,Forward,True,824,17.1
2026-08-16 13:10:37,100,Highly Attentive,Forward,True,824,17.1
2026-08-16 13:10:39,100,Highly Attentive,Forward,True,824,17.1
2026-08-16 13:10:40,100,Highly Attentive,Forward,True,824,17.1
2026-08-16 13:10:41,100,Highly Attentive,Forward,True,824,17.1
2026-08-16 13:10:42,88,Highly Attentive,Down,True,824,17.1
2026-08-16 13:10:43,65,Slightly Distracted,Down,True,824,17.1
2026-08-16 13:10:44,83,Attentive,Forward,True,825,17.1
2026-08-16 13:10:45,100,Highly Attentive,Forward,True,825,17.1
2026-08-16 13:10:46,90,Highly Attentive,Down,True,825,17.1
2026-08-16 13:10:47,65,Slightly Distracted,Down,True,825,17.1
2026-08-16 13:10:48,96,Highly Attentive,Down,True,825,17.1
2026-08-16 13:10:49,66,Slightly Distracted,Forward,True,825,17.1
2026-08-16 13:10:50,99,Highly Attentive,Forward,True,825,17.1
2026-08-16 13:10:51,96,Highly Attentive,Forward,True,826,17.1
2026-08-16 13:10:52,100,Highly Attentive,Forward,True,826,17.1
2026-08-16 13:10:53,100,Highly Attentive,Forward,True,826,17.1
2026-08-16 13:10:54,98,Highly Attentive,Forward,True,827,17.1
2026-08-16 13:10:55,100,Highly Attentive,Forward,True,827,17.1
2026-08-16 13:10:56,69,Slightly Distracted,Down,True,828,17.1
2026-08-16 13:10:57,85,Attentive,Forward,True,830,17.1
2026-08-16 13:10:58,82,Attentive,Down,True,830,17.1
2026-08-16 13:10:59,95,Highly Attentive,Forward,True,830,17.1
2026-08-16 13:11:00,100,Highly Attentive,Forward,True,830,17.1
2026-08-16 13:11:01,100,Highly Attentive,Forward,True,830,17.1
2026-08-16 13:11:02,100,Highly Attentive,Forward,True,830,17.1
2026-08-16 13:11:03,100,Highly Attentive,Forward,True,830,17.1
2026-08-16 13:11:04,100,Highly Attentive,Forward,True,830,17.1
2026-08-16 13:11:05,100,Highly Attentive,Forward,True,830,17.1
2026-08-16 13:11:06,82,Attentive,Down,True,830,17.1
2026-08-16 13:11:07,90,Highly Attentive,Forward,True,830,17.1
2026-08-16 13:11:08,76,Attentive,Down,True,830,17.1
2026-08-16 13:11:09,65,Slightly Distracted,Down,True,830,17.1
2026-08-16 13:11:10,65,Slightly Distracted,Down,True,830,17.1
2026-08-16 13:11:11,65,Slightly Distracted,Down,True,830,17.1
2026-08-16 13:11:12,65,Slightly Distracted,Down,True,830,17.0
2026-08-16 13:11:13,65,Slightly Distracted,Down,True,830,17.0
2026-08-16 13:11:14,65,Slightly Distracted,Down,True,830,17.0
2026-08-16 13:11:15,65,Slightly Distracted,Down,True,830,17.0
2026-08-16 13:11:16,84,Attentive,Forward,True,830,17.0
2026-08-16 13:11:17,97,Highly Attentive,Forward,True,831,17.0
2026-08-16 13:11:18,87,Highly Attentive,Down,True,831,17.0
2026-08-16 13:11:19,65,Slightly Distracted,Down,True,831,17.0
2026-08-16 13:11:20,65,Slightly Distracted,Down,True,831,17.0
2026-08-16 13:11:21,65,Slightly Distracted,Down,True,831,17.0
2026-08-16 13:11:22,65,Slightly Distracted,Down,True,831,17.0
2026-08-16 13:11:23,65,Slightly Distracted,Down,True,831,17.0
2026-08-16 13:11:24,65,Slightly Distracted,Down,True,831,17.0
2026-08-16 13:11:25,66,Slightly Distracted,Down,True,831,17.0
2026-08-16 13:11:26,65,Slightly Distracted,Down,True,831,17.0
2026-08-16 13:11:27,65,Slightly Distracted,Down,True,831,17.0
2026-08-16 13:11:29,65,Slightly Distracted,Down,True,831,17.0
2026-08-16 13:11:30,65,Slightly Distracted,Down,True,831,17.0
2026-08-16 13:11:31,65,Slightly Distracted,Down,True,831,17.0
2026-08-16 13:11:32,80,Attentive,Forward,True,831,17.0
2026-08-16 13:11:33,96,Highly Attentive,Down,True,831,16.9
2026-08-16 13:11:34,86,Highly Attentive,Down,True,831,16.9
2026-08-16 13:11:35,68,Slightly Distracted,Forward,True,831,16.9
2026-08-16 13:11:36,100,Highly Attentive,Forward,True,831,16.9
2026-08-16 13:11:37,100,Highly Attentive,Forward,True,831,16.9
2026-08-16 13:11:38,100,Highly Attentive,Forward,True,831,16.9
2026-08-16 13:11:39,91,Highly Attentive,Forward,True,831,16.9
2026-08-16 13:11:40,80,Attentive,Down,True,831,16.9
2026-08-16 13:11:41,100,Highly Attentive,Forward,True,831,16.9
2026-08-16 13:11:42,100,Highly Attentive,Forward,True,831,16.9
2026-08-16 13:11:43,84,Attentive,Down,True,831,16.9
2026-08-16 13:11:44,65,Slightly Distracted,Down,True,831,16.9
2026-08-16 13:11:45,65,Slightly Distracted,Down,True,831,16.9
2026-08-16 13:11:46,82,Attentive,Forward,True,831,16.9
2026-08-16 13:11:47,100,Highly Attentive,Forward,True,831,16.9
2026-08-16 13:11:48,100,Highly Attentive,Forward,True,831,16.9
2026-08-16 13:11:49,100,Highly Attentive,Forward,True,831,16.9
2026-08-16 13:11:50,100,Highly Attentive,Forward,True,831,16.8
2026-08-16 13:11:51,100,Highly Attentive,Forward,True,831,16.8
2026-08-16 13:11:52,100,Highly Attentive,Forward,True,831,16.8
2026-08-16 13:11:53,100,Highly Attentive,Forward,True,831,16.8
2026-08-16 13:11:54,100,Highly Attentive,Forward,True,831,16.8
2026-08-16 13:11:55,100,Highly Attentive,Forward,True,831,16.8
2026-08-16 13:11:56,100,Highly Attentive,Forward,True,831,16.8
2026-08-16 13:11:57,100,Highly Attentive,Forward,True,831,16.8
2026-08-16 13:11:58,100,Highly Attentive,Forward,True,831,16.8
2026-08-16 13:11:59,86,Highly Attentive,Down,True,831,16.8
2026-08-16 13:12:00,96,Highly Attentive,Forward,True,831,16.8
2026-08-16 13:12:01,99,Highly Attentive,Forward,True,831,16.8
2026-08-16 13:12:02,100,Highly Attentive,Forward,True,831,16.8
2026-08-16 13:12:03,100,Highly Attentive,Forward,True,831,16.8
2026-08-16 13:12:04,100,Highly Attentive,Forward,True,831,16.8
2026-08-16 13:12:05,100,Highly Attentive,Forward,True,831,16.8
2026-08-16 13:12:06,100,Highly Attentive,Forward,True,831,16.8
2026-08-16 13:12:07,100,Highly Attentive,Forward,True,831,16.8
2026-08-16 13:12:08,100,Highly Attentive,Forward,True,831,16.7
2026-08-16 13:12:09,100,Highly Attentive,Forward,True,831,16.7
2026-08-16 13:12:10,72,Attentive,Left,True,831,16.7
2026-08-16 13:12:11,84,Attentive,Forward,True,831,16.7
2026-08-16 13:12:12,100,Highly Attentive,Forward,True,831,16.7
2026-08-16 13:12:13,100,Highly Attentive,Forward,True,831,16.7
2026-08-16 13:12:14,100,Highly Attentive,Forward,True,831,16.7
2026-08-16 13:12:15,100,Highly Attentive,Forward,True,831,16.7
2026-08-16 13:12:16,100,Highly Attentive,Forward,True,831,16.7
2026-08-16 13:12:18,100,Highly Attentive,Forward,True,831,16.7
2026-08-16 13:12:19,99,Highly Attentive,Forward,False,831,16.7
2026-08-16 13:12:20,99,Highly Attentive,Forward,True,832,16.7
2026-08-16 13:12:21,100,Highly Attentive,Forward,True,832,16.7
2026-08-16 13:12:22,100,Highly Attentive,Forward,True,832,16.7
2026-08-16 13:12:23,100,Highly Attentive,Forward,True,832,16.7
2026-08-16 13:12:24,100,Highly Attentive,Forward,True,832,16.7
2026-08-16 13:12:25,100,Highly Attentive,Forward,True,832,16.7
2026-08-16 13:12:26,100,Highly Attentive,Forward,True,832,16.7
2026-08-16 13:12:27,100,Highly Attentive,Forward,True,832,16.7
2026-08-16 13:12:28,100,Highly Attentive,Forward,True,832,16.7
2026-08-16 13:12:29,100,Highly Attentive,Forward,True,832,16.7
2026-08-16 13:12:30,100,Highly Attentive,Forward,True,832,16.6
2026-08-16 13:12:31,100,Highly Attentive,Forward,True,832,16.6
2026-08-16 13:12:32,100,Highly Attentive,Forward,True,832,16.6
2026-08-16 13:12:33,90,Highly Attentive,Forward,True,833,16.6
2026-08-16 13:12:34,100,Highly Attentive,Forward,True,833,16.6
2026-08-16 13:12:35,100,Highly Attentive,Forward,True,833,16.6
2026-08-16 13:12:36,96,Highly Attentive,Forward,True,833,16.6
2026-08-16 13:12:37,86,Highly Attentive,Down,True,833,16.6
2026-08-16 13:12:38,86,Highly Attentive,Forward,True,833,16.6
2026-08-16 13:12:39,78,Attentive,Forward,True,834,16.6
2026-08-16 13:12:40,94,Highly Attentive,Down,True,834,16.6
2026-08-16 13:12:41,87,Highly Attentive,Forward,True,834,16.6
2026-08-16 13:12:42,100,Highly Attentive,Forward,True,834,16.6
2026-08-16 13:12:43,100,Highly Attentive,Forward,True,834,16.6
2026-08-16 13:12:44,81,Attentive,Down,True,834,16.6
2026-08-16 13:12:45,81,Attentive,Forward,True,834,16.6
2026-08-16 13:12:46,100,Highly Attentive,Forward,True,834,16.6
2026-08-16 13:12:47,100,Highly Attentive,Forward,True,834,16.6
2026-08-16 13:12:48,100,Highly Attentive,Forward,True,834,16.6
2026-08-16 13:12:49,100,Highly Attentive,Forward,True,834,16.6
2026-08-16 13:12:50,100,Highly Attentive,Forward,True,834,16.6
2026-08-16 13:12:51,100,Highly Attentive,Forward,True,834,16.6
2026-08-16 13:12:52,100,Highly Attentive,Forward,True,834,16.6
2026-08-16 13:12:53,100,Highly Attentive,Forward,True,834,16.6
2026-08-16 13:12:54,100,Highly Attentive,Forward,True,834,16.6
2026-08-16 13:12:55,99,Highly Attentive,Forward,False,834,16.5
2026-08-16 13:12:56,99,Highly Attentive,Forward,True,835,16.6
2026-08-16 13:12:57,100,Highly Attentive,Forward,True,835,16.6
2026-08-16 13:12:58,100,Highly Attentive,Forward,True,835,16.5
2026-08-16 13:12:59,100,Highly Attentive,Forward,True,835,16.5
2026-08-16 13:13:00,100,Highly Attentive,Forward,True,835,16.5
2026-08-16 13:13:01,100,Highly Attentive,Forward,True,835,16.5
2026-08-16 13:13:02,100,Highly Attentive,Forward,True,835,16.5
2026-08-16 13:13:03,100,Highly Attentive,Forward,True,835,16.5
2026-08-16 13:13:04,100,Highly Attentive,Forward,True,835,16.5
2026-08-16 13:13:05,100,Highly Attentive,Forward,True,835,16.5
2026-08-16 13:13:07,97,Highly Attentive,Forward,True,836,16.5
2026-08-16 13:13:08,100,Highly Attentive,Forward,True,836,16.5
2026-08-16 13:13:09,97,Highly Attentive,Forward,True,837,16.5
2026-08-16 13:13:10,97,Highly Attentive,Forward,True,838,16.5
2026-08-16 13:13:11,100,Highly Attentive,Forward,True,838,16.5
2026-08-16 13:13:12,100,Highly Attentive,Forward,True,838,16.5
2026-08-16 13:13:13,100,Highly Attentive,Forward,True,838,16.5
2026-08-16 13:13:14,88,Highly Attentive,Forward,True,839,16.5
2026-08-16 13:13:15,84,Attentive,Forward,True,839,16.5
2026-08-16 13:13:16,75,Attentive,Forward,False,839,16.5
2026-08-16 13:13:17,65,Slightly Distracted,Forward,False,839,16.5
2026-08-16 13:13:18,63,Slightly Distracted,Forward,False,839,16.5
2026-08-16 13:13:19,56,Slightly Distracted,Left,False,839,16.5
2026-08-16 13:13:20,52,Slightly Distracted,Left,False,842,16.6
2026-08-16 13:13:21,59,Slightly Distracted,Left,True,844,16.6
2026-08-16 13:13:22,63,Slightly Distracted,Left,True,845,16.6
2026-08-16 13:13:23,65,Slightly Distracted,Left,True,845,16.6
2026-08-16 13:13:24,62,Slightly Distracted,Left,True,846,16.6
2026-08-16 13:13:25,80,Attentive,Forward,True,846,16.6
2026-08-16 13:13:26,100,Highly Attentive,Forward,True,846,16.6
2026-08-16 13:13:27,87,Highly Attentive,Forward,False,846,16.6
2026-08-16 13:13:30,77,Attentive,Forward,True,847,16.6
2026-08-16 13:13:31,59,Slightly Distracted,Right,False,848,16.6
2026-08-16 13:13:32,45,Distracted,Right,False,848,16.6
2026-08-16 13:13:33,61,Slightly Distracted,Left,False,849,16.6
2026-08-16 13:13:34,60,Slightly Distracted,Forward,True,850,16.6
2026-08-16 13:13:35,58,Slightly Distracted,Left,True,850,16.6
2026-08-16 13:13:36,65,Slightly Distracted,Left,True,850,16.6
2026-08-16 13:13:38,81,Attentive,Forward,True,851,16.6
2026-08-16 13:13:39,80,Attentive,Forward,False,852,16.7
2026-08-16 13:13:40,84,Attentive,Forward,True,854,16.7
2026-08-16 13:13:41,86,Highly Attentive,Forward,False,854,16.7
2026-08-16 13:13:42,78,Attentive,Forward,False,854,16.7
2026-08-16 13:13:43,87,Highly Attentive,Forward,True,857,16.7
2026-08-16 13:13:44,95,Highly Attentive,Forward,True,859,16.8
2026-08-16 13:13:45,98,Highly Attentive,Forward,True,860,16.8
2026-08-16 13:13:46,99,Highly Attentive,Forward,True,860,16.8
2026-08-16 13:13:47,99,Highly Attentive,Forward,True,860,16.8
2026-08-16 13:13:48,100,Highly Attentive,Forward,True,860,16.8
2026-08-16 13:13:49,97,Highly Attentive,Forward,True,861,16.8
2026-08-16 13:13:50,100,Highly Attentive,Forward,True,861,16.8
2026-08-16 13:13:51,100,Highly Attentive,Forward,True,861,16.8
2026-08-16 13:13:52,100,Highly Attentive,Forward,True,861,16.8
2026-08-16 13:13:53,98,Highly Attentive,Forward,True,862,16.8
2026-08-16 13:13:54,100,Highly Attentive,Forward,True,862,16.8
2026-08-16 13:13:55,100,Highly Attentive,Forward,True,862,16.8
2026-08-16 13:13:56,100,Highly Attentive,Forward,True,862,16.8
2026-08-16 13:13:57,100,Highly Attentive,Forward,True,862,16.8
2026-08-16 13:13:58,100,Highly Attentive,Forward,True,862,16.8
2026-08-16 13:13:59,99,Highly Attentive,Forward,True,862,16.7
2026-08-16 13:14:00,100,Highly Attentive,Forward,True,862,16.7
2026-08-16 13:14:01,100,Highly Attentive,Forward,True,862,16.7
2026-08-16 13:14:02,100,Highly Attentive,Forward,True,862,16.7
2026-08-16 13:14:03,100,Highly Attentive,Forward,True,862,16.7
2026-08-16 13:14:04,100,Highly Attentive,Forward,True,862,16.7
2026-08-16 13:14:05,100,Highly Attentive,Forward,True,862,16.7
2026-08-16 13:14:06,100,Highly Attentive,Forward,True,862,16.7
2026-08-16 13:14:07,100,Highly Attentive,Forward,True,862,16.7
2026-08-16 13:14:08,98,Highly Attentive,Forward,True,863,16.7
2026-08-16 13:14:09,100,Highly Attentive,Forward,True,863,16.7
2026-08-16 13:14:10,100,Highly Attentive,Forward,True,863,16.7
2026-08-16 13:14:11,100,Highly Attentive,Forward,True,863,16.7
2026-08-16 13:14:12,100,Highly Attentive,Forward,True,863,16.7
2026-08-16 13:14:13,100,Highly Attentive,Forward,True,863,16.7
2026-08-16 13:14:14,100,Highly Attentive,Forward,True,863,16.7
2026-08-16 13:14:15,100,Highly Attentive,Forward,True,863,16.7
2026-08-16 13:14:16,100,Highly Attentive,Forward,True,863,16.7
2026-08-16 13:14:17,100,Highly Attentive,Forward,True,863,16.7
2026-08-16 13:14:18,100,Highly Attentive,Forward,True,863,16.7
2026-08-16 13:14:19,100,Highly Attentive,Forward,True,863,16.7
2026-08-16 13:14:20,96,Highly Attentive,Forward,True,864,16.7
2026-08-16 13:14:21,92,Highly Attentive,Forward,True,866,16.7
2026-08-16 13:14:22,90,Highly Attentive,Forward,False,866,16.7
2026-08-16 13:14:23,88,Highly Attentive,Forward,True,867,16.7
2026-08-16 13:14:24,75,Attentive,Left,True,867,16.7
2026-08-16 13:14:25,68,Slightly Distracted,Forward,True,867,16.7
2026-08-16 13:14:27,88,Highly Attentive,Forward,True,869,16.7
2026-08-16 13:14:28,91,Highly Attentive,Forward,True,871,16.8
2026-08-16 13:14:29,97,Highly Attentive,Forward,True,871,16.8
2026-08-16 13:14:30,98,Highly Attentive,Forward,True,872,16.8
2026-08-16 13:14:31,98,Highly Attentive,Forward,True,873,16.8
2026-08-16 13:14:32,100,Highly Attentive,Forward,True,873,16.8
2026-08-16 13:14:33,98,Highly Attentive,Forward,True,874,16.8
2026-08-16 13:14:34,95,Highly Attentive,Forward,True,875,16.8
2026-08-16 13:14:35,95,Highly Attentive,Forward,True,876,16.8
2026-08-16 13:14:36,100,Highly Attentive,Forward,True,876,16.8
2026-08-16 13:14:37,100,Highly Attentive,Forward,True,876,16.8
2026-08-16 13:14:38,100,Highly Attentive,Forward,True,876,16.8
2026-08-16 13:14:39,99,Highly Attentive,Forward,False,876,16.8
2026-08-16 13:14:40,97,Highly Attentive,Forward,True,877,16.8
2026-08-16 13:14:41,99,Highly Attentive,Forward,True,877,16.8
2026-08-16 13:14:42,86,Highly Attentive,Forward,True,877,16.8
2026-08-16 13:14:43,91,Highly Attentive,Forward,True,880,16.9
2026-08-16 13:14:44,100,Highly Attentive,Forward,True,880,16.9
2026-08-16 13:14:45,97,Highly Attentive,Forward,True,881,16.9
2026-08-16 13:14:46,100,Highly Attentive,Forward,True,881,16.9
2026-08-16 13:14:47,97,Highly Attentive,Forward,True,882,16.9
2026-08-16 13:14:48,100,Highly Attentive,Forward,True,882,16.9
2026-08-16 13:14:49,100,Highly Attentive,Forward,True,882,16.9
2026-08-16 13:14:50,99,Highly Attentive,Forward,True,882,16.9
2026-08-16 13:14:51,100,Highly Attentive,Forward,True,882,16.9
2026-08-16 13:14:52,100,Highly Attentive,Forward,True,882,16.8
2026-08-16 13:14:53,100,Highly Attentive,Forward,True,882,16.8
2026-08-16 13:14:54,100,Highly Attentive,Forward,True,882,16.8
2026-08-16 13:14:55,100,Highly Attentive,Forward,True,882,16.8
2026-08-16 13:14:56,94,Highly Attentive,Forward,True,882,16.8
2026-08-16 13:14:57,92,Highly Attentive,Forward,True,882,16.8
2026-08-16 13:14:58,99,Highly Attentive,Forward,False,882,16.8
2026-08-16 13:14:59,97,Highly Attentive,Forward,True,883,16.8
2026-08-16 13:15:00,100,Highly Attentive,Forward,True,883,16.8
2026-08-16 13:15:01,100,Highly Attentive,Forward,True,883,16.8
2026-08-16 13:15:02,98,Highly Attentive,Forward,True,883,16.8
2026-08-16 13:15:03,97,Highly Attentive,Forward,True,884,16.8
2026-08-16 13:15:04,100,Highly Attentive,Forward,True,884,16.8
2026-08-16 13:15:05,100,Highly Attentive,Forward,True,884,16.8
2026-08-16 13:15:06,100,Highly Attentive,Forward,True,884,16.8
2026-08-16 13:15:07,100,Highly Attentive,Forward,True,884,16.8
2026-08-16 13:15:08,100,Highly Attentive,Forward,True,884,16.8
2026-08-16 13:15:09,100,Highly Attentive,Forward,True,884,16.8
2026-08-16 13:15:10,98,Highly Attentive,Forward,True,885,16.8
2026-08-16 13:15:11,98,Highly Attentive,Forward,True,886,16.8
2026-08-16 13:15:12,100,Highly Attentive,Forward,True,886,16.8
2026-08-16 13:15:13,97,Highly Attentive,Forward,True,887,16.8
2026-08-16 13:15:14,100,Highly Attentive,Forward,True,887,16.8
2026-08-16 13:15:15,100,Highly Attentive,Forward,True,887,16.8
2026-08-16 13:15:16,100,Highly Attentive,Forward,True,887,16.8
2026-08-16 13:15:18,97,Highly Attentive,Forward,True,888,16.8
2026-08-16 13:15:19,100,Highly Attentive,Forward,True,888,16.8
2026-08-16 13:15:20,97,Highly Attentive,Forward,True,889,16.8
2026-08-16 13:15:21,100,Highly Attentive,Forward,True,889,16.8
2026-08-16 13:15:22,100,Highly Attentive,Forward,True,889,16.8
2026-08-16 13:15:23,97,Highly Attentive,Forward,True,890,16.8
2026-08-16 13:15:24,100,Highly Attentive,Forward,True,890,16.8
2026-08-16 13:15:25,97,Highly Attentive,Forward,True,891,16.8
2026-08-16 13:15:26,97,Highly Attentive,Forward,True,892,16.9
2026-08-16 13:15:27,100,Highly Attentive,Forward,True,892,16.9
2026-08-16 13:15:28,100,Highly Attentive,Forward,True,892,16.8
2026-08-16 13:15:29,100,Highly Attentive,Forward,True,892,16.8
2026-08-16 13:15:30,100,Highly Attentive,Forward,True,892,16.8
2026-08-16 13:15:31,100,Highly Attentive,Forward,True,892,16.8
2026-08-16 13:15:32,100,Highly Attentive,Forward,True,892,16.8
2026-08-16 13:15:33,97,Highly Attentive,Forward,True,893,16.8
2026-08-16 13:15:34,100,Highly Attentive,Forward,True,893,16.8
2026-08-16 13:15:35,100,Highly Attentive,Forward,True,893,16.8
2026-08-16 13:15:36,100,Highly Attentive,Forward,True,893,16.8
2026-08-16 13:15:37,100,Highly Attentive,Forward,True,893,16.8
2026-08-16 13:15:38,85,Highly Attentive,Forward,True,893,16.8
2026-08-16 13:15:39,85,Highly Attentive,Forward,True,893,16.8
2026-08-16 13:15:40,78,Attentive,Forward,True,893,16.8
2026-08-16 13:15:41,93,Highly Attentive,Forward,True,893,16.8
2026-08-16 13:15:42,66,Slightly Distracted,Down,True,893,16.8
2026-08-16 13:15:43,65,Slightly Distracted,Down,True,893,16.8
2026-08-16 13:15:44,74,Attentive,Forward,True,894,16.8
2026-08-16 13:15:45,81,Attentive,Down,True,894,16.8
2026-08-16 13:15:46,73,Attentive,Forward,True,894,16.8
2026-08-16 13:15:47,91,Highly Attentive,Forward,True,894,16.8
2026-08-16 13:15:48,100,Highly Attentive,Forward,True,894,16.8
2026-08-16 13:15:49,100,Highly Attentive,Forward,True,894,16.8
2026-08-16 13:15:50,98,Highly Attentive,Forward,True,895,16.8
2026-08-16 13:15:51,100,Highly Attentive,Forward,True,895,16.8
2026-08-16 13:15:52,80,Attentive,Down,True,895,16.8
2026-08-16 13:15:53,65,Slightly Distracted,Down,True,895,16.8
2026-08-16 13:15:54,65,Slightly Distracted,Down,True,895,16.8
2026-08-16 13:15:55,65,Slightly Distracted,Down,True,895,16.8
2026-08-16 13:15:56,65,Slightly Distracted,Down,True,895,16.8
2026-08-16 13:15:57,65,Slightly Distracted,Down,True,895,16.7
2026-08-16 13:15:58,65,Slightly Distracted,Down,True,895,16.7
2026-08-16 13:15:59,65,Slightly Distracted,Down,True,895,16.7
2026-08-16 13:16:00,65,Slightly Distracted,Down,True,895,16.7
2026-08-16 13:16:01,65,Slightly Distracted,Down,True,895,16.7
2026-08-16 13:16:02,65,Slightly Distracted,Down,True,895,16.7
2026-08-16 13:16:03,65,Slightly Distracted,Down,True,895,16.7
2026-08-16 13:16:05,65,Slightly Distracted,Down,True,895,16.7
2026-08-16 13:16:06,65,Slightly Distracted,Down,True,895,16.7
2026-08-16 13:16:07,65,Slightly Distracted,Down,True,895,16.7
2026-08-16 13:16:08,65,Slightly Distracted,Down,True,895,16.7
2026-08-16 13:16:09,65,Slightly Distracted,Down,True,895,16.7
2026-08-16 13:16:10,70,Slightly Distracted,Left,True,895,16.7
2026-08-16 13:16:11,65,Slightly Distracted,Left,True,895,16.7
2026-08-16 13:16:12,70,Slightly Distracted,Down,True,895,16.7
2026-08-16 13:16:13,65,Slightly Distracted,Down,True,895,16.7
2026-08-16 13:16:14,73,Attentive,Down,True,895,16.7
2026-08-16 13:16:15,87,Highly Attentive,Down,True,895,16.7
2026-08-16 13:16:16,78,Attentive,Down,True,895,16.7
2026-08-16 13:16:17,66,Slightly Distracted,Down,True,895,16.6
2026-08-16 13:16:18,81,Attentive,Forward,True,895,16.6
2026-08-16 13:16:19,99,Highly Attentive,Forward,True,895,16.6
2026-08-16 13:16:20,100,Highly Attentive,Forward,True,895,16.6
2026-08-16 13:16:21,99,Highly Attentive,Forward,True,895,16.6
2026-08-16 13:16:22,97,Highly Attentive,Forward,True,896,16.6
2026-08-16 13:16:23,100,Highly Attentive,Forward,True,896,16.6
2026-08-16 13:16:24,96,Highly Attentive,Forward,True,896,16.6
2026-08-16 13:16:25,68,Slightly Distracted,Down,True,896,16.6
2026-08-16 13:16:26,65,Slightly Distracted,Right,True,896,16.6
2026-08-16 13:16:27,96,Highly Attentive,Forward,True,896,16.6
2026-08-16 13:16:28,100,Highly Attentive,Forward,True,896,16.6
2026-08-16 13:16:29,100,Highly Attentive,Forward,True,896,16.6
2026-08-16 13:16:30,100,Highly Attentive,Forward,True,896,16.6
2026-08-16 13:16:31,100,Highly Attentive,Forward,True,896,16.6
2026-08-16 13:16:32,96,Highly Attentive,Forward,True,896,16.6
2026-08-16 13:16:33,100,Highly Attentive,Forward,True,896,16.6
2026-08-16 13:16:34,88,Highly Attentive,Forward,True,896,16.6
2026-08-16 13:16:35,99,Highly Attentive,Forward,True,896,16.6
2026-08-16 13:16:36,100,Highly Attentive,Forward,True,896,16.6
2026-08-16 13:16:37,100,Highly Attentive,Forward,True,896,16.6
2026-08-16 13:16:38,100,Highly Attentive,Forward,True,896,16.6
2026-08-16 13:16:39,100,Highly Attentive,Forward,True,896,16.5
2026-08-16 13:16:40,100,Highly Attentive,Forward,True,896,16.5
2026-08-16 13:16:41,96,Highly Attentive,Forward,True,896,16.5
2026-08-16 13:16:42,91,Highly Attentive,Down,True,896,16.5
2026-08-16 13:16:43,65,Slightly Distracted,Down,True,896,16.5
2026-08-16 13:16:44,91,Highly Attentive,Forward,True,896,16.5
2026-08-16 13:16:45,97,Highly Attentive,Forward,True,897,16.5
2026-08-16 13:16:46,91,Highly Attentive,Down,True,897,16.5
2026-08-16 13:16:47,84,Attentive,Forward,True,897,16.5
2026-08-16 13:16:48,74,Attentive,Left,True,897,16.5
2026-08-16 13:16:49,83,Attentive,Forward,True,898,16.5
2026-08-16 13:16:50,85,Highly Attentive,Forward,True,898,16.5
2026-08-16 13:16:51,85,Highly Attentive,Forward,True,898,16.5
2026-08-16 13:16:52,96,Highly Attentive,Forward,True,898,16.5
2026-08-16 13:16:53,68,Slightly Distracted,Down,True,898,16.5
2026-08-16 13:16:54,65,Slightly Distracted,Down,True,898,16.5
2026-08-16 13:16:55,65,Slightly Distracted,Down,True,898,16.5
2026-08-16 13:16:57,64,Slightly Distracted,Down,True,898,16.5
2026-08-16 13:16:58,84,Attentive,Forward,True,898,16.5
2026-08-16 13:16:59,95,Highly Attentive,Down,True,898,16.5
2026-08-16 13:17:00,80,Attentive,Down,True,899,16.5
2026-08-16 13:17:01,73,Attentive,Forward,False,899,16.5
2026-08-16 13:17:02,92,Highly Attentive,Forward,True,902,16.5
2026-08-16 13:17:03,100,Highly Attentive,Forward,True,902,16.5
2026-08-16 13:17:04,100,Highly Attentive,Forward,True,902,16.5
2026-08-16 13:17:05,100,Highly Attentive,Forward,True,902,16.5
2026-08-16 13:17:06,100,Highly Attentive,Forward,True,902,16.5
2026-08-16 13:17:07,100,Highly Attentive,Forward,True,902,16.5
2026-08-16 13:17:08,91,Highly Attentive,Forward,True,902,16.5
2026-08-16 13:17:09,73,Attentive,Forward,True,902,16.5
2026-08-16 13:17:10,100,Highly Attentive,Forward,True,902,16.5
2026-08-16 13:17:11,100,Highly Attentive,Forward,True,902,16.5
2026-08-16 13:17:12,98,Highly Attentive,Forward,False,902,16.5
2026-08-16 13:17:13,99,Highly Attentive,Forward,True,903,16.5
2026-08-16 13:17:14,100,Highly Attentive,Forward,True,903,16.5
2026-08-16 13:17:15,100,Highly Attentive,Forward,True,903,16.5
2026-08-16 13:17:16,100,Highly Attentive,Forward,True,903,16.5
2026-08-16 13:17:17,100,Highly Attentive,Forward,True,903,16.5
2026-08-16 13:17:18,100,Highly Attentive,Forward,True,903,16.5
2026-08-16 13:17:19,95,Highly Attentive,Forward,True,903,16.5
2026-08-16 13:17:20,78,Attentive,Down,True,903,16.5
2026-08-16 13:17:21,65,Slightly Distracted,Down,True,903,16.5
2026-08-16 13:17:22,62,Slightly Distracted,Down,True,904,16.5
2026-08-16 13:17:23,65,Slightly Distracted,Down,True,904,16.5
2026-08-16 13:17:24,65,Slightly Distracted,Down,True,904,16.5
2026-08-16 13:17:25,65,Slightly Distracted,Down,True,904,16.5
2026-08-16 13:17:26,65,Slightly Distracted,Down,True,904,16.5
2026-08-16 13:17:27,65,Slightly Distracted,Down,True,904,16.5
2026-08-16 13:17:28,65,Slightly Distracted,Down,True,904,16.4
2026-08-16 13:17:29,65,Slightly Distracted,Down,True,904,16.4
2026-08-16 13:17:30,67,Slightly Distracted,Forward,True,904,16.4
2026-08-16 13:17:31,100,Highly Attentive,Forward,True,904,16.4
2026-08-16 13:17:32,95,Highly Attentive,Forward,True,906,16.5
2026-08-16 13:17:33,98,Highly Attentive,Forward,True,907,16.5
2026-08-16 13:17:34,100,Highly Attentive,Forward,True,907,16.5
2026-08-16 13:17:35,100,Highly Attentive,Forward,True,907,16.5
2026-08-16 13:17:36,100,Highly Attentive,Forward,True,907,16.5
2026-08-16 13:17:37,100,Highly Attentive,Forward,True,907,16.5
2026-08-16 13:17:38,100,Highly Attentive,Forward,True,907,16.5
2026-08-16 13:17:39,100,Highly Attentive,Forward,True,907,16.4
2026-08-16 13:17:40,100,Highly Attentive,Forward,True,907,16.4
2026-08-16 13:17:41,100,Highly Attentive,Forward,True,907,16.4
2026-08-16 13:17:42,100,Highly Attentive,Forward,True,907,16.4
2026-08-16 13:17:43,100,Highly Attentive,Forward,True,907,16.4
2026-08-16 13:17:44,100,Highly Attentive,Forward,True,907,16.4
2026-08-16 13:17:46,66,Slightly Distracted,Down,True,907,16.4
2026-08-16 13:17:47,65,Slightly Distracted,Down,True,907,16.4
2026-08-16 13:17:48,65,Slightly Distracted,Down,True,907,16.4
2026-08-16 13:17:49,65,Slightly Distracted,Down,True,907,16.4
2026-08-16 13:17:50,65,Slightly Distracted,Down,True,907,16.4
2026-08-16 13:17:51,72,Attentive,Down,True,907,16.4
2026-08-16 13:17:52,86,Highly Attentive,Forward,True,908,16.4
2026-08-16 13:17:53,72,Attentive,Down,True,908,16.4
2026-08-16 13:17:54,94,Highly Attentive,Forward,True,908,16.4
2026-08-16 13:17:55,100,Highly Attentive,Forward,True,908,16.4
2026-08-16 13:17:56,100,Highly Attentive,Forward,True,908,16.4
2026-08-16 13:17:57,84,Attentive,Forward,True,908,16.4
2026-08-16 13:17:58,97,Highly Attentive,Forward,True,909,16.4
2026-08-16 13:17:59,99,Highly Attentive,Forward,True,909,16.4
2026-08-16 13:18:00,99,Highly Attentive,Forward,True,909,16.4
2026-08-16 13:18:01,100,Highly Attentive,Forward,True,909,16.4
2026-08-16 13:18:02,100,Highly Attentive,Forward,True,909,16.4
2026-08-16 13:18:03,100,Highly Attentive,Forward,True,909,16.4
2026-08-16 13:18:04,100,Highly Attentive,Forward,True,909,16.4
2026-08-16 13:18:05,100,Highly Attentive,Forward,True,909,16.4
2026-08-16 13:18:06,99,Highly Attentive,Forward,True,909,16.4
2026-08-16 13:18:07,97,Highly Attentive,Forward,False,909,16.3
2026-08-16 13:18:08,100,Highly Attentive,Forward,True,910,16.4
2026-08-16 13:18:09,100,Highly Attentive,Forward,True,910,16.4
2026-08-16 13:18:10,100,Highly Attentive,Forward,True,910,16.4
2026-08-16 13:18:11,100,Highly Attentive,Forward,True,910,16.3
2026-08-16 13:18:12,100,Highly Attentive,Forward,True,910,16.3
2026-08-16 13:18:13,100,Highly Attentive,Forward,True,910,16.3
2026-08-16 13:18:14,100,Highly Attentive,Forward,True,910,16.3
2026-08-16 13:18:15,100,Highly Attentive,Forward,True,910,16.3
2026-08-16 13:18:16,100,Highly Attentive,Forward,True,910,16.3
2026-08-16 13:18:17,98,Highly Attentive,Forward,True,911,16.3
2026-08-16 13:18:18,100,Highly Attentive,Forward,True,911,16.3
2026-08-16 13:18:19,100,Highly Attentive,Forward,True,911,16.3
2026-08-16 13:18:20,100,Highly Attentive,Forward,True,911,16.3
2026-08-16 13:18:21,98,Highly Attentive,Forward,True,912,16.3
2026-08-16 13:18:22,84,Attentive,Down,True,912,16.3
2026-08-16 13:18:23,65,Slightly Distracted,Down,True,912,16.3
2026-08-16 13:18:24,65,Slightly Distracted,Down,True,912,16.3
2026-08-16 13:18:25,65,Slightly Distracted,Down,True,912,16.3
2026-08-16 13:18:26,65,Slightly Distracted,Down,True,912,16.3
2026-08-16 13:18:27,65,Slightly Distracted,Down,True,912,16.3
2026-08-16 13:18:28,65,Slightly Distracted,Down,True,912,16.3
2026-08-16 13:18:29,65,Slightly Distracted,Down,True,912,16.3
2026-08-16 13:18:30,65,Slightly Distracted,Down,True,912,16.3
2026-08-16 13:18:31,65,Slightly Distracted,Down,True,912,16.3
2026-08-16 13:18:32,96,Highly Attentive,Forward,True,912,16.3
2026-08-16 13:18:33,99,Highly Attentive,Forward,True,912,16.3
2026-08-16 13:18:35,100,Highly Attentive,Forward,True,912,16.3
2026-08-16 13:18:36,100,Highly Attentive,Forward,True,912,16.3
2026-08-16 13:18:37,100,Highly Attentive,Forward,True,912,16.3
2026-08-16 13:18:38,100,Highly Attentive,Forward,True,912,16.3
2026-08-16 13:18:39,100,Highly Attentive,Forward,True,912,16.2
2026-08-16 13:18:40,100,Highly Attentive,Forward,True,912,16.2
2026-08-16 13:18:41,100,Highly Attentive,Forward,True,912,16.2
2026-08-16 13:18:42,95,Highly Attentive,Down,True,912,16.2
2026-08-16 13:18:43,64,Slightly Distracted,Down,True,912,16.2
2026-08-16 13:18:44,65,Slightly Distracted,Down,True,912,16.2
2026-08-16 13:18:45,90,Highly Attentive,Forward,True,914,16.3
2026-08-16 13:18:46,98,Highly Attentive,Forward,True,915,16.3
2026-08-16 13:18:47,100,Highly Attentive,Forward,True,915,16.3
2026-08-16 13:18:48,97,Highly Attentive,Forward,True,916,16.3
2026-08-16 13:18:49,100,Highly Attentive,Forward,True,916,16.3
2026-08-16 13:18:50,65,Slightly Distracted,Left,True,917,16.3
2026-08-16 13:18:51,60,Slightly Distracted,Left,False,918,16.3
2026-08-16 13:18:52,62,Slightly Distracted,Left,True,919,16.3
2026-08-16 13:18:53,65,Slightly Distracted,Left,True,919,16.3
2026-08-16 13:18:54,72,Attentive,Left,True,920,16.3
2026-08-16 13:18:55,65,Slightly Distracted,Left,True,920,16.3
2026-08-16 13:18:56,77,Attentive,Forward,True,921,16.3
2026-08-16 13:18:57,100,Highly Attentive,Forward,True,921,16.3
2026-08-16 13:18:58,100,Highly Attentive,Forward,True,921,16.3
2026-08-16 13:18:59,90,Highly Attentive,Forward,True,922,16.3
2026-08-16 13:19:00,85,Highly Attentive,Forward,True,922,16.3
2026-08-16 13:19:01,96,Highly Attentive,Forward,True,923,16.3
2026-08-16 13:19:02,100,Highly Attentive,Forward,True,923,16.3
2026-08-16 13:19:03,100,Highly Attentive,Forward,True,923,16.3
2026-08-16 13:19:04,100,Highly Attentive,Forward,True,923,16.3
2026-08-16 13:19:05,100,Highly Attentive,Forward,True,923,16.3
2026-08-16 13:19:06,89,Highly Attentive,Left,True,924,16.3
2026-08-16 13:19:07,62,Slightly Distracted,Left,True,925,16.3
2026-08-16 13:19:08,71,Attentive,Forward,True,925,16.3
2026-08-16 13:19:09,90,Highly Attentive,Forward,True,926,16.3
2026-08-16 13:19:10,100,Highly Attentive,Forward,True,926,16.3
2026-08-16 13:19:11,100,Highly Attentive,Forward,True,926,16.3
2026-08-16 13:19:12,100,Highly Attentive,Forward,True,926,16.3
2026-08-16 13:19:13,100,Highly Attentive,Forward,True,926,16.3
2026-08-16 13:19:14,100,Highly Attentive,Forward,True,926,16.3
2026-08-16 13:19:15,100,Highly Attentive,Forward,True,926,16.3
2026-08-16 13:19:16,97,Highly Attentive,Forward,True,927,16.3
2026-08-16 13:19:17,100,Highly Attentive,Forward,True,927,16.3
2026-08-16 13:19:18,100,Highly Attentive,Forward,True,927,16.3
2026-08-16 13:19:19,100,Highly Attentive,Forward,True,927,16.3
2026-08-16 13:19:20,100,Highly Attentive,Forward,True,927,16.3
2026-08-16 13:19:21,100,Highly Attentive,Forward,True,927,16.3
2026-08-16 13:19:22,100,Highly Attentive,Forward,True,927,16.3
2026-08-16 13:19:24,100,Highly Attentive,Forward,True,927,16.3
2026-08-16 13:19:25,100,Highly Attentive,Forward,True,927,16.3
2026-08-16 13:19:26,100,Highly Attentive,Forward,True,927,16.3
2026-08-16 13:19:27,100,Highly Attentive,Forward,True,927,16.3
2026-08-16 13:19:28,65,Slightly Distracted,Down,True,927,16.3
2026-08-16 13:19:29,65,Slightly Distracted,Right,True,927,16.3
2026-08-16 13:19:30,65,Slightly Distracted,Right,True,927,16.3
2026-08-16 13:19:31,64,Slightly Distracted,Right,True,927,16.3
2026-08-16 13:19:32,65,Slightly Distracted,Right,True,927,16.3
2026-08-16 13:19:33,65,Slightly Distracted,Right,True,927,16.3
2026-08-16 13:19:34,65,Slightly Distracted,Right,True,927,16.2
2026-08-16 13:19:35,65,Slightly Distracted,Right,True,927,16.2
2026-08-16 13:19:36,65,Slightly Distracted,Right,True,927,16.2
2026-08-16 13:19:37,65,Slightly Distracted,Right,True,927,16.2
2026-08-16 13:19:38,65,Slightly Distracted,Right,True,927,16.2
2026-08-16 13:19:39,86,Highly Attentive,Forward,True,928,16.2
2026-08-16 13:19:40,100,Highly Attentive,Forward,True,928,16.2
2026-08-16 13:19:41,100,Highly Attentive,Forward,True,928,16.2
2026-08-16 13:19:42,100,Highly Attentive,Forward,True,928,16.2
2026-08-16 13:19:43,100,Highly Attentive,Forward,True,928,16.2
2026-08-16 13:19:44,100,Highly Attentive,Forward,True,928,16.2
2026-08-16 13:19:45,100,Highly Attentive,Forward,True,928,16.2
2026-08-16 13:19:46,100,Highly Attentive,Forward,True,928,16.2
2026-08-16 13:19:47,100,Highly Attentive,Forward,True,928,16.2
2026-08-16 13:19:48,100,Highly Attentive,Forward,True,928,16.2
2026-08-16 13:19:49,100,Highly Attentive,Forward,True,928,16.2
2026-08-16 13:19:50,100,Highly Attentive,Forward,True,928,16.2
2026-08-16 13:19:51,100,Highly Attentive,Forward,True,928,16.2
2026-08-16 13:19:52,100,Highly Attentive,Forward,True,928,16.2
2026-08-16 13:19:53,100,Highly Attentive,Forward,True,928,16.2
2026-08-16 13:19:54,100,Highly Attentive,Forward,True,928,16.2
2026-08-16 13:19:55,100,Highly Attentive,Forward,True,928,16.2
2026-08-16 13:19:56,100,Highly Attentive,Forward,True,928,16.2
2026-08-16 13:19:57,100,Highly Attentive,Forward,True,928,16.2
2026-08-16 13:19:58,100,Highly Attentive,Forward,True,928,16.2
2026-08-16 13:19:59,81,Attentive,Forward,False,928,16.1
2026-08-16 13:20:00,89,Highly Attentive,Forward,True,929,16.2
2026-08-16 13:20:01,100,Highly Attentive,Forward,True,929,16.2
2026-08-16 13:20:02,100,Highly Attentive,Forward,True,929,16.1
2026-08-16 13:20:03,100,Highly Attentive,Forward,True,929,16.1
2026-08-16 13:20:04,100,Highly Attentive,Forward,True,929,16.1
2026-08-16 13:20:05,100,Highly Attentive,Forward,True,929,16.1
2026-08-16 13:20:06,100,Highly Attentive,Forward,True,929,16.1
2026-08-16 13:20:07,100,Highly Attentive,Forward,True,929,16.1
2026-08-16 13:20:08,100,Highly Attentive,Forward,True,929,16.1
2026-08-16 13:20:09,98,Highly Attentive,Forward,True,930,16.1
2026-08-16 13:20:10,100,Highly Attentive,Forward,True,930,16.1
2026-08-16 13:20:11,100,Highly Attentive,Forward,True,930,16.1
2026-08-16 13:20:12,100,Highly Attentive,Forward,True,930,16.1
2026-08-16 13:20:13,100,Highly Attentive,Forward,True,930,16.1
2026-08-16 13:20:15,100,Highly Attentive,Forward,True,930,16.1
2026-08-16 13:20:16,98,Highly Attentive,Forward,True,930,16.1
2026-08-16 13:20:17,80,Attentive,Forward,True,931,16.1
2026-08-16 13:20:18,82,Attentive,Forward,True,931,16.1
2026-08-16 13:20:19,98,Highly Attentive,Forward,True,931,16.1
2026-08-16 13:20:20,100,Highly Attentive,Forward,True,931,16.1
2026-08-16 13:20:21,100,Highly Attentive,Forward,True,931,16.1
2026-08-16 13:20:22,92,Highly Attentive,Forward,True,931,16.1
2026-08-16 13:20:23,76,Attentive,Forward,False,931,16.1
2026-08-16 13:20:24,77,Attentive,Forward,True,933,16.1
2026-08-16 13:20:25,85,Highly Attentive,Forward,True,933,16.1
2026-08-16 13:20:26,85,Highly Attentive,Forward,True,933,16.1
2026-08-16 13:20:27,98,Highly Attentive,Forward,True,933,16.1
2026-08-16 13:20:28,85,Highly Attentive,Forward,True,933,16.1
2026-08-16 13:20:29,84,Attentive,Forward,True,933,16.1
2026-08-16 13:20:30,71,Attentive,Forward,True,934,16.1
2026-08-16 13:20:31,66,Slightly Distracted,Forward,False,934,16.1
2026-08-16 13:20:32,82,Attentive,Forward,False,935,16.1
2026-08-16 13:20:33,70,Attentive,Forward,True,937,16.1
2026-08-16 13:20:34,89,Highly Attentive,Forward,False,941,16.2
2026-08-16 13:20:35,99,Highly Attentive,Forward,True,942,16.2
2026-08-16 13:20:36,80,Attentive,Forward,True,943,16.2
2026-08-16 13:20:37,92,Highly Attentive,Forward,True,944,16.2
2026-08-16 13:20:38,90,Highly Attentive,Forward,False,947,16.3
2026-08-16 13:20:39,86,Highly Attentive,Forward,False,949,16.3
2026-08-16 13:20:40,79,Attentive,Forward,False,949,16.3
2026-08-16 13:20:41,78,Attentive,Forward,False,949,16.3
2026-08-16 13:20:42,63,Slightly Distracted,Forward,False,950,16.3
2026-08-16 13:20:43,79,Attentive,Forward,False,950,16.3
2026-08-16 13:20:44,83,Attentive,Forward,False,952,16.4
2026-08-16 13:20:45,91,Highly Attentive,Forward,False,953,16.4
2026-08-16 13:20:46,88,Highly Attentive,Forward,True,956,16.4
2026-08-16 13:20:47,100,Highly Attentive,Forward,True,956,16.4
2026-08-16 13:20:48,100,Highly Attentive,Forward,True,956,16.4
2026-08-16 13:20:49,99,Highly Attentive,Forward,False,956,16.4
2026-08-16 13:20:50,99,Highly Attentive,Forward,True,957,16.4
2026-08-16 13:20:51,100,Highly Attentive,Forward,True,957,16.4
2026-08-16 13:20:52,97,Highly Attentive,Forward,False,958,16.4
2026-08-16 13:20:53,99,Highly Attentive,Forward,True,959,16.4
2026-08-16 13:20:54,100,Highly Attentive,Forward,True,959,16.4
2026-08-16 13:20:55,100,Highly Attentive,Forward,True,959,16.4
2026-08-16 13:20:56,97,Highly Attentive,Forward,True,960,16.4
2026-08-16 13:20:57,100,Highly Attentive,Forward,True,960,16.4
2026-08-16 13:20:58,100,Highly Attentive,Forward,True,960,16.4
2026-08-16 13:20:59,98,Highly Attentive,Forward,True,961,16.4
2026-08-16 13:21:00,100,Highly Attentive,Forward,True,961,16.4
2026-08-16 13:21:01,100,Highly Attentive,Forward,True,961,16.4
2026-08-16 13:21:02,100,Highly Attentive,Forward,True,961,16.4
2026-08-16 13:21:04,94,Highly Attentive,Down,True,961,16.4
2026-08-16 13:21:05,68,Slightly Distracted,Down,True,961,16.4
2026-08-16 13:21:06,82,Attentive,Down,True,961,16.4
2026-08-16 13:21:07,76,Attentive,Forward,True,961,16.4
2026-08-16 13:21:08,98,Highly Attentive,Forward,True,961,16.4
2026-08-16 13:21:09,98,Highly Attentive,Forward,True,962,16.4
2026-08-16 13:21:10,99,Highly Attentive,Forward,True,962,16.4
2026-08-16 13:21:11,98,Highly Attentive,Forward,True,963,16.4
2026-08-16 13:21:12,100,Highly Attentive,Forward,True,963,16.4
2026-08-16 13:21:13,100,Highly Attentive,Forward,True,963,16.4
2026-08-16 13:21:14,100,Highly Attentive,Forward,True,963,16.4
2026-08-16 13:21:15,100,Highly Attentive,Forward,True,963,16.4
2026-08-16 13:21:16,100,Highly Attentive,Forward,True,963,16.4
2026-08-16 13:21:17,100,Highly Attentive,Forward,True,963,16.4
2026-08-16 13:21:18,100,Highly Attentive,Forward,True,963,16.4
2026-08-16 13:21:19,99,Highly Attentive,Forward,True,963,16.4
2026-08-16 13:21:20,100,Highly Attentive,Forward,True,963,16.4
2026-08-16 13:21:21,100,Highly Attentive,Forward,True,963,16.4
2026-08-16 13:21:22,100,Highly Attentive,Forward,True,963,16.4
2026-08-16 13:21:23,100,Highly Attentive,Forward,True,963,16.4
2026-08-16 13:21:24,100,Highly Attentive,Forward,True,963,16.4
2026-08-16 13:21:25,98,Highly Attentive,Forward,True,964,16.4
2026-08-16 13:21:26,67,Slightly Distracted,Down,True,964,16.4
2026-08-16 13:21:27,65,Slightly Distracted,Down,True,964,16.4
2026-08-16 13:21:28,82,Attentive,Forward,True,964,16.4
2026-08-16 13:21:29,100,Highly Attentive,Forward,True,964,16.3
2026-08-16 13:21:30,100,Highly Attentive,Forward,True,964,16.3
2026-08-16 13:21:31,100,Highly Attentive,Forward,True,964,16.3
2026-08-16 13:21:32,100,Highly Attentive,Forward,True,964,16.3
2026-08-16 13:21:33,100,Highly Attentive,Forward,True,964,16.3
2026-08-16 13:21:34,100,Highly Attentive,Forward,True,964,16.3
2026-08-16 13:21:35,67,Slightly Distracted,Left,True,964,16.3
2026-08-16 13:21:36,65,Slightly Distracted,Left,True,964,16.3
2026-08-16 13:21:37,66,Slightly Distracted,Left,True,964,16.3
2026-08-16 13:21:38,72,Attentive,Forward,True,964,16.3
2026-08-16 13:21:39,91,Highly Attentive,Left,True,964,16.3
2026-08-16 13:21:40,65,Slightly Distracted,Left,True,964,16.3
2026-08-16 13:21:41,88,Highly Attentive,Forward,True,964,16.3
2026-08-16 13:21:42,96,Highly Attentive,Left,True,964,16.3
2026-08-16 13:21:43,70,Slightly Distracted,Left,True,964,16.3
2026-08-16 13:21:44,91,Highly Attentive,Forward,True,964,16.3
2026-08-16 13:21:45,71,Attentive,Left,True,964,16.3
2026-08-16 13:21:46,62,Slightly Distracted,Left,True,965,16.3
2026-08-16 13:21:47,65,Slightly Distracted,Left,True,965,16.3
2026-08-16 13:21:48,65,Slightly Distracted,Left,True,965,16.3
2026-08-16 13:21:49,65,Slightly Distracted,Left,True,965,16.3
2026-08-16 13:21:50,65,Slightly Distracted,Left,True,965,16.3
2026-08-16 13:21:51,65,Slightly Distracted,Left,True,965,16.3
2026-08-16 13:21:53,65,Slightly Distracted,Left,True,965,16.3
2026-08-16 13:21:54,90,Highly Attentive,Forward,True,965,16.3
2026-08-16 13:21:55,100,Highly Attentive,Forward,True,965,16.2
2026-08-16 13:21:56,93,Highly Attentive,Forward,True,965,16.2
2026-08-16 13:21:57,100,Highly Attentive,Forward,True,965,16.2
2026-08-16 13:21:58,100,Highly Attentive,Forward,True,965,16.2
2026-08-16 13:21:59,93,Highly Attentive,Left,True,965,16.2
2026-08-16 13:22:00,85,Attentive,Forward,True,965,16.2
2026-08-16 13:22:01,100,Highly Attentive,Forward,True,965,16.2
2026-08-16 13:22:02,96,Highly Attentive,Forward,True,966,16.2
2026-08-16 13:22:03,100,Highly Attentive,Forward,True,966,16.2
2026-08-16 13:22:04,100,Highly Attentive,Forward,True,966,16.2
2026-08-16 13:22:05,100,Highly Attentive,Forward,True,966,16.2
2026-08-16 13:22:06,100,Highly Attentive,Forward,True,966,16.2
2026-08-16 13:22:07,100,Highly Attentive,Forward,True,966,16.2
2026-08-16 13:22:08,100,Highly Attentive,Forward,True,966,16.2
2026-08-16 13:22:09,100,Highly Attentive,Forward,True,966,16.2
2026-08-16 13:22:10,100,Highly Attentive,Forward,True,966,16.2
2026-08-16 13:22:11,100,Highly Attentive,Forward,True,966,16.2
2026-08-16 13:22:12,100,Highly Attentive,Forward,True,966,16.2
2026-08-16 13:22:13,100,Highly Attentive,Forward,True,966,16.2
2026-08-16 13:22:14,100,Highly Attentive,Forward,True,966,16.2
2026-08-16 13:22:15,100,Highly Attentive,Forward,True,966,16.2
2026-08-16 13:22:16,100,Highly Attentive,Forward,True,966,16.2
2026-08-16 13:22:17,98,Highly Attentive,Forward,False,966,16.2
2026-08-16 13:22:18,99,Highly Attentive,Forward,True,967,16.2
2026-08-16 13:22:19,100,Highly Attentive,Forward,True,967,16.2
2026-08-16 13:22:20,100,Highly Attentive,Forward,True,967,16.2
2026-08-16 13:22:21,100,Highly Attentive,Forward,True,967,16.2
2026-08-16 13:22:22,73,Attentive,Down,True,967,16.2
2026-08-16 13:22:23,66,Slightly Distracted,Forward,True,967,16.2
2026-08-16 13:22:24,66,Slightly Distracted,Down,True,967,16.1
2026-08-16 13:22:25,65,Slightly Distracted,Down,True,967,16.1
2026-08-16 13:22:26,76,Attentive,Forward,True,967,16.1
2026-08-16 13:22:27,100,Highly Attentive,Forward,True,967,16.1
2026-08-16 13:22:28,96,Highly Attentive,Forward,True,968,16.1
2026-08-16 13:22:29,100,Highly Attentive,Forward,True,968,16.1
2026-08-16 13:22:30,100,Highly Attentive,Forward,True,968,16.1
2026-08-16 13:22:31,97,Highly Attentive,Forward,True,969,16.1
2026-08-16 13:22:32,98,Highly Attentive,Forward,True,970,16.2
2026-08-16 13:22:33,77,Attentive,Left,True,972,16.2
2026-08-16 13:22:34,83,Attentive,Right,True,974,16.2
2026-08-16 13:22:35,86,Highly Attentive,Forward,True,974,16.2
2026-08-16 13:22:36,97,Highly Attentive,Forward,True,975,16.2
2026-08-16 13:22:37,100,Highly Attentive,Forward,True,975,16.2
2026-08-16 13:22:38,100,Highly Attentive,Forward,True,975,16.2
2026-08-16 13:22:39,100,Highly Attentive,Forward,True,975,16.2
2026-08-16 13:22:40,100,Highly Attentive,Forward,True,975,16.2
2026-08-16 13:22:42,100,Highly Attentive,Forward,True,975,16.2
2026-08-16 13:22:43,95,Highly Attentive,Forward,True,977,16.2
2026-08-16 13:22:44,100,Highly Attentive,Forward,True,977,16.2
2026-08-16 13:22:45,100,Highly Attentive,Forward,True,977,16.2
2026-08-16 13:22:46,94,Highly Attentive,Forward,True,979,16.2
2026-08-16 13:22:47,100,Highly Attentive,Forward,True,979,16.2
2026-08-16 13:22:48,100,Highly Attentive,Forward,True,979,16.2
2026-08-16 13:22:49,100,Highly Attentive,Forward,True,979,16.2
2026-08-16 13:22:50,100,Highly Attentive,Forward,True,979,16.2
2026-08-16 13:22:51,100,Highly Attentive,Forward,True,979,16.2
2026-08-16 13:22:52,100,Highly Attentive,Forward,True,979,16.2
2026-08-16 13:22:53,100,Highly Attentive,Forward,True,979,16.2
2026-08-16 13:22:54,100,Highly Attentive,Forward,True,979,16.2
2026-08-16 13:22:55,100,Highly Attentive,Forward,True,979,16.2
2026-08-16 13:22:56,100,Highly Attentive,Forward,True,979,16.2
2026-08-16 13:22:57,100,Highly Attentive,Forward,True,979,16.2
2026-08-16 13:22:58,100,Highly Attentive,Forward,True,979,16.2
2026-08-16 13:22:59,100,Highly Attentive,Forward,True,979,16.2
2026-08-16 13:23:00,100,Highly Attentive,Forward,True,979,16.2
2026-08-16 13:23:01,100,Highly Attentive,Forward,True,979,16.2
2026-08-16 13:23:02,100,Highly Attentive,Forward,True,979,16.2
2026-08-16 13:23:03,100,Highly Attentive,Forward,True,979,16.2
2026-08-16 13:23:04,85,Highly Attentive,Forward,True,980,16.2
2026-08-16 13:23:05,100,Highly Attentive,Forward,True,980,16.2
2026-08-16 13:23:06,65,Slightly Distracted,Down,True,980,16.2
2026-08-16 13:23:07,65,Slightly Distracted,Down,True,980,16.2
2026-08-16 13:23:08,65,Slightly Distracted,Down,True,980,16.2
2026-08-16 13:23:09,65,Slightly Distracted,Down,True,980,16.2
2026-08-16 13:23:10,65,Slightly Distracted,Down,True,980,16.2
2026-08-16 13:23:11,64,Slightly Distracted,Down,True,980,16.2
2026-08-16 13:23:12,65,Slightly Distracted,Down,True,980,16.1
2026-08-16 13:23:13,65,Slightly Distracted,Down,True,980,16.1
2026-08-16 13:23:14,65,Slightly Distracted,Down,True,980,16.1
2026-08-16 13:23:15,65,Slightly Distracted,Down,True,980,16.1
2026-08-16 13:23:16,65,Slightly Distracted,Down,True,980,16.1
2026-08-16 13:23:17,70,Slightly Distracted,Forward,True,980,16.1
2026-08-16 13:23:18,98,Highly Attentive,Forward,True,981,16.1
2026-08-16 13:23:19,100,Highly Attentive,Forward,True,981,16.1
2026-08-16 13:23:20,91,Highly Attentive,Forward,True,981,16.1
2026-08-16 13:23:21,70,Slightly Distracted,Down,True,981,16.1
2026-08-16 13:23:22,75,Attentive,Forward,True,982,16.1
2026-08-16 13:23:23,91,Highly Attentive,Down,True,982,16.1
2026-08-16 13:23:24,65,Slightly Distracted,Down,True,982,16.1
2026-08-16 13:23:25,65,Slightly Distracted,Down,True,982,16.1
2026-08-16 13:23:26,64,Slightly Distracted,Down,True,982,16.1
2026-08-16 13:23:27,65,Slightly Distracted,Down,True,982,16.1
2026-08-16 13:23:28,54,Slightly Distracted,Down,True,983,16.1
2026-08-16 13:23:29,88,Highly Attentive,Forward,True,983,16.1
2026-08-16 13:23:30,100,Highly Attentive,Forward,True,983,16.1
2026-08-16 13:23:31,100,Highly Attentive,Forward,True,983,16.1
2026-08-16 13:23:32,88,Highly Attentive,Down,True,983,16.1
2026-08-16 13:23:34,65,Slightly Distracted,Down,True,983,16.1
2026-08-16 13:23:35,93,Highly Attentive,Forward,True,983,16.1
2026-08-16 13:23:36,100,Highly Attentive,Forward,True,983,16.1
2026-08-16 13:23:37,100,Highly Attentive,Forward,True,983,16.1
2026-08-16 13:23:38,99,Highly Attentive,Forward,True,983,16.1
2026-08-16 13:23:39,92,Highly Attentive,Forward,True,983,16.1
2026-08-16 13:23:40,100,Highly Attentive,Forward,True,983,16.1
2026-08-16 13:23:41,79,Attentive,Down,True,983,16.1
2026-08-16 13:23:42,100,Highly Attentive,Forward,True,983,16.1
2026-08-16 13:23:49,100,Highly Attentive,Forward,True,0,0.0
2026-08-16 13:23:50,94,Highly Attentive,Forward,True,0,0.0
2026-08-16 13:23:51,96,Highly Attentive,Forward,True,0,0.0
2026-08-16 13:23:52,100,Highly Attentive,Forward,True,0,0.0
2026-08-16 13:23:53,100,Highly Attentive,Forward,True,0,0.0
2026-08-16 13:23:54,100,Highly Attentive,Forward,True,0,0.0
2026-08-16 13:23:55,100,Highly Attentive,Forward,True,0,0.0
2026-08-16 13:23:56,100,Highly Attentive,Forward,True,0,0.0
2026-08-16 13:23:57,100,Highly Attentive,Forward,True,0,0.0
2026-08-16 13:23:58,100,Highly Attentive,Forward,True,0,0.0
2026-08-16 13:23:59,100,Highly Attentive,Forward,True,0,0.0
2026-08-16 13:24:00,98,Highly Attentive,Forward,True,0,0.0
2026-08-16 13:24:01,99,Highly Attentive,Forward,True,0,0.0
2026-08-16 13:24:02,100,Highly Attentive,Forward,True,0,0.0
2026-08-16 13:24:03,100,Highly Attentive,Forward,True,0,0.0
2026-08-16 13:24:04,100,Highly Attentive,Forward,True,0,0.0
2026-08-16 13:24:05,100,Highly Attentive,Forward,True,0,0.0
2026-08-16 13:24:06,100,Highly Attentive,Forward,True,0,0.0
2026-08-16 13:24:07,100,Highly Attentive,Forward,True,0,0.0
2026-08-16 13:24:08,100,Highly Attentive,Forward,True,0,0.0
2026-08-16 13:24:09,100,Highly Attentive,Forward,True,0,0.0
2026-08-16 13:24:11,100,Highly Attentive,Forward,True,0,0.0
2026-08-16 13:24:12,100,Highly Attentive,Forward,True,0,0.0
2026-08-16 13:24:13,100,Highly Attentive,Forward,True,0,0.0
2026-08-16 13:24:14,100,Highly Attentive,Forward,True,0,0.0
2026-08-16 13:24:15,100,Highly Attentive,Forward,True,0,0.0
2026-08-16 13:24:16,93,Highly Attentive,Down,True,0,0.0
2026-08-16 13:24:17,91,Highly Attentive,Forward,True,0,0.0
2026-08-16 13:24:18,100,Highly Attentive,Forward,True,0,0.0
2026-08-16 13:24:19,100,Highly Attentive,Forward,True,0,0.0
2026-08-16 13:24:20,100,Highly Attentive,Forward,True,0,0.0
2026-08-16 13:24:21,97,Highly Attentive,Forward,False,1,1.8
2026-08-16 13:24:22,75,Attentive,Forward,False,2,3.6
2026-08-16 13:24:23,73,Attentive,Forward,True,4,6.9
2026-08-16 13:24:24,97,Highly Attentive,Forward,True,5,8.4
2026-08-16 13:24:25,95,Highly Attentive,Forward,False,5,8.2
2026-08-16 13:24:26,78,Attentive,Forward,True,8,12.7
2026-08-16 13:24:27,84,Attentive,Forward,False,8,12.4
2026-08-16 13:24:28,65,Slightly Distracted,Forward,False,8,12.1
2026-08-16 13:24:29,67,Slightly Distracted,Forward,True,9,13.2
2026-08-16 13:24:30,92,Highly Attentive,Down,True,9,12.9
2026-08-16 13:24:31,65,Slightly Distracted,Down,True,9,12.6
2026-08-16 13:24:32,65,Slightly Distracted,Down,True,9,12.3
2026-08-16 13:24:33,65,Slightly Distracted,Down,True,9,12.0
2026-08-16 13:24:34,65,Slightly Distracted,Down,True,9,11.8
2026-08-16 13:24:35,84,Attentive,Forward,True,9,11.5
2026-08-16 13:24:36,88,Highly Attentive,Left,False,10,12.5
2026-08-16 13:24:37,65,Slightly Distracted,Left,True,10,12.3
2026-08-16 13:24:38,81,Attentive,Forward,True,10,12.0
2026-08-16 13:24:39,100,Highly Attentive,Forward,True,10,11.8
2026-08-16 13:24:40,100,Highly Attentive,Forward,True,10,11.5
2026-08-16 13:24:41,100,Highly Attentive,Forward,True,10,11.3
2026-08-16 13:24:42,100,Highly Attentive,Forward,True,10,11.1
2026-08-16 13:24:43,100,Highly Attentive,Forward,True,10,10.9
2026-08-16 13:24:44,100,Highly Attentive,Forward,True,10,10.7
2026-08-16 13:24:45,100,Highly Attentive,Forward,True,10,10.5
2026-08-16 13:24:46,100,Highly Attentive,Forward,True,10,10.3
2026-08-16 13:24:47,100,Highly Attentive,Forward,True,10,10.1
2026-08-16 13:24:48,100,Highly Attentive,Forward,True,10,10.0
2026-08-16 13:24:49,100,Highly Attentive,Forward,True,10,9.8
2026-08-16 13:24:50,100,Highly Attentive,Forward,True,10,9.6
2026-08-16 13:24:51,99,Highly Attentive,Forward,True,10,9.5
2026-08-16 13:24:52,100,Highly Attentive,Forward,True,10,9.3
2026-08-16 13:24:53,100,Highly Attentive,Forward,True,10,9.2
2026-08-16 13:24:54,100,Highly Attentive,Forward,True,10,9.1
2026-08-16 13:24:55,100,Highly Attentive,Forward,True,10,8.9
2026-08-16 13:24:56,100,Highly Attentive,Forward,True,10,8.8
2026-08-16 13:24:57,100,Highly Attentive,Forward,True,10,8.7
2026-08-16 13:24:58,100,Highly Attentive,Forward,True,10,8.5
2026-08-16 13:24:59,97,Highly Attentive,Forward,True,11,9.2
2026-08-16 13:25:00,97,Highly Attentive,Forward,False,12,9.9
2026-08-16 13:25:02,99,Highly Attentive,Forward,True,13,10.6
2026-08-16 13:25:03,100,Highly Attentive,Forward,True,13,10.5
2026-08-16 13:25:04,100,Highly Attentive,Forward,True,13,10.3
2026-08-16 13:25:05,100,Highly Attentive,Forward,True,13,10.2
2026-08-16 13:25:06,97,Highly Attentive,Forward,True,14,10.8
2026-08-16 13:25:07,97,Highly Attentive,Forward,True,15,11.5
2026-08-16 13:25:08,100,Highly Attentive,Forward,True,15,11.3
2026-08-16 13:25:09,79,Attentive,Forward,False,17,12.7
2026-08-16 13:25:10,84,Attentive,Forward,True,19,14.0
2026-08-16 13:25:13,80,Attentive,Forward,True,21,14.8
2026-08-16 13:25:14,87,Highly Attentive,Forward,True,22,15.4
2026-08-16 13:25:15,95,Highly Attentive,Forward,True,23,15.9
2026-08-16 13:25:16,98,Highly Attentive,Forward,True,24,16.4
2026-08-16 13:25:17,96,Highly Attentive,Forward,True,26,17.5
2026-08-16 13:25:18,100,Highly Attentive,Forward,True,26,17.3
2026-08-16 13:25:19,100,Highly Attentive,Forward,True,26,17.1
2026-08-16 13:25:20,97,Highly Attentive,Forward,True,27,17.6
2026-08-16 13:25:21,96,Highly Attentive,Forward,True,27,17.4
2026-08-16 13:25:22,96,Highly Attentive,Forward,True,27,17.2
2026-08-16 13:25:23,96,Highly Attentive,Forward,True,27,17.0
2026-08-16 13:25:24,98,Highly Attentive,Forward,True,28,17.5
2026-08-16 13:25:25,100,Highly Attentive,Forward,True,28,17.3
2026-08-16 13:25:26,100,Highly Attentive,Forward,True,28,17.1
2026-08-16 13:25:27,97,Highly Attentive,Forward,True,29,17.6
2026-08-16 13:25:28,100,Highly Attentive,Forward,True,29,17.4
2026-08-16 13:25:29,100,Highly Attentive,Forward,True,29,17.2
2026-08-16 13:25:30,100,Highly Attentive,Forward,True,29,17.0
2026-08-16 13:25:31,100,Highly Attentive,Forward,True,29,16.9
2026-08-16 13:25:32,79,Attentive,Down,True,29,16.7
2026-08-16 13:25:33,65,Slightly Distracted,Down,True,29,16.5
2026-08-16 13:25:34,89,Highly Attentive,Forward,True,30,16.9
2026-08-16 13:25:35,100,Highly Attentive,Forward,True,30,16.8
2026-08-16 13:25:36,100,Highly Attentive,Forward,True,30,16.6
2026-08-16 13:25:37,100,Highly Attentive,Forward,True,30,16.5
2026-08-16 13:25:38,100,Highly Attentive,Forward,True,30,16.3
2026-08-16 13:25:39,100,Highly Attentive,Forward,True,30,16.2
2026-08-16 13:25:40,100,Highly Attentive,Forward,True,30,16.0
2026-08-16 13:25:42,100,Highly Attentive,Forward,True,30,15.9
2026-08-16 13:25:43,100,Highly Attentive,Forward,True,30,15.7
2026-08-16 13:25:44,100,Highly Attentive,Forward,True,30,15.6
2026-08-16 13:25:45,100,Highly Attentive,Forward,True,30,15.5
2026-08-16 13:25:46,100,Highly Attentive,Forward,True,30,15.3
2026-08-16 13:25:47,100,Highly Attentive,Forward,True,30,15.2
2026-08-16 13:25:48,100,Highly Attentive,Forward,True,30,15.1
2026-08-16 13:25:49,100,Highly Attentive,Forward,True,30,14.9
2026-08-16 13:25:50,100,Highly Attentive,Forward,True,30,14.8
2026-08-16 13:25:51,100,Highly Attentive,Forward,True,30,14.7
2026-08-16 13:25:52,97,Highly Attentive,Forward,True,31,15.1
2026-08-16 13:25:53,100,Highly Attentive,Forward,True,31,14.9
2026-08-16 13:25:54,100,Highly Attentive,Forward,True,31,14.8
2026-08-16 13:25:55,100,Highly Attentive,Forward,True,31,14.7
2026-08-16 13:25:56,100,Highly Attentive,Forward,True,31,14.6
2026-08-16 13:25:57,100,Highly Attentive,Forward,True,31,14.5
2026-08-16 13:25:58,100,Highly Attentive,Forward,True,31,14.3
2026-08-16 13:25:59,100,Highly Attentive,Forward,True,31,14.2
2026-08-16 13:26:00,100,Highly Attentive,Forward,True,31,14.1
2026-08-16 13:26:01,100,Highly Attentive,Forward,True,31,14.0
2026-08-16 13:26:02,100,Highly Attentive,Forward,True,31,13.9
2026-08-16 13:26:03,100,Highly Attentive,Forward,True,31,13.8
2026-08-16 13:26:04,100,Highly Attentive,Forward,True,31,13.7
2026-08-16 13:26:05,100,Highly Attentive,Forward,True,31,13.6
2026-08-16 13:26:06,100,Highly Attentive,Forward,True,31,13.5
2026-08-16 13:26:07,97,Highly Attentive,Forward,True,32,13.8
2026-08-16 13:26:08,100,Highly Attentive,Forward,True,32,13.7
2026-08-16 13:26:09,100,Highly Attentive,Forward,True,32,13.6
2026-08-16 13:26:10,100,Highly Attentive,Forward,True,32,13.5
2026-08-16 13:26:11,97,Highly Attentive,Forward,True,33,13.8
2026-08-16 13:26:12,100,Highly Attentive,Forward,True,33,13.7
2026-08-16 13:26:13,100,Highly Attentive,Forward,True,33,13.7
2026-08-16 13:26:14,100,Highly Attentive,Forward,True,33,13.6
2026-08-16 13:26:15,100,Highly Attentive,Forward,True,33,13.5
2026-08-16 13:26:16,100,Highly Attentive,Forward,True,33,13.4
2026-08-16 13:26:17,100,Highly Attentive,Forward,True,33,13.3
2026-08-16 13:26:18,100,Highly Attentive,Forward,True,33,13.2
2026-08-16 13:26:19,100,Highly Attentive,Forward,True,33,13.1
2026-08-16 13:26:20,98,Highly Attentive,Forward,True,33,13.0
2026-08-16 13:26:21,85,Highly Attentive,Forward,True,33,12.9
2026-08-16 13:26:22,85,Highly Attentive,Forward,True,33,12.8
2026-08-16 13:26:23,78,Attentive,Forward,False,34,13.1
2026-08-16 13:26:24,66,Slightly Distracted,Forward,False,35,13.4
2026-08-16 13:26:25,65,Slightly Distracted,Forward,False,35,13.4
2026-08-16 13:26:26,65,Slightly Distracted,Forward,False,35,13.3
2026-08-16 13:26:27,65,Slightly Distracted,Forward,False,35,13.2
2026-08-16 13:26:28,66,Slightly Distracted,Forward,True,36,13.5
2026-08-16 13:26:29,93,Highly Attentive,Forward,True,38,14.1
2026-08-16 13:26:31,95,Highly Attentive,Forward,True,40,14.8
2026-08-16 13:26:32,95,Highly Attentive,Forward,False,42,15.4
2026-08-16 13:26:33,66,Slightly Distracted,Left,True,43,15.7
2026-08-16 13:26:34,100,Highly Attentive,Forward,True,43,15.6
2026-08-16 13:26:35,100,Highly Attentive,Forward,True,43,15.5
2026-08-16 13:26:36,98,Highly Attentive,Right,True,43,15.4
2026-08-16 13:26:37,68,Slightly Distracted,Right,True,44,15.7
2026-08-16 13:26:38,98,Highly Attentive,Forward,True,44,15.6
2026-08-16 13:26:39,99,Highly Attentive,Forward,True,44,15.5
2026-08-16 13:26:40,95,Highly Attentive,Forward,True,46,16.1
2026-08-16 13:26:41,100,Highly Attentive,Forward,True,46,16.0
2026-08-16 13:26:42,98,Highly Attentive,Forward,True,47,16.2
2026-08-16 13:26:43,93,Highly Attentive,Forward,True,50,17.2
2026-08-16 13:26:44,77,Attentive,Forward,False,50,17.1
2026-08-16 13:26:45,100,Highly Attentive,Forward,True,50,17.0
2026-08-16 13:26:46,98,Highly Attentive,Forward,True,51,17.2
2026-08-16 13:26:47,100,Highly Attentive,Forward,True,51,17.1
2026-08-16 13:26:48,100,Highly Attentive,Forward,True,51,17.0
2026-08-16 13:26:49,92,Highly Attentive,Forward,True,51,16.9
2026-08-16 13:26:50,96,Highly Attentive,Forward,True,52,17.1
2026-08-16 13:26:51,100,Highly Attentive,Forward,True,52,17.0
2026-08-16 13:26:52,100,Highly Attentive,Forward,True,52,17.0
2026-08-16 13:26:53,100,Highly Attentive,Forward,True,52,16.9
2026-08-16 13:26:54,100,Highly Attentive,Forward,True,52,16.8
2026-08-16 13:26:55,100,Highly Attentive,Forward,True,52,16.7
2026-08-16 13:26:56,100,Highly Attentive,Forward,True,52,16.6
2026-08-16 13:26:57,100,Highly Attentive,Forward,True,52,16.5
2026-08-16 13:26:58,94,Highly Attentive,Right,True,52,16.4
2026-08-16 13:26:59,65,Slightly Distracted,Right,True,52,16.3
2026-08-16 13:27:00,65,Slightly Distracted,Right,True,52,16.2
2026-08-16 13:27:01,61,Slightly Distracted,Right,True,53,16.5
2026-08-16 13:27:02,56,Slightly Distracted,Left,False,53,16.4
2026-08-16 13:27:03,92,Highly Attentive,Forward,False,54,16.6
2026-08-16 13:27:04,80,Attentive,Down,True,54,16.5
2026-08-16 13:27:05,89,Highly Attentive,Forward,True,55,16.7
2026-08-16 13:27:06,98,Highly Attentive,Forward,True,56,16.9
2026-08-16 13:27:07,100,Highly Attentive,Forward,True,56,16.9
2026-08-16 13:27:08,100,Highly Attentive,Forward,True,56,16.8
2026-08-16 13:27:09,100,Highly Attentive,Forward,True,56,16.7
2026-08-16 13:27:11,98,Highly Attentive,Forward,True,57,16.9
2026-08-16 13:27:12,100,Highly Attentive,Forward,True,57,16.8
2026-08-16 13:27:13,100,Highly Attentive,Forward,True,57,16.7
2026-08-16 13:27:14,100,Highly Attentive,Forward,True,57,16.6
2026-08-16 13:27:15,100,Highly Attentive,Forward,True,57,16.6
2026-08-16 13:27:16,98,Highly Attentive,Forward,True,58,16.8
2026-08-16 13:27:17,100,Highly Attentive,Forward,True,58,16.7
2026-08-16 13:27:18,100,Highly Attentive,Forward,True,58,16.6
2026-08-16 13:27:19,100,Highly Attentive,Forward,True,58,16.5
2026-08-16 13:27:20,100,Highly Attentive,Forward,True,58,16.4
2026-08-16 13:27:21,98,Highly Attentive,Forward,True,59,16.6
2026-08-16 13:27:22,82,Attentive,Forward,True,59,16.6
2026-08-16 13:27:23,80,Attentive,Forward,True,60,16.8
2026-08-16 13:27:24,84,Attentive,Forward,False,60,16.7
2026-08-16 13:27:25,96,Highly Attentive,Forward,True,60,16.6
2026-08-16 13:27:26,98,Highly Attentive,Forward,True,60,16.5
2026-08-16 13:27:27,84,Attentive,Forward,False,60,16.5
2026-08-16 13:27:28,65,Slightly Distracted,Forward,False,60,16.4
2026-08-16 13:27:29,65,Slightly Distracted,Forward,False,60,16.3
2026-08-16 13:27:30,68,Slightly Distracted,Forward,True,61,16.5
2026-08-16 13:27:31,94,Highly Attentive,Forward,True,62,16.7
2026-08-16 13:27:32,98,Highly Attentive,Forward,True,63,16.9
2026-08-16 13:27:33,99,Highly Attentive,Forward,True,63,16.8
2026-08-16 13:27:34,98,Highly Attentive,Forward,True,64,17.0
2026-08-16 13:27:35,99,Highly Attentive,Forward,True,64,16.9
2026-08-16 13:27:36,100,Highly Attentive,Forward,True,64,16.8
2026-08-16 13:27:37,94,Highly Attentive,Forward,True,67,17.6
2026-08-16 13:27:38,97,Highly Attentive,Forward,True,68,17.7
2026-08-16 13:27:39,80,Attentive,Forward,False,68,17.7
2026-08-16 13:27:40,83,Attentive,Forward,True,69,17.8
2026-08-16 13:27:41,92,Highly Attentive,Forward,True,69,17.8
2026-08-16 13:27:42,100,Highly Attentive,Forward,True,69,17.7
2026-08-16 13:27:43,100,Highly Attentive,Forward,True,69,17.6
2026-08-16 13:27:44,100,Highly Attentive,Forward,True,69,17.5
2026-08-16 13:27:45,100,Highly Attentive,Forward,True,69,17.5
2026-08-16 13:27:46,98,Highly Attentive,Forward,True,70,17.6
2026-08-16 13:27:47,100,Highly Attentive,Forward,True,70,17.6
2026-08-16 13:27:48,98,Highly Attentive,Forward,True,71,17.7
2026-08-16 13:27:49,98,Highly Attentive,Forward,True,72,17.9
2026-08-16 13:27:50,98,Highly Attentive,Forward,True,73,18.1
2026-08-16 13:27:51,100,Highly Attentive,Forward,True,73,18.0
2026-08-16 13:27:52,99,Highly Attentive,Forward,False,73,17.9
2026-08-16 13:27:53,100,Highly Attentive,Forward,True,74,18.1
2026-08-16 13:27:54,80,Attentive,Down,True,74,18.0
2026-08-16 13:27:55,65,Slightly Distracted,Down,True,74,18.0
2026-08-16 13:27:56,92,Highly Attentive,Forward,False,77,18.6
2026-08-16 13:27:57,95,Highly Attentive,Forward,True,79,19.0
2026-08-16 13:27:58,97,Highly Attentive,Forward,True,80,19.2
2026-08-16 13:27:59,100,Highly Attentive,Forward,True,80,19.1
2026-08-16 13:28:01,100,Highly Attentive,Forward,True,80,19.0
2026-08-16 13:28:02,100,Highly Attentive,Forward,True,80,18.9
2026-08-16 13:28:03,100,Highly Attentive,Forward,True,80,18.9
2026-08-16 13:28:04,100,Highly Attentive,Forward,True,80,18.8
2026-08-16 13:28:05,94,Highly Attentive,Forward,True,81,18.9
2026-08-16 13:28:06,100,Highly Attentive,Forward,True,81,18.9
2026-08-16 13:28:07,100,Highly Attentive,Forward,True,81,18.8
2026-08-16 13:28:08,98,Highly Attentive,Forward,True,82,19.0
2026-08-16 13:28:09,100,Highly Attentive,Forward,True,82,18.9
2026-08-16 13:28:10,100,Highly Attentive,Forward,True,82,18.8
2026-08-16 13:28:11,100,Highly Attentive,Forward,True,82,18.7
2026-08-16 13:28:12,100,Highly Attentive,Forward,True,82,18.7
2026-08-16 13:28:13,100,Highly Attentive,Forward,True,82,18.6
2026-08-16 13:28:14,100,Highly Attentive,Forward,True,82,18.5
2026-08-16 13:28:15,100,Highly Attentive,Forward,True,82,18.4
2026-08-16 13:28:16,100,Highly Attentive,Forward,True,82,18.4
2026-08-16 13:28:17,100,Highly Attentive,Forward,True,82,18.3
2026-08-16 13:28:18,100,Highly Attentive,Forward,True,82,18.2
2026-08-16 13:28:19,100,Highly Attentive,Forward,True,82,18.2
2026-08-16 13:28:20,98,Highly Attentive,Forward,True,83,18.3
2026-08-16 13:28:21,100,Highly Attentive,Forward,True,83,18.3
2026-08-16 13:28:22,100,Highly Attentive,Forward,True,83,18.2
2026-08-16 13:28:23,100,Highly Attentive,Forward,True,83,18.1
2026-08-16 13:28:24,100,Highly Attentive,Forward,True,83,18.1
2026-08-16 13:28:25,100,Highly Attentive,Forward,True,83,18.0
2026-08-16 13:28:26,100,Highly Attentive,Forward,True,83,17.9
2026-08-16 13:28:27,100,Highly Attentive,Forward,True,83,17.9
2026-08-16 13:28:28,98,Highly Attentive,Forward,True,84,18.0
2026-08-16 13:28:29,100,Highly Attentive,Forward,True,84,17.9
2026-08-16 13:28:30,100,Highly Attentive,Forward,True,84,17.9
2026-08-16 13:28:31,100,Highly Attentive,Forward,True,84,17.8
2026-08-16 13:28:32,100,Highly Attentive,Forward,True,84,17.7
2026-08-16 13:28:33,100,Highly Attentive,Forward,True,84,17.7
2026-08-16 13:28:34,100,Highly Attentive,Forward,True,84,17.6
2026-08-16 13:28:35,100,Highly Attentive,Forward,True,84,17.6
2026-08-16 13:28:36,100,Highly Attentive,Forward,True,84,17.5
2026-08-16 13:28:37,100,Highly Attentive,Forward,True,84,17.4
2026-08-16 13:28:38,98,Highly Attentive,Forward,True,85,17.6
2026-08-16 13:28:39,100,Highly Attentive,Forward,True,85,17.5
2026-08-16 13:28:40,100,Highly Attentive,Forward,True,85,17.5
2026-08-16 13:28:41,100,Highly Attentive,Forward,True,85,17.4
2026-08-16 13:28:42,100,Highly Attentive,Forward,True,85,17.3
2026-08-16 13:28:43,100,Highly Attentive,Forward,True,85,17.3
2026-08-16 13:28:44,98,Highly Attentive,Forward,False,85,17.2
2026-08-16 13:28:45,99,Highly Attentive,Forward,True,86,17.4
2026-08-16 13:28:46,100,Highly Attentive,Forward,True,86,17.3
2026-08-16 13:28:47,98,Highly Attentive,Forward,True,87,17.4
2026-08-16 13:28:48,100,Highly Attentive,Forward,True,87,17.4
2026-08-16 13:28:49,100,Highly Attentive,Forward,True,87,17.3
2026-08-16 13:28:50,100,Highly Attentive,Forward,True,87,17.3
2026-08-16 13:28:52,98,Highly Attentive,Forward,True,88,17.4
2026-08-16 13:28:53,100,Highly Attentive,Forward,True,88,17.3
2026-08-16 13:28:54,100,Highly Attentive,Forward,True,88,17.3
2026-08-16 13:28:55,100,Highly Attentive,Forward,True,88,17.2
2026-08-16 13:28:56,100,Highly Attentive,Forward,True,88,17.2
2026-08-16 13:28:57,100,Highly Attentive,Forward,True,88,17.1
2026-08-16 13:28:58,100,Highly Attentive,Forward,True,88,17.1
2026-08-16 13:28:59,100,Highly Attentive,Forward,True,88,17.0
2026-08-16 13:29:00,100,Highly Attentive,Forward,True,88,16.9
2026-08-16 13:29:01,98,Highly Attentive,Forward,True,89,17.1
2026-08-16 13:29:02,100,Highly Attentive,Forward,True,89,17.0
2026-08-16 13:29:03,100,Highly Attentive,Forward,True,89,17.0
2026-08-16 13:29:04,100,Highly Attentive,Forward,True,89,16.9
2026-08-16 13:29:05,97,Highly Attentive,Forward,False,89,16.9
2026-08-16 13:29:06,100,Highly Attentive,Forward,True,90,17.0
2026-08-16 13:29:07,100,Highly Attentive,Forward,True,90,16.9
2026-08-16 13:29:08,97,Highly Attentive,Forward,True,91,17.1
2026-08-16 13:29:09,100,Highly Attentive,Forward,True,91,17.0
2026-08-16 13:29:10,100,Highly Attentive,Forward,True,91,17.0
2026-08-16 13:29:11,100,Highly Attentive,Forward,True,91,16.9
2026-08-16 13:29:12,100,Highly Attentive,Forward,True,91,16.9
2026-08-16 13:29:13,100,Highly Attentive,Forward,True,91,16.8
2026-08-16 13:29:14,100,Highly Attentive,Forward,True,91,16.8
2026-08-16 13:29:15,100,Highly Attentive,Forward,True,91,16.7
2026-08-16 13:29:16,100,Highly Attentive,Forward,True,91,16.7
2026-08-16 13:29:17,100,Highly Attentive,Forward,True,91,16.6
2026-08-16 13:29:18,97,Highly Attentive,Forward,True,92,16.7
2026-08-16 13:29:19,98,Highly Attentive,Forward,True,92,16.7
2026-08-16 13:29:20,64,Slightly Distracted,Forward,True,94,17.0
2026-08-16 13:29:21,88,Highly Attentive,Forward,True,94,16.9
2026-08-16 13:29:22,98,Highly Attentive,Forward,True,94,16.9
2026-08-16 13:29:23,70,Attentive,Forward,True,96,17.2
2026-08-16 13:29:24,80,Attentive,Forward,False,96,17.1
2026-08-16 13:29:25,65,Slightly Distracted,Forward,False,96,17.1
2026-08-16 13:29:26,66,Slightly Distracted,Forward,False,98,17.4
2026-08-16 13:29:27,82,Attentive,Forward,True,100,17.7
2026-08-16 13:29:28,83,Attentive,Forward,True,101,17.8
2026-08-16 13:29:29,94,Highly Attentive,Forward,True,102,17.9
2026-08-16 13:29:30,99,Highly Attentive,Forward,True,102,17.9
2026-08-16 13:29:31,99,Highly Attentive,Forward,True,102,17.8
2026-08-16 13:29:32,98,Highly Attentive,Forward,True,103,18.0
2026-08-16 13:29:33,100,Highly Attentive,Forward,True,103,17.9
2026-08-16 13:29:34,100,Highly Attentive,Forward,True,103,17.8
2026-08-16 13:29:35,99,Highly Attentive,Forward,True,103,17.8
2026-08-16 13:29:36,98,Highly Attentive,Forward,True,104,17.9
2026-08-16 13:29:37,99,Highly Attentive,Forward,True,104,17.9
2026-08-16 13:29:38,100,Highly Attentive,Forward,True,104,17.8
2026-08-16 13:29:39,98,Highly Attentive,Forward,True,105,17.9
2026-08-16 13:29:40,100,Highly Attentive,Forward,True,105,17.9
2026-08-16 13:29:41,100,Highly Attentive,Forward,True,105,17.8
2026-08-16 13:29:42,100,Highly Attentive,Forward,True,105,17.8
2026-08-16 13:29:44,99,Highly Attentive,Forward,True,105,17.7
2026-08-16 13:29:45,100,Highly Attentive,Forward,True,105,17.7
2026-08-16 13:29:46,100,Highly Attentive,Forward,True,105,17.6
2026-08-16 13:29:47,100,Highly Attentive,Forward,True,105,17.6
2026-08-16 13:29:48,100,Highly Attentive,Forward,True,105,17.5
2026-08-16 13:29:49,98,Highly Attentive,Forward,True,106,17.6
2026-08-16 13:29:50,100,Highly Attentive,Forward,True,106,17.6
2026-08-16 13:29:51,100,Highly Attentive,Forward,True,106,17.5
2026-08-16 13:29:52,98,Highly Attentive,Forward,True,107,17.7
2026-08-16 13:29:53,100,Highly Attentive,Forward,True,107,17.6
2026-08-16 13:29:54,100,Highly Attentive,Forward,True,107,17.6
2026-08-16 13:29:55,100,Highly Attentive,Forward,True,107,17.5
2026-08-16 13:29:56,100,Highly Attentive,Forward,True,107,17.5
2026-08-16 13:29:57,100,Highly Attentive,Forward,True,107,17.4
2026-08-16 13:29:58,100,Highly Attentive,Forward,True,107,17.4
2026-08-16 13:29:59,100,Highly Attentive,Forward,True,107,17.3
2026-08-16 13:30:00,100,Highly Attentive,Forward,True,107,17.3
2026-08-16 13:30:01,98,Highly Attentive,Forward,True,108,17.4
2026-08-16 13:30:02,100,Highly Attentive,Forward,True,108,17.3
2026-08-16 13:30:03,100,Highly Attentive,Forward,True,108,17.3
2026-08-16 13:30:04,100,Highly Attentive,Forward,True,108,17.2
2026-08-16 13:30:05,100,Highly Attentive,Forward,True,108,17.2
2026-08-16 13:30:06,100,Highly Attentive,Forward,True,108,17.1
2026-08-16 13:30:07,100,Highly Attentive,Forward,True,108,17.1
2026-08-16 13:30:08,100,Highly Attentive,Forward,True,108,17.1
2026-08-16 13:30:09,100,Highly Attentive,Forward,True,108,17.0
2026-08-16 13:30:10,100,Highly Attentive,Forward,True,108,17.0
2026-08-16 13:30:11,100,Highly Attentive,Forward,True,108,16.9
2026-08-16 13:30:12,100,Highly Attentive,Forward,True,108,16.9
2026-08-16 13:30:13,98,Highly Attentive,Forward,True,109,17.0
2026-08-16 13:30:14,100,Highly Attentive,Forward,True,109,16.9
2026-08-16 13:30:15,100,Highly Attentive,Forward,True,109,16.9
2026-08-16 13:30:16,100,Highly Attentive,Forward,True,109,16.9
2026-08-16 13:30:17,98,Highly Attentive,Forward,True,110,17.0
2026-08-16 13:30:18,100,Highly Attentive,Forward,True,110,16.9
2026-08-16 13:30:19,100,Highly Attentive,Forward,True,110,16.9
2026-08-16 13:30:20,100,Highly Attentive,Forward,True,110,16.8
2026-08-16 13:30:21,100,Highly Attentive,Forward,True,110,16.8
2026-08-16 13:30:22,100,Highly Attentive,Forward,True,110,16.7
2026-08-16 13:30:23,100,Highly Attentive,Forward,True,110,16.7
2026-08-16 13:30:24,100,Highly Attentive,Forward,True,110,16.7
2026-08-16 13:30:25,100,Highly Attentive,Forward,True,110,16.6
2026-08-16 13:30:26,98,Highly Attentive,Forward,True,111,16.7
2026-08-16 13:30:27,100,Highly Attentive,Forward,True,111,16.7
2026-08-16 13:30:28,100,Highly Attentive,Forward,True,111,16.6
2026-08-16 13:30:29,100,Highly Attentive,Forward,True,111,16.6
2026-08-16 13:30:30,100,Highly Attentive,Forward,True,111,16.6
2026-08-16 13:30:31,100,Highly Attentive,Forward,True,111,16.5
2026-08-16 13:30:33,97,Highly Attentive,Forward,False,112,16.6
2026-08-16 13:30:34,96,Highly Attentive,Forward,True,113,16.7
2026-08-16 13:30:35,100,Highly Attentive,Forward,True,113,16.7
2026-08-16 13:30:36,100,Highly Attentive,Forward,True,113,16.6
2026-08-16 13:30:37,91,Highly Attentive,Forward,True,114,16.7
2026-08-16 13:30:38,100,Highly Attentive,Forward,True,114,16.7
2026-08-16 13:30:39,97,Highly Attentive,Forward,True,115,16.8
2026-08-16 13:30:40,100,Highly Attentive,Forward,True,115,16.8
2026-08-16 13:30:41,100,Highly Attentive,Forward,True,115,16.7
2026-08-16 13:30:42,100,Highly Attentive,Forward,True,115,16.7
2026-08-16 13:30:43,100,Highly Attentive,Forward,True,115,16.6
2026-08-16 13:30:44,100,Highly Attentive,Forward,True,115,16.6
2026-08-16 13:30:45,100,Highly Attentive,Forward,True,115,16.6
2026-08-16 13:30:46,100,Highly Attentive,Forward,True,115,16.5
2026-08-16 13:30:47,100,Highly Attentive,Forward,True,115,16.5
2026-08-16 13:30:48,100,Highly Attentive,Forward,True,115,16.4
2026-08-16 13:30:49,100,Highly Attentive,Forward,True,115,16.4
2026-08-16 13:30:50,67,Slightly Distracted,Down,True,115,16.4
2026-08-16 13:30:51,98,Highly Attentive,Forward,True,115,16.3
2026-08-16 13:30:52,100,Highly Attentive,Forward,True,115,16.3
2026-08-16 13:30:53,100,Highly Attentive,Forward,True,115,16.2
2026-08-16 13:30:54,100,Highly Attentive,Forward,True,115,16.2
2026-08-16 13:30:55,100,Highly Attentive,Forward,True,115,16.2
2026-08-16 13:30:56,100,Highly Attentive,Forward,True,115,16.1
2026-08-16 13:30:57,99,Highly Attentive,Forward,True,115,16.1
2026-08-16 13:30:58,90,Highly Attentive,Forward,False,116,16.2
2026-08-16 13:30:59,100,Highly Attentive,Forward,True,117,16.3
2026-08-16 13:31:00,100,Highly Attentive,Forward,True,117,16.3
2026-08-16 13:31:01,100,Highly Attentive,Forward,True,117,16.2
2026-08-16 13:31:02,100,Highly Attentive,Forward,True,117,16.2
2026-08-16 13:31:03,100,Highly Attentive,Forward,True,117,16.1
2026-08-16 13:31:04,100,Highly Attentive,Forward,True,117,16.1
2026-08-16 13:31:05,100,Highly Attentive,Forward,True,117,16.1
2026-08-16 13:31:06,100,Highly Attentive,Forward,True,117,16.0
2026-08-16 13:31:07,100,Highly Attentive,Forward,True,117,16.0
2026-08-16 13:31:08,100,Highly Attentive,Forward,True,117,15.9
2026-08-16 13:31:09,100,Highly Attentive,Forward,True,117,15.9
2026-08-16 13:31:10,98,Highly Attentive,Forward,True,118,16.0
2026-08-16 13:31:11,100,Highly Attentive,Forward,True,118,16.0
2026-08-16 13:31:12,100,Highly Attentive,Forward,True,118,15.9
2026-08-16 13:31:13,97,Highly Attentive,Forward,True,119,16.0
2026-08-16 13:31:14,100,Highly Attentive,Forward,True,119,16.0
2026-08-16 13:31:15,100,Highly Attentive,Forward,True,119,16.0
2026-08-16 13:31:16,100,Highly Attentive,Forward,True,119,15.9
2026-08-16 13:31:17,100,Highly Attentive,Forward,True,119,15.9
2026-08-16 13:31:18,100,Highly Attentive,Forward,True,119,15.9
2026-08-16 13:31:19,100,Highly Attentive,Forward,True,119,15.8
2026-08-16 13:31:20,100,Highly Attentive,Forward,True,119,15.8
2026-08-16 13:31:22,100,Highly Attentive,Forward,True,119,15.7
2026-08-16 13:31:23,100,Highly Attentive,Forward,True,119,15.7
2026-08-16 13:31:24,100,Highly Attentive,Forward,True,119,15.7
2026-08-16 13:31:25,100,Highly Attentive,Forward,True,119,15.6
2026-08-16 13:31:26,100,Highly Attentive,Forward,True,119,15.6
2026-08-16 13:31:27,100,Highly Attentive,Forward,True,119,15.6
2026-08-16 13:31:28,78,Attentive,Left,True,119,15.5
2026-08-16 13:31:29,65,Slightly Distracted,Left,True,119,15.5
2026-08-16 13:31:30,65,Slightly Distracted,Left,True,119,15.5
2026-08-16 13:31:31,82,Attentive,Forward,True,120,15.6
2026-08-16 13:31:32,100,Highly Attentive,Forward,True,120,15.5
2026-08-16 13:31:33,98,Highly Attentive,Forward,True,121,15.6
2026-08-16 13:31:34,95,Highly Attentive,Down,False,121,15.6
2026-08-16 13:31:36,64,Slightly Distracted,Left,True,123,15.8
2026-08-16 13:31:37,65,Slightly Distracted,Left,True,123,15.7
2026-08-16 13:31:38,63,Slightly Distracted,Left,True,124,15.8
2026-08-16 13:31:39,65,Slightly Distracted,Down,True,124,15.8
2026-08-16 13:31:40,65,Slightly Distracted,Down,True,124,15.8
2026-08-16 13:31:41,74,Attentive,Right,True,125,15.9
2026-08-16 13:31:42,65,Slightly Distracted,Right,True,125,15.8
2026-08-16 13:31:43,65,Slightly Distracted,Right,True,125,15.8
2026-08-16 13:31:44,92,Highly Attentive,Forward,False,125,15.8
2026-08-16 13:31:45,99,Highly Attentive,Forward,True,126,15.8
2026-08-16 13:31:46,100,Highly Attentive,Forward,True,126,15.8
2026-08-16 13:31:47,98,Highly Attentive,Forward,True,127,15.9
2026-08-16 13:31:48,100,Highly Attentive,Forward,True,127,15.9
2026-08-16 13:31:49,100,Highly Attentive,Forward,True,127,15.8
2026-08-16 13:31:50,100,Highly Attentive,Forward,True,127,15.8
2026-08-16 13:31:51,100,Highly Attentive,Forward,True,127,15.8
2026-08-16 13:31:52,85,Attentive,Left,True,127,15.7
2026-08-16 13:31:53,65,Slightly Distracted,Left,True,127,15.7
2026-08-16 13:31:54,65,Slightly Distracted,Left,True,127,15.7
2026-08-16 13:31:55,65,Slightly Distracted,Left,True,127,15.6
2026-08-16 13:31:56,62,Slightly Distracted,Left,True,128,15.7
2026-08-16 13:31:57,63,Slightly Distracted,Left,True,129,15.8
2026-08-16 13:31:58,72,Attentive,Left,True,129,15.8
2026-08-16 13:31:59,63,Slightly Distracted,Left,True,130,15.9
2026-08-16 13:32:01,93,Highly Attentive,Forward,True,131,16.0
2026-08-16 13:32:02,99,Highly Attentive,Forward,True,131,15.9
2026-08-16 13:32:03,97,Highly Attentive,Forward,True,132,16.0
2026-08-16 13:32:04,97,Highly Attentive,Forward,True,133,16.1
2026-08-16 13:32:05,100,Highly Attentive,Forward,True,133,16.1
2026-08-16 13:32:06,93,Highly Attentive,Left,False,133,16.0
2026-08-16 13:32:07,60,Slightly Distracted,Left,True,134,16.1
2026-08-16 13:32:08,65,Slightly Distracted,Left,True,134,16.1
2026-08-16 13:32:09,64,Slightly Distracted,Left,False,134,16.1
2026-08-16 13:32:10,65,Slightly Distracted,Left,True,134,16.0
2026-08-16 13:32:11,65,Slightly Distracted,Left,True,134,16.0
2026-08-16 13:32:12,92,Highly Attentive,Forward,True,134,16.0
2026-08-16 13:32:13,100,Highly Attentive,Forward,True,134,15.9
2026-08-16 13:32:14,100,Highly Attentive,Forward,True,134,15.9
2026-08-16 13:32:15,67,Slightly Distracted,Down,True,134,15.9
2026-08-16 13:32:16,88,Highly Attentive,Forward,True,134,15.8
2026-08-16 13:32:17,100,Highly Attentive,Forward,True,134,15.8
2026-08-16 13:32:18,99,Highly Attentive,Forward,True,134,15.8
2026-08-16 13:32:19,100,Highly Attentive,Forward,True,134,15.7
2026-08-16 13:32:20,99,Highly Attentive,Forward,True,134,15.7
2026-08-16 13:32:21,85,Highly Attentive,Forward,True,135,15.8
2026-08-16 13:32:22,100,Highly Attentive,Forward,True,135,15.8
2026-08-16 13:32:23,100,Highly Attentive,Forward,True,135,15.7
2026-08-16 13:32:24,100,Highly Attentive,Forward,True,135,15.7
2026-08-16 13:32:25,100,Highly Attentive,Forward,True,135,15.7
2026-08-16 13:32:26,100,Highly Attentive,Forward,True,135,15.6
2026-08-16 13:32:27,100,Highly Attentive,Forward,True,135,15.6
2026-08-16 13:32:28,100,Highly Attentive,Forward,True,135,15.6
2026-08-16 13:32:29,100,Highly Attentive,Forward,True,135,15.5
2026-08-16 13:32:30,100,Highly Attentive,Forward,True,135,15.5
2026-08-16 13:32:31,99,Highly Attentive,Forward,True,135,15.5
2026-08-16 13:32:32,100,Highly Attentive,Forward,True,135,15.4
2026-08-16 13:32:33,100,Highly Attentive,Forward,True,135,15.4
2026-08-16 13:32:34,100,Highly Attentive,Forward,True,135,15.4
2026-08-16 13:32:36,99,Highly Attentive,Forward,True,135,15.4
2026-08-16 13:32:37,100,Highly Attentive,Forward,True,135,15.3
2026-08-16 13:32:38,100,Highly Attentive,Forward,True,135,15.3
2026-08-16 13:32:39,99,Highly Attentive,Forward,True,135,15.3
2026-08-16 13:32:40,100,Highly Attentive,Forward,True,135,15.2
2026-08-16 13:32:41,100,Highly Attentive,Forward,True,135,15.2
2026-08-16 13:32:42,100,Highly Attentive,Forward,True,135,15.2
2026-08-16 13:32:43,100,Highly Attentive,Forward,True,135,15.2
2026-08-16 13:32:44,100,Highly Attentive,Forward,True,135,15.1
2026-08-16 13:32:45,100,Highly Attentive,Forward,True,135,15.1
2026-08-16 13:32:46,100,Highly Attentive,Forward,True,135,15.1
2026-08-16 13:32:47,98,Highly Attentive,Forward,True,136,15.2
2026-08-16 13:32:48,100,Highly Attentive,Forward,True,136,15.1
2026-08-16 13:32:49,100,Highly Attentive,Forward,True,136,15.1
2026-08-16 13:32:50,99,Highly Attentive,Forward,True,136,15.1
2026-08-16 13:32:51,81,Attentive,Forward,True,136,15.0
2026-08-16 13:32:52,91,Highly Attentive,Forward,True,137,15.1
2026-08-16 13:32:53,94,Highly Attentive,Forward,True,137,15.1
2026-08-16 13:32:54,85,Highly Attentive,Forward,True,137,15.1
2026-08-16 13:32:55,98,Highly Attentive,Forward,True,138,15.1
2026-08-16 13:32:56,100,Highly Attentive,Forward,True,138,15.1
2026-08-16 13:32:57,97,Highly Attentive,Forward,True,139,15.2
2026-08-16 13:32:58,100,Highly Attentive,Forward,True,139,15.2
2026-08-16 13:32:59,92,Highly Attentive,Left,True,140,15.2
2026-08-16 13:33:00,84,Attentive,Forward,True,140,15.2
2026-08-16 13:33:01,100,Highly Attentive,Forward,True,140,15.2
2026-08-16 13:33:02,100,Highly Attentive,Forward,True,140,15.2
2026-08-16 13:33:03,100,Highly Attentive,Forward,True,140,15.1
2026-08-16 13:33:04,100,Highly Attentive,Forward,True,140,15.1
2026-08-16 13:33:05,100,Highly Attentive,Forward,True,140,15.1
2026-08-16 13:33:06,79,Attentive,Down,True,140,15.1
2026-08-16 13:33:07,65,Slightly Distracted,Down,True,140,15.0
2026-08-16 13:33:08,65,Slightly Distracted,Down,True,140,15.0
2026-08-16 13:33:09,65,Slightly Distracted,Down,True,140,15.0
2026-08-16 13:33:10,64,Slightly Distracted,Down,True,140,14.9
2026-08-16 13:33:11,65,Slightly Distracted,Down,True,140,14.9
2026-08-16 13:33:12,65,Slightly Distracted,Down,True,140,14.9
2026-08-16 13:33:13,65,Slightly Distracted,Down,True,140,14.9
2026-08-16 13:33:14,65,Slightly Distracted,Down,True,140,14.8
2026-08-16 13:33:15,65,Slightly Distracted,Down,True,140,14.8
2026-08-16 13:33:16,65,Slightly Distracted,Down,True,140,14.8
2026-08-16 13:33:17,65,Slightly Distracted,Down,True,140,14.8
2026-08-16 13:33:18,62,Slightly Distracted,Down,True,141,14.8
2026-08-16 13:33:19,65,Slightly Distracted,Down,True,141,14.8
2026-08-16 13:33:20,65,Slightly Distracted,Down,True,141,14.8
2026-08-16 13:33:21,65,Slightly Distracted,Down,True,141,14.8
2026-08-16 13:33:22,65,Slightly Distracted,Down,True,141,14.7
2026-08-16 13:33:23,65,Slightly Distracted,Down,True,141,14.7
2026-08-16 13:33:25,65,Slightly Distracted,Down,True,141,14.7
2026-08-16 13:33:26,65,Slightly Distracted,Down,True,141,14.7
2026-08-16 13:33:27,65,Slightly Distracted,Down,True,141,14.6
2026-08-16 13:33:28,66,Slightly Distracted,Forward,False,141,14.6
2026-08-16 13:33:29,97,Highly Attentive,Forward,False,142,14.7
2026-08-16 13:33:30,100,Highly Attentive,Forward,True,143,14.8
2026-08-16 13:33:31,100,Highly Attentive,Forward,True,143,14.7
2026-08-16 13:33:32,100,Highly Attentive,Forward,True,143,14.7
2026-08-16 13:33:33,99,Highly Attentive,Forward,True,143,14.7
2026-08-16 13:33:34,66,Slightly Distracted,Down,True,143,14.7
2026-08-16 13:33:35,65,Slightly Distracted,Down,True,143,14.6
2026-08-16 13:33:36,64,Slightly Distracted,Down,True,143,14.6
2026-08-16 13:33:37,65,Slightly Distracted,Down,True,143,14.6
2026-08-16 13:33:38,64,Slightly Distracted,Down,True,143,14.6
2026-08-16 13:33:39,65,Slightly Distracted,Down,True,143,14.5
2026-08-16 13:33:40,65,Slightly Distracted,Down,True,143,14.5
2026-08-16 13:33:41,65,Slightly Distracted,Down,True,143,14.5
2026-08-16 13:33:42,65,Slightly Distracted,Down,True,143,14.4
2026-08-16 13:33:43,65,Slightly Distracted,Down,True,143,14.4
2026-08-16 13:33:44,65,Slightly Distracted,Down,True,143,14.4
2026-08-16 13:33:45,65,Slightly Distracted,Down,True,143,14.4
2026-08-16 13:33:46,65,Slightly Distracted,Down,True,143,14.4
2026-08-16 13:33:47,65,Slightly Distracted,Down,True,143,14.3
2026-08-16 13:33:48,64,Slightly Distracted,Down,True,144,14.4
2026-08-16 13:33:49,65,Slightly Distracted,Down,True,144,14.4
2026-08-16 13:33:50,85,Attentive,Down,True,144,14.4
2026-08-16 13:33:51,72,Attentive,Left,True,144,14.3
2026-08-16 13:33:52,73,Attentive,Forward,True,144,14.3
2026-08-16 13:33:53,74,Attentive,Forward,True,144,14.3
2026-08-16 13:33:54,66,Slightly Distracted,Left,True,144,14.3
2026-08-16 13:33:55,66,Slightly Distracted,Forward,True,144,14.2
2026-08-16 13:33:56,96,Highly Attentive,Forward,True,145,14.3
2026-08-16 13:33:57,94,Highly Attentive,Forward,True,145,14.3
2026-08-16 13:33:58,100,Highly Attentive,Forward,True,145,14.3
2026-08-16 13:33:59,100,Highly Attentive,Forward,True,145,14.2
2026-08-16 13:34:00,100,Highly Attentive,Forward,True,145,14.2
2026-08-16 13:34:01,100,Highly Attentive,Forward,True,145,14.2
2026-08-16 13:34:02,100,Highly Attentive,Forward,True,145,14.2
2026-08-16 13:34:03,99,Highly Attentive,Forward,True,145,14.1
2026-08-16 13:34:04,100,Highly Attentive,Forward,True,145,14.1
2026-08-16 13:34:05,97,Highly Attentive,Forward,False,145,14.1
2026-08-16 13:34:06,98,Highly Attentive,Forward,True,147,14.3
2026-08-16 13:34:07,52,Slightly Distracted,Left,False,147,14.2
2026-08-16 13:34:08,64,Slightly Distracted,Left,True,148,14.3
2026-08-16 13:34:09,65,Slightly Distracted,Left,True,148,14.3
2026-08-16 13:34:10,65,Slightly Distracted,Left,True,148,14.3
2026-08-16 13:34:11,64,Slightly Distracted,Left,True,148,14.2
2026-08-16 13:34:12,86,Highly Attentive,Forward,True,148,14.2
2026-08-16 13:34:13,100,Highly Attentive,Forward,True,148,14.2
2026-08-16 13:34:15,100,Highly Attentive,Forward,True,148,14.2
2026-08-16 13:34:16,100,Highly Attentive,Forward,True,148,14.2
2026-08-16 13:34:17,100,Highly Attentive,Forward,True,148,14.1
2026-08-16 13:34:18,97,Highly Attentive,Forward,True,149,14.2
2026-08-16 13:34:19,100,Highly Attentive,Forward,True,149,14.2
2026-08-16 13:34:20,100,Highly Attentive,Forward,True,149,14.2
2026-08-16 13:34:21,100,Highly Attentive,Forward,True,149,14.1
2026-08-16 13:34:22,100,Highly Attentive,Forward,True,149,14.1
2026-08-16 13:34:23,100,Highly Attentive,Forward,True,149,14.1
2026-08-16 13:34:24,100,Highly Attentive,Forward,True,149,14.1
2026-08-16 13:34:25,100,Highly Attentive,Forward,True,149,14.0
2026-08-16 13:34:26,100,Highly Attentive,Forward,True,149,14.0
2026-08-16 13:34:27,99,Highly Attentive,Forward,True,149,14.0
2026-08-16 13:34:28,100,Highly Attentive,Forward,True,149,14.0
2026-08-16 13:34:29,100,Highly Attentive,Forward,True,149,14.0
2026-08-16 13:34:30,100,Highly Attentive,Forward,True,149,13.9
2026-08-16 13:34:31,100,Highly Attentive,Forward,True,149,13.9
2026-08-16 13:34:32,100,Highly Attentive,Forward,True,149,13.9
2026-08-16 13:34:33,73,Attentive,Left,True,149,13.9
2026-08-16 13:34:34,65,Slightly Distracted,Left,True,149,13.8
2026-08-16 13:34:35,65,Slightly Distracted,Left,True,149,13.8
2026-08-16 13:34:36,65,Slightly Distracted,Left,True,149,13.8
2026-08-16 13:34:37,65,Slightly Distracted,Left,True,149,13.8
2026-08-16 13:34:38,65,Slightly Distracted,Left,True,149,13.8
2026-08-16 13:34:39,65,Slightly Distracted,Left,True,149,13.7
2026-08-16 13:34:40,65,Slightly Distracted,Left,True,149,13.7
2026-08-16 13:34:41,65,Slightly Distracted,Left,True,149,13.7
2026-08-16 13:34:42,73,Attentive,Forward,True,149,13.7
2026-08-16 13:34:43,100,Highly Attentive,Forward,True,149,13.6
2026-08-16 13:34:44,100,Highly Attentive,Forward,True,149,13.6
2026-08-16 13:34:45,100,Highly Attentive,Forward,True,149,13.6
2026-08-16 13:34:46,91,Highly Attentive,Left,True,149,13.6
2026-08-16 13:34:47,65,Slightly Distracted,Left,True,149,13.6
2026-08-16 13:34:48,65,Slightly Distracted,Left,True,149,13.5
2026-08-16 13:34:49,65,Slightly Distracted,Left,True,149,13.5
2026-08-16 13:34:50,92,Highly Attentive,Forward,True,149,13.5
2026-08-16 13:34:51,100,Highly Attentive,Forward,True,149,13.5
2026-08-16 13:34:52,87,Highly Attentive,Left,True,149,13.5
2026-08-16 13:34:53,64,Slightly Distracted,Left,True,149,13.4
2026-08-16 13:34:54,90,Highly Attentive,Forward,True,149,13.4
2026-08-16 13:34:55,100,Highly Attentive,Forward,True,149,13.4
2026-08-16 13:34:56,100,Highly Attentive,Forward,True,149,13.4
2026-08-16 13:34:57,98,Highly Attentive,Forward,False,149,13.4
2026-08-16 13:34:58,99,Highly Attentive,Forward,True,150,13.4
2026-08-16 13:34:59,100,Highly Attentive,Forward,True,150,13.4
2026-08-16 13:35:00,100,Highly Attentive,Forward,True,150,13.4
2026-08-16 13:35:01,100,Highly Attentive,Forward,True,150,13.4
2026-08-16 13:35:02,100,Highly Attentive,Forward,True,150,13.3
2026-08-16 13:35:04,68,Slightly Distracted,Down,True,151,13.4
2026-08-16 13:35:05,66,Slightly Distracted,Left,True,151,13.4
2026-08-16 13:35:06,62,Slightly Distracted,Down,True,152,13.5
2026-08-16 13:35:07,84,Attentive,Forward,True,152,13.4
2026-08-16 13:35:08,100,Highly Attentive,Forward,True,152,13.4
2026-08-16 13:35:09,100,Highly Attentive,Forward,True,152,13.4
2026-08-16 13:35:10,100,Highly Attentive,Forward,True,152,13.4
2026-08-16 13:35:11,100,Highly Attentive,Forward,True,152,13.4
2026-08-16 13:35:12,100,Highly Attentive,Forward,True,152,13.3
2026-08-16 13:35:13,98,Highly Attentive,Forward,True,153,13.4
2026-08-16 13:35:14,97,Highly Attentive,Forward,True,154,13.5
2026-08-16 13:35:15,100,Highly Attentive,Forward,True,154,13.5
2026-08-16 13:35:16,100,Highly Attentive,Forward,True,154,13.4
2026-08-16 13:35:17,100,Highly Attentive,Forward,True,154,13.4
2026-08-16 13:35:18,74,Attentive,Down,True,154,13.4
2026-08-16 13:35:19,65,Slightly Distracted,Down,True,154,13.4
2026-08-16 13:35:20,60,Slightly Distracted,Down,False,155,13.4
2026-08-16 13:35:21,63,Slightly Distracted,Left,True,156,13.5
2026-08-16 13:35:22,64,Slightly Distracted,Down,True,156,13.5
2026-08-16 13:35:23,65,Slightly Distracted,Down,True,156,13.5
2026-08-16 13:35:24,65,Slightly Distracted,Down,True,156,13.5
2026-08-16 13:35:25,65,Slightly Distracted,Down,True,156,13.4
2026-08-16 13:35:26,65,Slightly Distracted,Down,True,156,13.4
2026-08-16 13:35:27,63,Slightly Distracted,Down,True,157,13.5
2026-08-16 13:35:28,65,Slightly Distracted,Down,True,157,13.5
2026-08-16 13:35:29,60,Slightly Distracted,Left,True,159,13.6
2026-08-16 13:35:30,78,Attentive,Forward,True,160,13.7
2026-08-16 13:35:31,100,Highly Attentive,Forward,True,160,13.7
2026-08-16 13:35:32,100,Highly Attentive,Forward,True,160,13.6
2026-08-16 13:35:33,100,Highly Attentive,Forward,True,160,13.6
2026-08-16 13:35:34,92,Highly Attentive,Down,True,160,13.6
2026-08-16 13:35:35,86,Highly Attentive,Forward,True,160,13.6
2026-08-16 13:35:36,100,Highly Attentive,Forward,True,160,13.6
2026-08-16 13:35:37,100,Highly Attentive,Forward,True,160,13.5
2026-08-16 13:35:38,100,Highly Attentive,Forward,True,160,13.5
2026-08-16 13:35:39,100,Highly Attentive,Forward,True,160,13.5
2026-08-16 13:35:40,100,Highly Attentive,Forward,True,160,13.5
2026-08-16 13:35:41,82,Attentive,Down,True,160,13.5
2026-08-16 13:35:42,62,Slightly Distracted,Down,True,161,13.5
2026-08-16 13:35:43,65,Slightly Distracted,Down,True,161,13.5
2026-08-16 13:35:44,58,Slightly Distracted,Left,True,163,13.7
2026-08-16 13:35:45,93,Highly Attentive,Forward,True,163,13.6
2026-08-16 13:35:46,100,Highly Attentive,Forward,True,163,13.6
2026-08-16 13:35:47,100,Highly Attentive,Forward,True,163,13.6
2026-08-16 13:35:48,100,Highly Attentive,Forward,True,163,13.6
2026-08-16 13:35:49,100,Highly Attentive,Forward,True,163,13.6
2026-08-16 13:35:50,100,Highly Attentive,Forward,True,163,13.5
2026-08-16 13:35:52,98,Highly Attentive,Forward,True,164,13.6
2026-08-16 13:35:53,79,Attentive,Forward,True,164,13.6
2026-08-16 13:35:54,98,Highly Attentive,Forward,True,164,13.6
2026-08-16 13:35:55,100,Highly Attentive,Forward,True,164,13.5
2026-08-16 13:35:56,100,Highly Attentive,Forward,True,164,13.5
2026-08-16 13:35:57,100,Highly Attentive,Forward,True,164,13.5
2026-08-16 13:35:58,100,Highly Attentive,Forward,True,164,13.5
2026-08-16 13:35:59,100,Highly Attentive,Forward,True,164,13.5
2026-08-16 13:36:00,100,Highly Attentive,Forward,True,164,13.5
2026-08-16 13:36:01,100,Highly Attentive,Forward,True,164,13.4
2026-08-16 13:36:02,100,Highly Attentive,Forward,True,164,13.4
2026-08-16 13:36:03,100,Highly Attentive,Forward,True,164,13.4
2026-08-16 13:36:04,100,Highly Attentive,Forward,True,164,13.4
2026-08-16 13:36:05,100,Highly Attentive,Forward,True,164,13.4
2026-08-16 13:36:06,100,Highly Attentive,Forward,True,164,13.3
2026-08-16 13:36:07,100,Highly Attentive,Forward,True,164,13.3
2026-08-16 13:36:08,99,Highly Attentive,Forward,True,164,13.3
2026-08-16 13:36:09,100,Highly Attentive,Forward,True,164,13.3
2026-08-16 13:36:10,100,Highly Attentive,Forward,True,164,13.3
2026-08-16 13:36:11,100,Highly Attentive,Forward,True,164,13.2
2026-08-16 13:36:12,100,Highly Attentive,Forward,True,164,13.2
2026-08-16 13:36:13,100,Highly Attentive,Forward,True,164,13.2
2026-08-16 13:36:14,100,Highly Attentive,Forward,True,164,13.2
2026-08-16 13:36:15,100,Highly Attentive,Forward,True,164,13.2
2026-08-16 13:36:16,100,Highly Attentive,Forward,True,164,13.2
2026-08-16 13:36:17,68,Slightly Distracted,Down,True,164,13.1
2026-08-16 13:36:18,65,Slightly Distracted,Down,True,164,13.1
2026-08-16 13:36:19,91,Highly Attentive,Forward,True,164,13.1
2026-08-16 13:36:20,99,Highly Attentive,Forward,True,164,13.1
2026-08-16 13:36:21,93,Highly Attentive,Down,True,165,13.1
2026-08-16 13:36:22,65,Slightly Distracted,Down,True,165,13.1
2026-08-16 13:36:23,65,Slightly Distracted,Down,True,165,13.1
2026-08-16 13:36:24,65,Slightly Distracted,Down,True,165,13.1
2026-08-16 13:36:25,68,Slightly Distracted,Down,True,165,13.1
2026-08-16 13:36:26,65,Slightly Distracted,Down,True,165,13.1
2026-08-16 13:36:27,65,Slightly Distracted,Down,True,165,13.0
2026-08-16 13:36:28,65,Slightly Distracted,Down,True,165,13.0
2026-08-16 13:36:29,65,Slightly Distracted,Down,True,165,13.0
2026-08-16 13:36:30,65,Slightly Distracted,Down,True,165,13.0
2026-08-16 13:36:31,76,Attentive,Forward,True,165,13.0
2026-08-16 13:36:32,91,Highly Attentive,Forward,True,165,13.0
2026-08-16 13:36:33,99,Highly Attentive,Forward,True,165,12.9
2026-08-16 13:36:34,73,Attentive,Left,True,165,12.9
2026-08-16 13:36:35,80,Attentive,Left,True,165,12.9
2026-08-16 13:36:36,65,Slightly Distracted,Left,True,165,12.9
2026-08-16 13:36:37,65,Slightly Distracted,Left,True,165,12.9
2026-08-16 13:36:38,65,Slightly Distracted,Left,True,165,12.9
2026-08-16 13:36:39,65,Slightly Distracted,Left,True,165,12.8
2026-08-16 13:36:41,85,Attentive,Left,True,165,12.8
2026-08-16 13:36:42,65,Slightly Distracted,Left,True,165,12.8
2026-08-16 13:36:43,68,Slightly Distracted,Forward,True,165,12.8
2026-08-16 13:36:44,100,Highly Attentive,Forward,True,165,12.8
2026-08-16 13:36:45,100,Highly Attentive,Forward,True,165,12.7
2026-08-16 13:36:46,91,Highly Attentive,Forward,True,166,12.8
2026-08-16 13:36:47,100,Highly Attentive,Forward,True,166,12.8
2026-08-16 13:36:48,100,Highly Attentive,Forward,True,166,12.8
2026-08-16 13:36:49,97,Highly Attentive,Forward,True,167,12.8
2026-08-16 13:36:50,100,Highly Attentive,Forward,True,167,12.8
2026-08-16 13:36:51,79,Attentive,Forward,True,168,12.9
2026-08-16 13:36:52,66,Slightly Distracted,Forward,True,168,12.9
2026-08-16 13:36:53,92,Highly Attentive,Left,True,169,12.9
2026-08-16 13:36:54,65,Slightly Distracted,Left,True,169,12.9
2026-08-16 13:36:55,64,Slightly Distracted,Left,True,169,12.9
2026-08-16 13:36:56,84,Attentive,Forward,True,170,12.9
2026-08-16 13:36:57,70,Slightly Distracted,Left,True,170,12.9
2026-08-16 13:36:58,65,Slightly Distracted,Left,True,170,12.9
2026-08-16 13:36:59,65,Slightly Distracted,Left,True,170,12.9
2026-08-16 13:37:00,79,Attentive,Forward,True,172,13.0
2026-08-16 13:37:01,95,Highly Attentive,Forward,True,173,13.1
2026-08-16 13:37:02,66,Slightly Distracted,Right,False,173,13.1
2026-08-16 13:37:03,75,Attentive,Left,True,174,13.1
2026-08-16 13:37:04,65,Slightly Distracted,Left,True,174,13.1
2026-08-16 13:37:05,68,Slightly Distracted,Left,True,175,13.2
2026-08-16 13:37:06,76,Attentive,Forward,True,176,13.2
2026-08-16 13:37:07,90,Highly Attentive,Forward,False,176,13.2
2026-08-16 13:37:08,77,Attentive,Right,False,177,13.3
2026-08-16 13:37:09,70,Slightly Distracted,Right,True,178,13.3
2026-08-16 13:37:10,64,Slightly Distracted,Right,True,178,13.3
2026-08-16 13:37:11,62,Slightly Distracted,Right,True,179,13.4
2026-08-16 13:37:12,64,Slightly Distracted,Right,True,179,13.4
2026-08-16 13:37:13,64,Slightly Distracted,Right,True,179,13.3
2026-08-16 13:37:14,66,Slightly Distracted,Left,True,180,13.4
2026-08-16 13:37:15,65,Slightly Distracted,Left,True,180,13.4
2026-08-16 13:37:16,65,Slightly Distracted,Left,True,180,13.4
2026-08-16 13:37:17,65,Slightly Distracted,Left,True,180,13.3
2026-08-16 13:37:18,64,Slightly Distracted,Right,True,182,13.5
2026-08-16 13:37:19,64,Slightly Distracted,Right,False,182,13.5
2026-08-16 13:37:20,80,Attentive,Forward,False,183,13.5
2026-08-16 13:38:28,74,Attentive,Forward,True,184,12.6
2026-08-16 13:38:29,83,Attentive,Right,True,184,12.5
2026-08-16 13:38:42,76,Attentive,Left,True,184,12.3
2026-08-16 13:38:43,78,Attentive,Left,False,186,12.5
2026-08-16 13:38:44,78,Attentive,Down,False,187,12.5
2026-08-16 13:38:45,92,Highly Attentive,Forward,True,187,12.5
2026-08-16 13:38:46,100,Highly Attentive,Forward,True,187,12.5
2026-08-16 13:38:47,98,Highly Attentive,Forward,True,188,12.5
2026-08-16 13:38:48,100,Highly Attentive,Forward,True,188,12.5
2026-08-16 13:38:50,100,Highly Attentive,Forward,True,188,12.5
2026-08-16 13:38:51,97,Highly Attentive,Forward,True,189,12.6
2026-08-16 13:38:52,100,Highly Attentive,Forward,True,189,12.6
2026-08-16 13:38:53,100,Highly Attentive,Forward,True,189,12.5
2026-08-16 13:38:54,100,Highly Attentive,Forward,True,189,12.5
2026-08-16 13:38:55,100,Highly Attentive,Forward,True,189,12.5
2026-08-16 13:38:56,100,Highly Attentive,Forward,True,189,12.5
2026-08-16 13:38:57,100,Highly Attentive,Forward,True,189,12.5
2026-08-16 13:38:58,100,Highly Attentive,Forward,True,189,12.5
2026-08-16 13:38:59,100,Highly Attentive,Forward,True,189,12.5
2026-08-16 13:39:00,100,Highly Attentive,Forward,True,189,12.4
2026-08-16 13:39:01,100,Highly Attentive,Forward,True,189,12.4
2026-08-16 13:39:02,100,Highly Attentive,Forward,True,189,12.4
2026-08-16 13:39:03,100,Highly Attentive,Forward,True,189,12.4
2026-08-16 13:39:04,92,Highly Attentive,Forward,True,189,12.4
2026-08-16 13:39:05,100,Highly Attentive,Forward,True,189,12.4
2026-08-16 13:39:06,81,Attentive,Left,True,190,12.4
2026-08-16 13:39:07,79,Attentive,Forward,True,190,12.4
2026-08-16 13:39:08,100,Highly Attentive,Forward,True,190,12.4
2026-08-16 13:39:09,100,Highly Attentive,Forward,True,190,12.4
2026-08-16 13:39:10,100,Highly Attentive,Forward,True,190,12.4
2026-08-16 13:39:11,100,Highly Attentive,Forward,True,190,12.4
2026-08-16 13:39:12,98,Highly Attentive,Forward,True,191,12.4
2026-08-16 13:39:13,100,Highly Attentive,Forward,True,191,12.4
2026-08-16 13:39:14,100,Highly Attentive,Forward,True,191,12.4
2026-08-16 13:39:15,100,Highly Attentive,Forward,True,191,12.4
2026-08-16 13:39:16,100,Highly Attentive,Forward,True,191,12.3
2026-08-16 13:39:17,100,Highly Attentive,Forward,True,191,12.3
2026-08-16 13:39:18,100,Highly Attentive,Forward,True,191,12.3
2026-08-16 13:39:19,100,Highly Attentive,Forward,True,191,12.3
2026-08-16 13:39:20,100,Highly Attentive,Forward,True,191,12.3
2026-08-16 13:39:21,100,Highly Attentive,Forward,True,191,12.3
2026-08-16 13:39:22,100,Highly Attentive,Forward,True,191,12.3
2026-08-16 13:39:23,100,Highly Attentive,Forward,True,191,12.3
2026-08-16 13:39:24,100,Highly Attentive,Forward,True,191,12.2
2026-08-16 13:39:25,100,Highly Attentive,Forward,True,191,12.2
2026-08-16 13:39:26,100,Highly Attentive,Forward,True,191,12.2
2026-08-16 13:39:27,100,Highly Attentive,Forward,True,191,12.2
2026-08-16 13:39:28,100,Highly Attentive,Forward,True,191,12.2
2026-08-16 13:39:29,100,Highly Attentive,Forward,True,191,12.2
2026-08-16 13:39:30,100,Highly Attentive,Forward,True,191,12.2
2026-08-16 13:39:31,100,Highly Attentive,Forward,True,191,12.1
2026-08-16 13:39:32,100,Highly Attentive,Forward,True,191,12.1
2026-08-16 13:39:33,100,Highly Attentive,Forward,True,191,12.1
2026-08-16 13:39:34,100,Highly Attentive,Forward,True,191,12.1
2026-08-16 13:39:35,100,Highly Attentive,Forward,True,191,12.1
2026-08-16 13:39:36,100,Highly Attentive,Forward,True,191,12.1
2026-08-16 13:39:37,100,Highly Attentive,Forward,True,191,12.1
2026-08-16 13:39:38,100,Highly Attentive,Forward,True,191,12.1
2026-08-16 13:39:40,100,Highly Attentive,Forward,True,191,12.0
2026-08-16 13:39:41,99,Highly Attentive,Forward,True,191,12.0
2026-08-16 13:39:42,100,Highly Attentive,Forward,True,191,12.0
2026-08-16 13:39:43,100,Highly Attentive,Forward,True,191,12.0
2026-08-16 13:39:44,100,Highly Attentive,Forward,True,191,12.0
2026-08-16 13:39:45,100,Highly Attentive,Forward,True,191,12.0
2026-08-16 13:39:46,100,Highly Attentive,Forward,True,191,12.0
2026-08-16 13:39:47,100,Highly Attentive,Forward,True,191,12.0
2026-08-16 13:39:48,100,Highly Attentive,Forward,True,191,11.9
2026-08-16 13:39:49,100,Highly Attentive,Forward,True,191,11.9
2026-08-16 13:39:50,97,Highly Attentive,Forward,True,192,12.0
2026-08-16 13:39:51,100,Highly Attentive,Forward,True,192,12.0
2026-08-16 13:39:52,100,Highly Attentive,Forward,True,192,12.0
2026-08-16 13:39:53,98,Highly Attentive,Forward,True,193,12.0
2026-08-16 13:39:54,80,Attentive,Left,False,193,12.0
2026-08-16 13:39:55,61,Slightly Distracted,Forward,False,195,12.1
2026-08-16 13:39:56,76,Attentive,Left,False,195,12.1
2026-08-16 13:39:57,66,Slightly Distracted,Forward,True,196,12.1
2026-08-16 13:39:58,100,Highly Attentive,Forward,True,196,12.1
2026-08-16 13:39:59,93,Highly Attentive,Right,True,196,12.1
2026-08-16 13:40:00,64,Slightly Distracted,Right,True,196,12.1
2026-08-16 13:40:01,63,Slightly Distracted,Right,True,197,12.1
2026-08-16 13:40:02,64,Slightly Distracted,Forward,True,198,12.2
2026-08-16 13:40:03,68,Slightly Distracted,Left,True,200,12.3
2026-08-16 13:40:04,82,Attentive,Forward,True,201,12.4
2026-08-16 13:40:05,66,Slightly Distracted,Down,True,201,12.3
2026-08-16 13:40:06,99,Highly Attentive,Forward,True,201,12.3
2026-08-16 13:40:07,97,Highly Attentive,Forward,True,201,12.3
2026-08-16 13:40:08,72,Attentive,Forward,True,201,12.3
2026-08-16 13:40:09,63,Slightly Distracted,Left,True,202,12.4
2026-08-16 13:40:10,67,Slightly Distracted,Left,False,202,12.3
2026-08-16 13:40:11,62,Slightly Distracted,Left,True,203,12.4
2026-08-16 13:40:12,65,Slightly Distracted,Left,True,203,12.4
2026-08-16 13:40:13,65,Slightly Distracted,Left,True,203,12.4
2026-08-16 13:40:14,84,Attentive,Forward,True,203,12.4
2026-08-16 13:40:15,100,Highly Attentive,Forward,True,203,12.3
2026-08-16 13:40:16,100,Highly Attentive,Forward,True,203,12.3
2026-08-16 13:40:17,61,Slightly Distracted,Left,True,205,12.4
2026-08-16 13:40:18,50,Distracted,Left,False,206,12.5
2026-08-16 13:40:19,57,Slightly Distracted,Left,True,210,12.7
2026-08-16 13:40:20,63,Slightly Distracted,Left,True,210,12.7
2026-08-16 13:40:21,64,Slightly Distracted,Left,True,210,12.7
2026-08-16 13:40:22,76,Attentive,Left,True,211,12.7
2026-08-16 13:40:25,63,Slightly Distracted,Left,False,211,12.7
2026-08-16 13:40:26,57,Slightly Distracted,Left,True,213,12.8
2026-08-16 13:40:27,100,Highly Attentive,Forward,True,213,12.8
2026-08-16 13:40:28,93,Highly Attentive,Forward,False,213,12.8
2026-08-16 13:40:29,94,Highly Attentive,Forward,True,214,12.8
2026-08-16 13:40:30,88,Highly Attentive,Forward,True,215,12.9
2026-08-16 13:40:31,87,Highly Attentive,Forward,False,216,12.9
2026-08-16 13:40:32,50,Slightly Distracted,Left,False,216,12.9
2026-08-16 13:40:33,45,Distracted,Left,False,216,12.9
2026-08-16 13:40:34,45,Distracted,Left,False,216,12.9
2026-08-16 13:40:35,74,Attentive,Forward,True,217,12.9
2026-08-16 13:40:36,88,Highly Attentive,Right,True,218,13.0
2026-08-16 13:40:37,75,Attentive,Forward,False,218,13.0
2026-08-16 13:40:38,74,Attentive,Down,False,218,13.0
2026-08-16 13:40:39,45,Distracted,Down,False,218,12.9
2026-08-16 13:40:40,45,Distracted,Down,False,218,12.9
2026-08-16 13:40:41,52,Slightly Distracted,Forward,False,218,12.9
2026-08-16 13:40:42,80,Attentive,Forward,False,218,12.9
2026-08-16 13:40:43,84,Attentive,Forward,True,219,12.9
2026-08-16 13:40:44,78,Attentive,Right,True,219,12.9
2026-08-16 13:40:45,53,Slightly Distracted,Right,False,219,12.9
2026-08-16 13:40:46,45,Distracted,Right,False,219,12.9
2026-08-16 13:40:47,45,Distracted,Right,False,219,12.9
2026-08-16 13:40:48,45,Distracted,Right,False,219,12.9
2026-08-16 13:40:49,54,Slightly Distracted,Forward,False,219,12.9
2026-08-16 13:40:50,97,Highly Attentive,Forward,True,220,12.9
2026-08-16 13:40:51,100,Highly Attentive,Forward,True,220,12.9
2026-08-16 13:40:52,67,Slightly Distracted,Right,True,220,12.9
2026-08-16 13:40:53,67,Slightly Distracted,Left,True,221,12.9
2026-08-16 13:40:54,68,Slightly Distracted,Forward,True,221,12.9
2026-08-16 13:40:55,100,Highly Attentive,Forward,True,221,12.9
2026-08-16 13:40:56,100,Highly Attentive,Forward,True,221,12.9
2026-08-16 13:40:57,99,Highly Attentive,Forward,True,221,12.9
2026-08-16 13:40:58,94,Highly Attentive,Forward,True,221,12.9
2026-08-16 13:40:59,100,Highly Attentive,Forward,True,221,12.9
2026-08-16 13:41:00,100,Highly Attentive,Forward,True,221,12.8
2026-08-16 13:41:01,100,Highly Attentive,Forward,True,221,12.8
2026-08-16 13:41:03,100,Highly Attentive,Forward,True,221,12.8
2026-08-16 13:41:04,100,Highly Attentive,Forward,True,221,12.8
2026-08-16 13:41:05,100,Highly Attentive,Forward,True,221,12.8
2026-08-16 13:41:06,100,Highly Attentive,Forward,True,221,12.8
2026-08-16 13:41:07,100,Highly Attentive,Forward,True,221,12.8
2026-08-16 13:41:08,100,Highly Attentive,Forward,True,221,12.8
2026-08-16 13:41:09,100,Highly Attentive,Forward,True,221,12.7
2026-08-16 13:41:10,100,Highly Attentive,Forward,True,221,12.7
2026-08-16 13:41:11,100,Highly Attentive,Forward,True,221,12.7
2026-08-16 13:41:12,100,Highly Attentive,Forward,True,221,12.7
2026-08-16 13:41:13,100,Highly Attentive,Forward,True,221,12.7
2026-08-16 13:41:14,100,Highly Attentive,Forward,True,221,12.7
2026-08-16 13:41:15,100,Highly Attentive,Forward,True,221,12.7
2026-08-16 13:41:16,100,Highly Attentive,Forward,True,221,12.7
2026-08-16 13:41:17,100,Highly Attentive,Forward,True,221,12.6
2026-08-16 13:41:18,100,Highly Attentive,Forward,True,221,12.6
2026-08-16 13:41:19,100,Highly Attentive,Forward,True,221,12.6
2026-08-16 13:41:20,100,Highly Attentive,Forward,True,221,12.6
2026-08-16 13:41:21,100,Highly Attentive,Forward,True,221,12.6
2026-08-16 13:41:22,100,Highly Attentive,Forward,True,221,12.6
2026-08-16 13:41:23,100,Highly Attentive,Forward,True,221,12.6
2026-08-16 13:41:24,100,Highly Attentive,Forward,True,221,12.6
2026-08-16 13:41:25,100,Highly Attentive,Forward,True,221,12.5
2026-08-16 13:41:26,100,Highly Attentive,Forward,True,221,12.5
2026-08-16 13:41:27,100,Highly Attentive,Forward,True,221,12.5
2026-08-16 13:41:28,100,Highly Attentive,Forward,True,221,12.5
2026-08-16 13:41:29,100,Highly Attentive,Forward,True,221,12.5
2026-08-16 13:41:30,100,Highly Attentive,Forward,True,221,12.5
2026-08-16 13:41:31,100,Highly Attentive,Forward,True,221,12.5
2026-08-16 13:41:32,100,Highly Attentive,Forward,True,221,12.5
2026-08-16 13:41:33,100,Highly Attentive,Forward,True,221,12.5
2026-08-16 13:41:34,100,Highly Attentive,Forward,True,221,12.4
2026-08-16 13:41:35,100,Highly Attentive,Forward,True,221,12.4
2026-08-16 13:41:36,100,Highly Attentive,Forward,True,221,12.4
2026-08-16 13:41:37,100,Highly Attentive,Forward,True,221,12.4
2026-08-16 13:41:38,100,Highly Attentive,Forward,True,221,12.4
2026-08-16 13:41:39,100,Highly Attentive,Forward,True,221,12.4
2026-08-16 13:41:40,100,Highly Attentive,Forward,True,221,12.4
2026-08-16 13:41:41,100,Highly Attentive,Forward,True,221,12.4
2026-08-16 13:41:42,100,Highly Attentive,Forward,True,221,12.3
2026-08-16 13:41:43,100,Highly Attentive,Forward,True,221,12.3
2026-08-16 13:41:44,97,Highly Attentive,Forward,True,222,12.4
2026-08-16 13:41:45,97,Highly Attentive,Forward,True,223,12.4
2026-08-16 13:41:46,92,Highly Attentive,Right,True,223,12.4
2026-08-16 13:41:47,86,Highly Attentive,Forward,True,223,12.4
2026-08-16 13:41:48,100,Highly Attentive,Forward,True,223,12.4
2026-08-16 13:41:49,91,Highly Attentive,Forward,True,223,12.4
2026-08-16 13:41:50,100,Highly Attentive,Forward,True,223,12.4
2026-08-16 13:41:51,100,Highly Attentive,Forward,True,223,12.4
2026-08-16 13:41:52,99,Highly Attentive,Forward,True,223,12.3
2026-08-16 13:41:53,82,Attentive,Forward,False,224,12.4
2026-08-16 13:41:57,72,Attentive,Down,False,225,12.4
2026-08-16 13:41:58,68,Slightly Distracted,Left,True,226,12.4
2026-08-16 13:41:59,64,Slightly Distracted,Left,True,226,12.4
2026-08-16 13:42:00,64,Slightly Distracted,Left,True,226,12.4
2026-08-16 13:42:01,90,Highly Attentive,Forward,True,229,12.6
2026-08-16 13:42:02,81,Attentive,Right,True,229,12.6
2026-08-16 13:42:03,74,Attentive,Forward,True,230,12.6
2026-08-16 13:42:04,76,Attentive,Right,True,230,12.6
2026-08-16 13:42:05,71,Attentive,Forward,True,231,12.6
2026-08-16 13:42:06,100,Highly Attentive,Forward,True,231,12.6
2026-08-16 13:42:07,100,Highly Attentive,Forward,True,231,12.6
2026-08-16 13:42:08,100,Highly Attentive,Forward,True,231,12.6
2026-08-16 13:42:09,100,Highly Attentive,Forward,True,231,12.6
2026-08-16 13:42:10,100,Highly Attentive,Forward,True,231,12.6
2026-08-16 13:42:11,100,Highly Attentive,Forward,True,231,12.6
2026-08-16 13:42:12,99,Highly Attentive,Forward,True,231,12.6
2026-08-16 13:42:13,100,Highly Attentive,Forward,True,231,12.5
2026-08-16 13:42:14,100,Highly Attentive,Forward,True,231,12.5
2026-08-16 13:42:15,100,Highly Attentive,Forward,True,231,12.5
2026-08-16 13:42:16,100,Highly Attentive,Forward,True,231,12.5
2026-08-16 13:42:17,100,Highly Attentive,Forward,True,231,12.5
2026-08-16 13:42:18,98,Highly Attentive,Forward,True,232,12.5
2026-08-16 13:42:19,100,Highly Attentive,Forward,True,232,12.5
2026-08-16 13:42:20,100,Highly Attentive,Forward,True,232,12.5
2026-08-16 13:42:21,100,Highly Attentive,Forward,True,232,12.5
2026-08-16 13:42:22,100,Highly Attentive,Forward,True,232,12.5
2026-08-16 13:42:23,100,Highly Attentive,Forward,True,232,12.5
2026-08-16 13:42:24,100,Highly Attentive,Forward,True,232,12.5
2026-08-16 13:42:25,100,Highly Attentive,Forward,True,232,12.5
2026-08-16 13:42:26,100,Highly Attentive,Forward,True,232,12.5
2026-08-16 13:42:27,100,Highly Attentive,Forward,True,232,12.4
2026-08-16 13:42:28,98,Highly Attentive,Forward,True,233,12.5
2026-08-16 13:42:29,100,Highly Attentive,Forward,True,233,12.5
2026-08-16 13:42:30,100,Highly Attentive,Forward,True,233,12.5
2026-08-16 13:42:31,100,Highly Attentive,Forward,True,233,12.4
2026-08-16 13:42:32,100,Highly Attentive,Forward,True,233,12.4
2026-08-16 13:42:33,100,Highly Attentive,Forward,True,233,12.4
2026-08-16 13:42:34,100,Highly Attentive,Forward,True,233,12.4
2026-08-16 13:42:35,97,Highly Attentive,Forward,True,234,12.5
2026-08-16 13:42:36,100,Highly Attentive,Forward,True,234,12.4
2026-08-16 13:42:37,100,Highly Attentive,Forward,True,234,12.4
2026-08-16 13:42:38,100,Highly Attentive,Forward,True,234,12.4
2026-08-16 13:42:39,100,Highly Attentive,Forward,True,234,12.4
2026-08-16 13:42:40,100,Highly Attentive,Forward,True,234,12.4
2026-08-16 13:42:41,100,Highly Attentive,Forward,True,234,12.4
2026-08-16 13:42:42,99,Highly Attentive,Forward,True,234,12.4
2026-08-16 13:42:43,100,Highly Attentive,Forward,True,234,12.4
2026-08-16 13:42:44,74,Attentive,Forward,True,234,12.4
2026-08-16 13:42:45,100,Highly Attentive,Forward,True,234,12.3
2026-08-16 13:42:46,100,Highly Attentive,Forward,True,234,12.3
2026-08-16 13:42:47,100,Highly Attentive,Forward,True,234,12.3
2026-08-16 13:42:49,100,Highly Attentive,Forward,True,234,12.3
2026-08-16 13:42:50,100,Highly Attentive,Forward,True,234,12.3
2026-08-16 13:42:51,96,Highly Attentive,Left,True,234,12.3
2026-08-16 13:42:52,65,Slightly Distracted,Left,True,234,12.3
2026-08-16 13:42:53,96,Highly Attentive,Forward,True,234,12.3
2026-08-16 13:42:54,100,Highly Attentive,Forward,True,234,12.3
2026-08-16 13:42:55,100,Highly Attentive,Forward,True,234,12.2
2026-08-16 13:42:56,90,Highly Attentive,Left,True,234,12.2
2026-08-16 13:42:57,65,Slightly Distracted,Left,True,234,12.2
2026-08-16 13:42:58,88,Highly Attentive,Forward,True,234,12.2
2026-08-16 13:42:59,100,Highly Attentive,Forward,True,234,12.2
2026-08-16 13:43:00,100,Highly Attentive,Forward,True,234,12.2
2026-08-16 13:43:01,100,Highly Attentive,Forward,True,234,12.2
2026-08-16 13:43:02,100,Highly Attentive,Forward,True,234,12.2
2026-08-16 13:43:03,100,Highly Attentive,Forward,True,234,12.2
2026-08-16 13:43:04,98,Highly Attentive,Forward,True,235,12.2
2026-08-16 13:43:05,100,Highly Attentive,Forward,True,235,12.2
2026-08-16 13:43:06,100,Highly Attentive,Forward,True,235,12.2
2026-08-16 13:43:07,100,Highly Attentive,Forward,True,235,12.2
2026-08-16 13:43:08,100,Highly Attentive,Forward,True,235,12.2
2026-08-16 13:43:09,100,Highly Attentive,Forward,True,235,12.1
2026-08-16 13:43:10,100,Highly Attentive,Forward,True,235,12.1
2026-08-16 13:43:11,100,Highly Attentive,Forward,True,235,12.1
2026-08-16 13:43:12,100,Highly Attentive,Forward,True,235,12.1
2026-08-16 13:43:13,100,Highly Attentive,Forward,True,235,12.1
2026-08-16 13:43:14,100,Highly Attentive,Forward,True,235,12.1
2026-08-16 13:43:15,91,Highly Attentive,Left,True,235,12.1
2026-08-16 13:43:16,65,Slightly Distracted,Left,True,235,12.1
2026-08-16 13:43:17,87,Highly Attentive,Forward,True,235,12.1
2026-08-16 13:43:18,100,Highly Attentive,Forward,True,235,12.1
2026-08-16 13:43:19,100,Highly Attentive,Forward,True,235,12.0
2026-08-16 13:43:20,100,Highly Attentive,Forward,True,235,12.0
2026-08-16 13:43:21,100,Highly Attentive,Forward,True,235,12.0
2026-08-16 13:43:22,100,Highly Attentive,Forward,True,235,12.0
2026-08-16 13:43:23,100,Highly Attentive,Forward,True,235,12.0
2026-08-16 13:43:24,100,Highly Attentive,Forward,True,235,12.0
2026-08-16 13:43:25,100,Highly Attentive,Forward,True,235,12.0
2026-08-16 13:43:26,100,Highly Attentive,Forward,True,235,12.0
2026-08-16 13:43:27,100,Highly Attentive,Forward,True,235,12.0
2026-08-16 13:43:28,98,Highly Attentive,Forward,True,236,12.0
2026-08-16 13:43:29,100,Highly Attentive,Forward,True,236,12.0
2026-08-16 13:43:30,100,Highly Attentive,Forward,True,236,12.0
2026-08-16 13:43:31,100,Highly Attentive,Forward,True,236,12.0
2026-08-16 13:43:32,100,Highly Attentive,Forward,True,236,12.0
2026-08-16 13:43:33,100,Highly Attentive,Forward,True,236,11.9
2026-08-16 13:43:34,97,Highly Attentive,Forward,True,237,12.0
2026-08-16 13:43:36,100,Highly Attentive,Forward,True,237,12.0
2026-08-16 13:43:37,100,Highly Attentive,Forward,True,237,12.0
2026-08-16 13:43:38,100,Highly Attentive,Forward,True,237,12.0
2026-08-16 13:43:39,100,Highly Attentive,Forward,True,237,11.9
2026-08-16 13:43:40,100,Highly Attentive,Forward,True,237,11.9
2026-08-16 13:43:41,100,Highly Attentive,Forward,True,237,11.9
2026-08-16 13:43:42,100,Highly Attentive,Forward,True,237,11.9
2026-08-16 13:43:43,100,Highly Attentive,Forward,True,237,11.9
2026-08-16 13:43:44,98,Highly Attentive,Forward,True,238,11.9
2026-08-16 13:43:45,100,Highly Attentive,Forward,True,238,11.9
2026-08-16 13:43:46,100,Highly Attentive,Forward,True,238,11.9
2026-08-16 13:44:44,100,Highly Attentive,Forward,True,0,0.0
2026-08-16 13:44:45,100,Highly Attentive,Forward,True,0,0.0
2026-08-16 13:44:46,100,Highly Attentive,Forward,True,0,0.0
2026-08-16 13:44:47,100,Highly Attentive,Forward,True,0,0.0
2026-08-16 13:44:48,94,Highly Attentive,Forward,True,0,0.0
2026-08-16 13:44:49,100,Highly Attentive,Forward,True,0,0.0
2026-08-16 13:44:50,100,Highly Attentive,Forward,True,0,0.0
2026-08-16 13:44:51,100,Highly Attentive,Forward,True,0,0.0
2026-08-16 13:44:52,100,Highly Attentive,Forward,True,0,0.0
2026-08-16 13:44:53,100,Highly Attentive,Forward,True,0,0.0
2026-08-16 13:44:54,100,Highly Attentive,Forward,True,0,0.0
2026-08-16 13:44:55,100,Highly Attentive,Forward,True,0,0.0
2026-08-16 13:44:56,100,Highly Attentive,Forward,True,0,0.0
2026-08-16 13:44:57,100,Highly Attentive,Forward,True,0,0.0
2026-08-16 13:44:58,100,Highly Attentive,Forward,True,0,0.0
2026-08-16 13:44:59,100,Highly Attentive,Forward,True,0,0.0
2026-08-16 13:45:00,100,Highly Attentive,Forward,True,0,0.0
2026-08-16 13:45:01,98,Highly Attentive,Forward,True,1,3.3
2026-08-16 13:45:02,100,Highly Attentive,Forward,True,1,3.1
2026-08-16 13:45:03,100,Highly Attentive,Forward,True,1,2.9
2026-08-16 13:45:04,100,Highly Attentive,Forward,True,1,2.8
2026-08-16 13:45:05,100,Highly Attentive,Forward,True,1,2.7
2026-08-16 13:45:06,100,Highly Attentive,Forward,True,1,2.6
2026-08-16 13:45:07,100,Highly Attentive,Forward,True,1,2.5
2026-08-16 13:45:08,100,Highly Attentive,Forward,True,1,2.4
2026-08-16 13:45:09,99,Highly Attentive,Forward,True,1,2.3
2026-08-16 13:45:10,100,Highly Attentive,Forward,True,1,2.2
2026-08-16 13:45:11,99,Highly Attentive,Forward,True,1,2.1
2026-08-16 13:45:13,100,Highly Attentive,Forward,True,1,2.0
2026-08-16 13:45:14,100,Highly Attentive,Forward,True,1,2.0
2026-08-16 13:45:15,100,Highly Attentive,Forward,True,1,1.9
2026-08-16 13:45:16,100,Highly Attentive,Forward,True,1,1.8
2026-08-16 13:45:17,100,Highly Attentive,Forward,True,1,1.8
2026-08-16 13:45:18,100,Highly Attentive,Forward,True,1,1.7
2026-08-16 13:45:19,100,Highly Attentive,Forward,True,1,1.7
2026-08-16 13:45:20,100,Highly Attentive,Forward,True,1,1.6
2026-08-16 13:45:21,100,Highly Attentive,Forward,True,1,1.6
2026-08-16 13:45:22,100,Highly Attentive,Forward,True,1,1.5
2026-08-16 13:45:23,100,Highly Attentive,Forward,True,1,1.5
2026-08-16 13:45:24,100,Highly Attentive,Forward,True,1,1.5
2026-08-16 13:45:25,100,Highly Attentive,Forward,True,1,1.4
2026-08-16 13:45:26,100,Highly Attentive,Forward,True,1,1.4
2026-08-16 13:45:27,100,Highly Attentive,Forward,True,1,1.4
2026-08-16 13:45:28,93,Highly Attentive,Down,True,1,1.3
2026-08-16 13:45:29,91,Highly Attentive,Forward,True,1,1.3
2026-08-16 13:45:30,100,Highly Attentive,Forward,True,1,1.3
2026-08-16 13:45:31,100,Highly Attentive,Forward,True,1,1.3
2026-08-16 13:45:32,100,Highly Attentive,Forward,True,1,1.2
2026-08-16 13:45:33,97,Highly Attentive,Forward,True,2,2.4
2026-08-16 13:45:34,100,Highly Attentive,Forward,True,2,2.4
2026-08-16 13:45:35,100,Highly Attentive,Forward,True,2,2.3
2026-08-16 13:45:36,100,Highly Attentive,Forward,True,2,2.3
2026-08-16 13:45:37,100,Highly Attentive,Forward,True,2,2.2
2026-08-16 13:45:38,100,Highly Attentive,Forward,True,2,2.2
2026-08-16 13:45:39,97,Highly Attentive,Forward,True,3,3.2
2026-08-16 13:45:40,100,Highly Attentive,Forward,True,3,3.2
2026-08-16 13:45:41,100,Highly Attentive,Forward,True,3,3.1
2026-08-16 13:45:42,96,Highly Attentive,Forward,True,4,4.1
2026-08-16 13:45:43,100,Highly Attentive,Forward,True,4,4.0
2026-08-16 13:45:44,100,Highly Attentive,Forward,True,4,3.9
2026-08-16 13:45:45,97,Highly Attentive,Forward,True,5,4.8
2026-08-16 13:45:46,100,Highly Attentive,Forward,True,5,4.7
2026-08-16 13:45:47,93,Highly Attentive,Forward,False,5,4.7
2026-08-16 13:45:48,98,Highly Attentive,Forward,True,6,5.5
2026-08-16 13:45:49,100,Highly Attentive,Forward,True,6,5.4
2026-08-16 13:45:50,100,Highly Attentive,Forward,True,6,5.3
2026-08-16 13:45:51,100,Highly Attentive,Forward,True,6,5.3
2026-08-16 13:45:52,100,Highly Attentive,Forward,True,6,5.2
2026-08-16 13:45:53,100,Highly Attentive,Forward,True,6,5.1
2026-08-16 13:45:54,100,Highly Attentive,Forward,True,6,5.0
2026-08-16 13:45:55,100,Highly Attentive,Forward,True,6,5.0
2026-08-16 13:45:56,100,Highly Attentive,Forward,True,6,4.9
2026-08-16 13:45:57,100,Highly Attentive,Forward,True,6,4.8
2026-08-16 13:45:58,100,Highly Attentive,Forward,True,6,4.8
2026-08-16 13:45:59,98,Highly Attentive,Forward,True,7,5.5
2026-08-16 13:46:00,100,Highly Attentive,Forward,True,7,5.4
2026-08-16 13:46:01,100,Highly Attentive,Forward,True,7,5.3
2026-08-16 13:46:03,100,Highly Attentive,Forward,True,7,5.3
2026-08-16 13:46:04,100,Highly Attentive,Forward,True,7,5.2
2026-08-16 13:46:05,100,Highly Attentive,Forward,True,7,5.1
2026-08-16 13:46:06,100,Highly Attentive,Forward,True,7,5.1
2026-08-16 13:46:07,100,Highly Attentive,Forward,True,7,5.0
2026-08-16 13:46:08,100,Highly Attentive,Forward,True,7,5.0
2026-08-16 13:46:09,100,Highly Attentive,Forward,True,7,4.9
2026-08-16 13:46:10,100,Highly Attentive,Forward,True,7,4.8
2026-08-16 13:46:11,100,Highly Attentive,Forward,True,7,4.8
2026-08-16 13:46:12,100,Highly Attentive,Forward,True,7,4.7
2026-08-16 13:46:13,100,Highly Attentive,Forward,True,7,4.7
2026-08-16 13:46:14,97,Highly Attentive,Forward,True,8,5.3
2026-08-16 13:46:15,100,Highly Attentive,Forward,True,8,5.2
2026-08-16 13:46:16,100,Highly Attentive,Forward,True,8,5.2
2026-08-16 13:46:17,100,Highly Attentive,Forward,True,8,5.1
2026-08-16 13:46:18,100,Highly Attentive,Forward,True,8,5.1
2026-08-16 13:46:19,100,Highly Attentive,Forward,True,8,5.0
2026-08-16 13:46:20,100,Highly Attentive,Forward,True,8,5.0
2026-08-16 13:46:21,100,Highly Attentive,Forward,True,8,4.9
2026-08-16 13:46:22,100,Highly Attentive,Forward,True,8,4.9
2026-08-16 13:46:23,100,Highly Attentive,Forward,True,8,4.8
2026-08-16 13:46:24,100,Highly Attentive,Forward,True,8,4.8
2026-08-16 13:46:25,100,Highly Attentive,Forward,True,8,4.7
2026-08-16 13:46:26,100,Highly Attentive,Forward,True,8,4.7
2026-08-16 13:46:27,100,Highly Attentive,Forward,True,8,4.6
2026-08-16 13:46:28,100,Highly Attentive,Forward,True,8,4.6
2026-08-16 13:46:29,100,Highly Attentive,Forward,True,8,4.5
2026-08-16 13:46:30,100,Highly Attentive,Forward,True,8,4.5
2026-08-16 13:46:31,100,Highly Attentive,Forward,True,8,4.4
2026-08-16 13:46:32,100,Highly Attentive,Forward,True,8,4.4
2026-08-16 13:46:33,100,Highly Attentive,Forward,True,8,4.4
2026-08-16 13:46:34,100,Highly Attentive,Forward,True,8,4.3
2026-08-16 13:46:35,100,Highly Attentive,Forward,True,8,4.3
2026-08-16 13:46:36,100,Highly Attentive,Forward,True,8,4.2
2026-08-16 13:46:37,100,Highly Attentive,Forward,True,8,4.2
2026-08-16 13:46:38,100,Highly Attentive,Forward,True,8,4.2
2026-08-16 13:46:39,100,Highly Attentive,Forward,True,8,4.1
2026-08-16 13:46:40,100,Highly Attentive,Forward,True,8,4.1
2026-08-16 13:46:41,100,Highly Attentive,Forward,True,8,4.1
2026-08-16 13:46:42,65,Slightly Distracted,Down,True,8,4.0
2026-08-16 13:46:43,65,Slightly Distracted,Down,True,8,4.0
2026-08-16 13:46:44,65,Slightly Distracted,Down,True,8,4.0
2026-08-16 13:46:45,65,Slightly Distracted,Down,True,8,3.9
2026-08-16 13:46:46,65,Slightly Distracted,Down,True,8,3.9
2026-08-16 13:46:47,65,Slightly Distracted,Down,True,8,3.9
2026-08-16 13:46:48,66,Slightly Distracted,Forward,True,8,3.8
2026-08-16 13:46:49,99,Highly Attentive,Forward,True,8,3.8
2026-08-16 13:46:50,98,Highly Attentive,Forward,True,9,4.2
2026-08-16 13:46:52,100,Highly Attentive,Forward,True,9,4.2
2026-08-16 13:46:53,100,Highly Attentive,Forward,True,9,4.2
2026-08-16 13:46:54,100,Highly Attentive,Forward,True,9,4.1
2026-08-16 13:46:55,100,Highly Attentive,Forward,True,9,4.1
2026-08-16 13:46:56,100,Highly Attentive,Forward,True,9,4.1
2026-08-16 13:46:57,100,Highly Attentive,Forward,True,9,4.0
2026-08-16 13:46:58,100,Highly Attentive,Forward,True,9,4.0
2026-08-16 13:46:59,100,Highly Attentive,Forward,True,9,4.0
2026-08-16 13:47:00,100,Highly Attentive,Forward,True,9,3.9
2026-08-16 13:47:01,100,Highly Attentive,Forward,True,9,3.9
2026-08-16 13:47:02,100,Highly Attentive,Forward,True,9,3.9
2026-08-16 13:47:03,100,Highly Attentive,Forward,True,9,3.9
2026-08-16 13:47:04,100,Highly Attentive,Forward,True,9,3.8
2026-08-16 13:47:05,100,Highly Attentive,Forward,True,9,3.8
2026-08-16 13:47:06,100,Highly Attentive,Forward,True,9,3.8
2026-08-16 13:47:07,100,Highly Attentive,Forward,True,9,3.8
2026-08-16 13:47:08,100,Highly Attentive,Forward,True,9,3.7
2026-08-16 13:47:09,100,Highly Attentive,Forward,True,9,3.7
2026-08-16 13:47:10,100,Highly Attentive,Forward,True,9,3.7
2026-08-16 13:47:11,100,Highly Attentive,Forward,True,9,3.7
2026-08-16 13:47:12,100,Highly Attentive,Forward,True,9,3.6
2026-08-16 13:47:13,100,Highly Attentive,Forward,True,9,3.6
2026-08-16 13:47:14,76,Attentive,Left,True,9,3.6
2026-08-16 13:47:15,65,Slightly Distracted,Left,True,9,3.6
2026-08-16 13:47:16,65,Slightly Distracted,Left,True,9,3.5
2026-08-16 13:47:17,65,Slightly Distracted,Left,True,9,3.5
2026-08-16 13:47:18,72,Attentive,Forward,True,9,3.5
2026-08-16 13:47:19,100,Highly Attentive,Forward,True,9,3.5
2026-08-16 13:47:20,100,Highly Attentive,Forward,True,9,3.4
2026-08-16 13:47:21,100,Highly Attentive,Forward,True,9,3.4
2026-08-16 13:47:22,97,Highly Attentive,Forward,True,10,3.8
2026-08-16 13:47:23,100,Highly Attentive,Forward,True,10,3.7
2026-08-16 13:47:24,100,Highly Attentive,Forward,True,10,3.7
2026-08-16 13:47:25,100,Highly Attentive,Forward,True,10,3.7
2026-08-16 13:47:26,98,Highly Attentive,Forward,True,11,4.0
2026-08-16 13:47:27,100,Highly Attentive,Forward,True,11,4.0
2026-08-16 13:47:28,100,Highly Attentive,Forward,True,11,4.0
2026-08-16 13:47:29,100,Highly Attentive,Forward,True,11,4.0
2026-08-16 13:47:30,68,Slightly Distracted,Down,True,11,3.9
2026-08-16 13:47:31,95,Highly Attentive,Forward,True,11,3.9
2026-08-16 13:47:32,100,Highly Attentive,Forward,True,11,3.9
2026-08-16 13:47:33,100,Highly Attentive,Forward,True,11,3.9
2026-08-16 13:47:34,100,Highly Attentive,Forward,True,11,3.9
2026-08-16 13:47:35,100,Highly Attentive,Forward,True,11,3.8
2026-08-16 13:47:36,95,Highly Attentive,Down,True,11,3.8
2026-08-16 13:47:37,67,Slightly Distracted,Down,True,11,3.8
2026-08-16 13:47:38,66,Slightly Distracted,Down,True,11,3.8
2026-08-16 13:47:39,66,Slightly Distracted,Forward,True,11,3.7
2026-08-16 13:47:40,99,Highly Attentive,Forward,True,11,3.7
2026-08-16 13:47:41,100,Highly Attentive,Forward,True,11,3.7
2026-08-16 13:47:43,100,Highly Attentive,Forward,True,11,3.7
2026-08-16 13:47:44,97,Highly Attentive,Forward,True,12,4.0
2026-08-16 13:47:45,80,Attentive,Forward,True,13,4.3
2026-08-16 13:47:46,100,Highly Attentive,Forward,True,13,4.3
2026-08-16 13:47:47,100,Highly Attentive,Forward,True,13,4.2
2026-08-16 13:47:48,100,Highly Attentive,Forward,True,13,4.2
2026-08-16 13:47:49,100,Highly Attentive,Forward,True,13,4.2
2026-08-16 13:47:50,100,Highly Attentive,Forward,True,13,4.2
2026-08-16 13:47:51,100,Highly Attentive,Forward,True,13,4.2
2026-08-16 13:47:52,100,Highly Attentive,Forward,True,13,4.1
2026-08-16 13:47:53,100,Highly Attentive,Forward,True,13,4.1
2026-08-16 13:47:54,100,Highly Attentive,Forward,True,13,4.1
2026-08-16 13:47:55,100,Highly Attentive,Forward,True,13,4.1
2026-08-16 13:47:56,100,Highly Attentive,Forward,True,13,4.0
2026-08-16 13:47:57,100,Highly Attentive,Forward,True,13,4.0
2026-08-16 13:47:58,100,Highly Attentive,Forward,True,13,4.0
2026-08-16 13:47:59,100,Highly Attentive,Forward,True,13,4.0
2026-08-16 13:48:00,90,Highly Attentive,Right,True,13,4.0
2026-08-16 13:48:01,65,Slightly Distracted,Right,True,13,3.9
2026-08-16 13:48:02,65,Slightly Distracted,Down,True,13,3.9
2026-08-16 13:48:03,65,Slightly Distracted,Right,True,13,3.9
2026-08-16 13:48:04,64,Slightly Distracted,Right,True,14,4.2
2026-08-16 13:48:05,65,Slightly Distracted,Down,True,14,4.2
2026-08-16 13:48:06,65,Slightly Distracted,Down,True,14,4.1
2026-08-16 13:48:07,70,Slightly Distracted,Forward,True,14,4.1
2026-08-16 13:48:08,100,Highly Attentive,Forward,True,14,4.1
2026-08-16 13:48:09,74,Attentive,Down,True,14,4.1
2026-08-16 13:48:10,65,Slightly Distracted,Down,True,14,4.1
2026-08-16 13:48:11,93,Highly Attentive,Right,True,14,4.0
2026-08-16 13:48:12,98,Highly Attentive,Forward,True,14,4.0
2026-08-16 13:48:13,98,Highly Attentive,Forward,True,15,4.3
2026-08-16 13:48:14,70,Slightly Distracted,Down,True,15,4.3
2026-08-16 13:48:15,65,Slightly Distracted,Down,True,15,4.2
2026-08-16 13:48:16,82,Attentive,Forward,True,15,4.2
2026-08-16 13:48:17,100,Highly Attentive,Forward,True,15,4.2
2026-08-16 13:48:18,100,Highly Attentive,Forward,True,15,4.2
2026-08-16 13:48:19,100,Highly Attentive,Forward,True,15,4.2
2026-08-16 13:48:20,100,Highly Attentive,Forward,True,15,4.1
2026-08-16 13:48:21,100,Highly Attentive,Forward,True,15,4.1
2026-08-16 13:48:22,100,Highly Attentive,Forward,True,15,4.1
2026-08-16 13:48:23,100,Highly Attentive,Forward,True,15,4.1
2026-08-16 13:48:24,100,Highly Attentive,Forward,True,15,4.1
2026-08-16 13:48:25,100,Highly Attentive,Forward,True,15,4.0
2026-08-16 13:48:26,100,Highly Attentive,Forward,True,15,4.0
2026-08-16 13:48:27,100,Highly Attentive,Forward,True,15,4.0
2026-08-16 13:48:28,100,Highly Attentive,Forward,True,15,4.0
2026-08-16 13:48:29,100,Highly Attentive,Forward,True,15,4.0
2026-08-16 13:48:30,100,Highly Attentive,Forward,True,15,4.0
2026-08-16 13:48:31,100,Highly Attentive,Forward,True,15,3.9
2026-08-16 13:48:33,100,Highly Attentive,Forward,True,15,3.9
2026-08-16 13:48:34,100,Highly Attentive,Forward,True,15,3.9
2026-08-16 13:48:35,100,Highly Attentive,Forward,True,15,3.9
2026-08-16 13:48:36,100,Highly Attentive,Forward,True,15,3.9
2026-08-16 13:48:37,100,Highly Attentive,Forward,True,15,3.9
2026-08-16 13:48:38,100,Highly Attentive,Forward,True,15,3.8
2026-08-16 13:48:39,100,Highly Attentive,Forward,True,15,3.8
2026-08-16 13:48:40,100,Highly Attentive,Forward,True,15,3.8
2026-08-16 13:48:41,100,Highly Attentive,Forward,True,15,3.8
2026-08-16 13:48:42,100,Highly Attentive,Forward,True,15,3.8
2026-08-16 13:48:43,100,Highly Attentive,Forward,True,15,3.8
2026-08-16 13:48:44,100,Highly Attentive,Forward,True,15,3.7
2026-08-16 13:48:45,100,Highly Attentive,Forward,True,15,3.7
2026-08-16 13:48:46,100,Highly Attentive,Forward,True,15,3.7
2026-08-16 13:48:47,97,Highly Attentive,Forward,False,15,3.7
2026-08-16 13:48:48,99,Highly Attentive,Forward,True,16,3.9
2026-08-16 13:48:49,100,Highly Attentive,Forward,True,16,3.9
2026-08-16 13:48:50,100,Highly Attentive,Forward,True,16,3.9
2026-08-16 13:48:51,92,Highly Attentive,Forward,False,17,4.1
2026-08-16 13:48:52,96,Highly Attentive,Forward,True,18,4.3
2026-08-16 13:48:53,100,Highly Attentive,Forward,True,18,4.3
2026-08-16 13:48:54,97,Highly Attentive,Forward,True,19,4.5
2026-08-16 13:48:55,100,Highly Attentive,Forward,True,19,4.5
2026-08-16 13:48:56,100,Highly Attentive,Forward,True,19,4.5
2026-08-16 13:48:57,97,Highly Attentive,Forward,True,20,4.7
2026-08-16 13:48:58,92,Highly Attentive,Forward,True,20,4.7
2026-08-16 13:48:59,99,Highly Attentive,Forward,True,20,4.7
2026-08-16 13:49:00,66,Slightly Distracted,Right,True,21,4.9
2026-08-16 13:49:01,65,Slightly Distracted,Right,True,21,4.9
2026-08-16 13:49:02,65,Slightly Distracted,Right,True,21,4.9
2026-08-16 13:49:03,64,Slightly Distracted,Right,True,21,4.8
2026-08-16 13:49:04,65,Slightly Distracted,Right,True,21,4.8
2026-08-16 13:49:05,61,Slightly Distracted,Right,True,22,5.0
2026-08-16 13:49:06,62,Slightly Distracted,Right,True,23,5.2
2026-08-16 13:49:07,74,Attentive,Left,True,24,5.4
2026-08-16 13:49:08,90,Highly Attentive,Forward,True,25,5.7
2026-08-16 13:49:09,100,Highly Attentive,Forward,True,25,5.6
2026-08-16 13:49:10,100,Highly Attentive,Forward,True,25,5.6
2026-08-16 13:49:11,100,Highly Attentive,Forward,True,25,5.6
2026-08-16 13:49:12,97,Highly Attentive,Forward,True,26,5.8
2026-08-16 13:49:13,100,Highly Attentive,Forward,True,26,5.8
2026-08-16 13:49:14,99,Highly Attentive,Forward,True,26,5.7
2026-08-16 13:49:15,100,Highly Attentive,Forward,True,26,5.7
2026-08-16 13:49:16,81,Attentive,Left,True,27,5.9
2026-08-16 13:49:17,60,Slightly Distracted,Forward,True,29,6.3
2026-08-16 13:49:18,76,Attentive,Forward,True,31,6.8
2026-08-16 13:49:19,100,Highly Attentive,Forward,True,31,6.7
2026-08-16 13:49:20,100,Highly Attentive,Forward,True,31,6.7
2026-08-16 13:49:22,99,Highly Attentive,Forward,False,31,6.7
2026-08-16 13:49:23,84,Attentive,Forward,False,32,6.9
2026-08-16 13:49:24,63,Slightly Distracted,Forward,False,32,6.8
2026-08-16 13:49:25,74,Attentive,Forward,True,33,7.0
2026-08-16 13:49:26,80,Attentive,Forward,True,33,7.0
2026-08-16 13:49:27,96,Highly Attentive,Forward,True,33,7.0
2026-08-16 13:49:28,98,Highly Attentive,Forward,True,34,7.2
2026-08-16 13:49:29,100,Highly Attentive,Forward,True,34,7.1
2026-08-16 13:49:30,100,Highly Attentive,Forward,True,34,7.1
2026-08-16 13:49:31,100,Highly Attentive,Forward,True,34,7.1
2026-08-16 13:49:32,99,Highly Attentive,Forward,True,34,7.1
2026-08-16 13:49:33,100,Highly Attentive,Forward,True,34,7.0
2026-08-16 13:49:34,100,Highly Attentive,Forward,True,34,7.0
2026-08-16 13:49:35,100,Highly Attentive,Forward,True,34,7.0
2026-08-16 13:49:36,100,Highly Attentive,Forward,True,34,7.0
2026-08-16 13:49:37,100,Highly Attentive,Forward,True,34,6.9
2026-08-16 13:49:38,100,Highly Attentive,Forward,True,34,6.9
2026-08-16 13:49:39,100,Highly Attentive,Forward,True,34,6.9
2026-08-16 13:49:40,100,Highly Attentive,Forward,True,34,6.9
2026-08-16 13:49:41,100,Highly Attentive,Forward,True,34,6.8
2026-08-16 13:49:42,100,Highly Attentive,Forward,True,34,6.8
2026-08-16 13:49:43,100,Highly Attentive,Forward,True,34,6.8
2026-08-16 13:49:44,100,Highly Attentive,Forward,True,34,6.8
2026-08-16 13:49:45,100,Highly Attentive,Forward,True,34,6.8
2026-08-16 13:49:46,100,Highly Attentive,Forward,True,34,6.7
2026-08-16 13:49:47,100,Highly Attentive,Forward,True,34,6.7
2026-08-16 13:49:48,100,Highly Attentive,Forward,True,34,6.7
2026-08-16 13:49:49,100,Highly Attentive,Forward,True,34,6.7
2026-08-16 13:49:50,100,Highly Attentive,Forward,True,34,6.6
2026-08-16 13:49:51,100,Highly Attentive,Forward,True,34,6.6
2026-08-16 13:49:52,100,Highly Attentive,Forward,True,34,6.6
2026-08-16 13:49:53,100,Highly Attentive,Forward,True,34,6.6
2026-08-16 13:49:54,100,Highly Attentive,Forward,True,34,6.6
2026-08-16 13:49:55,100,Highly Attentive,Forward,True,34,6.5
2026-08-16 13:49:56,100,Highly Attentive,Forward,True,34,6.5
2026-08-16 13:49:57,100,Highly Attentive,Forward,True,34,6.5
2026-08-16 13:49:58,100,Highly Attentive,Forward,True,34,6.5
2026-08-16 13:49:59,100,Highly Attentive,Forward,True,34,6.4
2026-08-16 13:50:00,74,Attentive,Left,True,34,6.4
2026-08-16 13:50:01,90,Highly Attentive,Forward,True,34,6.4
2026-08-16 13:50:02,100,Highly Attentive,Forward,True,34,6.4
2026-08-16 13:50:03,100,Highly Attentive,Forward,True,34,6.4
2026-08-16 13:50:04,100,Highly Attentive,Forward,True,34,6.3
2026-08-16 13:50:05,80,Attentive,Down,True,34,6.3
2026-08-16 13:50:06,65,Slightly Distracted,Down,True,34,6.3
2026-08-16 13:50:07,66,Slightly Distracted,Down,True,34,6.3
2026-08-16 13:50:08,65,Slightly Distracted,Down,True,34,6.3
2026-08-16 13:50:09,93,Highly Attentive,Forward,True,35,6.4
2026-08-16 13:50:11,100,Highly Attentive,Forward,True,35,6.4
2026-08-16 13:50:12,94,Highly Attentive,Down,True,35,6.4
2026-08-16 13:50:13,65,Slightly Distracted,Down,True,35,6.4
2026-08-16 13:50:14,96,Highly Attentive,Forward,True,35,6.4
2026-08-16 13:50:15,100,Highly Attentive,Forward,True,35,6.3
2026-08-16 13:50:16,100,Highly Attentive,Forward,True,35,6.3
2026-08-16 13:50:17,100,Highly Attentive,Forward,True,35,6.3
2026-08-16 13:50:18,100,Highly Attentive,Forward,True,35,6.3
2026-08-16 13:50:19,100,Highly Attentive,Forward,True,35,6.3
2026-08-16 13:50:20,100,Highly Attentive,Forward,True,35,6.2
2026-08-16 13:50:21,100,Highly Attentive,Forward,True,35,6.2
2026-08-16 13:50:22,98,Highly Attentive,Forward,True,36,6.4
2026-08-16 13:50:23,100,Highly Attentive,Forward,True,36,6.4
2026-08-16 13:50:24,100,Highly Attentive,Forward,True,36,6.3
2026-08-16 13:50:25,100,Highly Attentive,Forward,True,36,6.3
2026-08-16 13:50:26,100,Highly Attentive,Forward,True,36,6.3
2026-08-16 13:50:27,100,Highly Attentive,Forward,True,36,6.3
2026-08-16 13:50:28,100,Highly Attentive,Forward,True,36,6.3
2026-08-16 13:50:29,100,Highly Attentive,Forward,True,36,6.2
2026-08-16 13:50:30,100,Highly Attentive,Forward,True,36,6.2
2026-08-16 13:50:31,100,Highly Attentive,Forward,True,36,6.2
2026-08-16 13:50:32,100,Highly Attentive,Forward,True,36,6.2
2026-08-16 13:50:33,100,Highly Attentive,Forward,True,36,6.2
2026-08-16 13:50:34,100,Highly Attentive,Forward,True,36,6.2
2026-08-16 13:50:35,100,Highly Attentive,Forward,True,36,6.1
2026-08-16 13:50:36,100,Highly Attentive,Forward,True,36,6.1
2026-08-16 13:50:37,100,Highly Attentive,Forward,True,36,6.1
2026-08-16 13:50:38,100,Highly Attentive,Forward,True,36,6.1
2026-08-16 13:50:39,100,Highly Attentive,Forward,True,36,6.1
2026-08-16 13:50:40,100,Highly Attentive,Forward,True,36,6.0
2026-08-16 13:50:41,100,Highly Attentive,Forward,True,36,6.0
2026-08-16 13:50:42,100,Highly Attentive,Forward,True,36,6.0
2026-08-16 13:50:43,100,Highly Attentive,Forward,True,36,6.0
2026-08-16 13:50:44,100,Highly Attentive,Forward,True,36,6.0
2026-08-16 13:50:45,100,Highly Attentive,Forward,True,36,6.0
2026-08-16 13:50:46,100,Highly Attentive,Forward,True,36,5.9
2026-08-16 13:50:47,100,Highly Attentive,Forward,True,36,5.9
2026-08-16 13:50:48,100,Highly Attentive,Forward,True,36,5.9
2026-08-16 13:50:49,100,Highly Attentive,Forward,True,36,5.9
2026-08-16 13:50:50,100,Highly Attentive,Forward,True,36,5.9
2026-08-16 13:50:51,100,Highly Attentive,Forward,True,36,5.9
2026-08-16 13:50:52,100,Highly Attentive,Forward,True,36,5.8
2026-08-16 13:50:53,100,Highly Attentive,Forward,True,36,5.8
2026-08-16 13:50:54,100,Highly Attentive,Forward,True,36,5.8
2026-08-16 13:50:55,100,Highly Attentive,Forward,True,36,5.8
2026-08-16 13:50:56,100,Highly Attentive,Forward,True,36,5.8
2026-08-16 13:50:57,99,Highly Attentive,Forward,True,36,5.8
2026-08-16 13:50:58,100,Highly Attentive,Forward,True,36,5.8
2026-08-16 13:51:00,100,Highly Attentive,Forward,True,36,5.7
2026-08-16 13:51:01,100,Highly Attentive,Forward,True,36,5.7
2026-08-16 13:51:02,99,Highly Attentive,Forward,True,36,5.7
2026-08-16 13:51:03,100,Highly Attentive,Forward,True,36,5.7
2026-08-16 13:51:04,100,Highly Attentive,Forward,True,36,5.7
2026-08-16 13:51:05,100,Highly Attentive,Forward,True,36,5.7
2026-08-16 13:51:06,100,Highly Attentive,Forward,True,36,5.6
2026-08-16 13:51:07,100,Highly Attentive,Forward,True,36,5.6
2026-08-16 13:51:08,100,Highly Attentive,Forward,True,36,5.6
2026-08-16 13:51:09,99,Highly Attentive,Forward,True,36,5.6
2026-08-16 13:51:10,100,Highly Attentive,Forward,True,36,5.6
2026-08-16 13:51:11,100,Highly Attentive,Forward,True,36,5.6
2026-08-16 13:51:12,100,Highly Attentive,Forward,True,36,5.6
2026-08-16 13:51:13,100,Highly Attentive,Forward,True,36,5.5
2026-08-16 13:51:14,92,Highly Attentive,Forward,True,36,5.5
2026-08-16 13:51:15,70,Slightly Distracted,Forward,True,36,5.5
2026-08-16 13:51:16,95,Highly Attentive,Forward,True,36,5.5
2026-08-16 13:51:17,73,Attentive,Down,True,36,5.5
2026-08-16 13:51:18,65,Slightly Distracted,Down,True,36,5.5
2026-08-16 13:51:19,86,Highly Attentive,Down,True,36,5.5
2026-08-16 13:51:20,84,Attentive,Down,False,36,5.4
2026-08-16 13:51:21,100,Highly Attentive,Forward,True,37,5.6
2026-08-16 13:51:22,100,Highly Attentive,Forward,True,37,5.6
2026-08-16 13:51:23,100,Highly Attentive,Forward,True,37,5.5
2026-08-16 13:51:24,95,Highly Attentive,Forward,True,37,5.5
2026-08-16 13:51:25,65,Slightly Distracted,Down,True,37,5.5
2026-08-16 13:51:26,65,Slightly Distracted,Down,True,37,5.5
2026-08-16 13:51:27,65,Slightly Distracted,Down,True,37,5.5
2026-08-16 13:51:28,97,Highly Attentive,Forward,True,38,5.6
2026-08-16 13:51:29,100,Highly Attentive,Forward,True,38,5.6
2026-08-16 13:51:30,100,Highly Attentive,Forward,True,38,5.6
2026-08-16 13:51:31,100,Highly Attentive,Forward,True,38,5.6
2026-08-16 13:51:32,100,Highly Attentive,Forward,True,38,5.6
2026-08-16 13:51:33,96,Highly Attentive,Forward,True,38,5.6
2026-08-16 13:51:34,99,Highly Attentive,Forward,True,38,5.5
2026-08-16 13:51:35,100,Highly Attentive,Forward,True,38,5.5
2026-08-16 13:51:36,100,Highly Attentive,Forward,True,38,5.5
2026-08-16 13:51:37,100,Highly Attentive,Forward,True,38,5.5
2026-08-16 13:51:38,100,Highly Attentive,Forward,True,38,5.5
2026-08-16 13:51:39,99,Highly Attentive,Forward,True,39,5.6
2026-08-16 13:51:40,100,Highly Attentive,Forward,True,39,5.6
2026-08-16 13:51:41,100,Highly Attentive,Forward,True,39,5.6
2026-08-16 13:51:42,95,Highly Attentive,Forward,True,41,5.9
2026-08-16 13:51:43,91,Highly Attentive,Forward,True,42,6.0
2026-08-16 13:51:44,100,Highly Attentive,Forward,True,42,6.0
2026-08-16 13:51:45,100,Highly Attentive,Forward,True,42,6.0
2026-08-16 13:51:46,100,Highly Attentive,Forward,True,42,6.0
2026-08-16 13:51:47,100,Highly Attentive,Forward,True,42,5.9
2026-08-16 13:51:49,97,Highly Attentive,Forward,False,42,5.9
2026-08-16 13:51:50,97,Highly Attentive,Forward,True,44,6.2
2026-08-16 13:51:51,97,Highly Attentive,Forward,True,45,6.3
2026-08-16 13:51:52,100,Highly Attentive,Forward,True,45,6.3
2026-08-16 13:51:53,97,Highly Attentive,Forward,True,46,6.4
2026-08-16 13:51:54,100,Highly Attentive,Forward,True,46,6.4
2026-08-16 13:51:55,100,Highly Attentive,Forward,True,46,6.4
2026-08-16 13:51:56,100,Highly Attentive,Forward,True,46,6.4
2026-08-16 13:51:57,100,Highly Attentive,Forward,True,46,6.4
2026-08-16 13:51:58,100,Highly Attentive,Forward,True,46,6.3
2026-08-16 13:51:59,100,Highly Attentive,Forward,True,46,6.3
2026-08-16 13:52:00,100,Highly Attentive,Forward,True,46,6.3
2026-08-16 13:52:01,100,Highly Attentive,Forward,True,46,6.3
2026-08-16 13:52:02,97,Highly Attentive,Forward,True,47,6.4
2026-08-16 13:52:03,100,Highly Attentive,Forward,True,47,6.4
2026-08-16 13:52:04,100,Highly Attentive,Forward,True,47,6.4
2026-08-16 13:52:05,100,Highly Attentive,Forward,True,47,6.4
2026-08-16 13:52:06,100,Highly Attentive,Forward,True,47,6.4
2026-08-16 13:52:07,92,Highly Attentive,Down,True,47,6.4
2026-08-16 13:52:08,88,Highly Attentive,Forward,True,47,6.3
2026-08-16 13:52:09,100,Highly Attentive,Forward,True,47,6.3
2026-08-16 13:52:10,100,Highly Attentive,Forward,True,47,6.3
2026-08-16 13:52:11,100,Highly Attentive,Forward,True,47,6.3
2026-08-16 13:52:12,100,Highly Attentive,Forward,True,47,6.3
2026-08-16 13:52:13,100,Highly Attentive,Forward,True,47,6.3
2026-08-16 13:52:14,99,Highly Attentive,Forward,True,47,6.3
2026-08-16 13:52:15,100,Highly Attentive,Forward,True,47,6.2
2026-08-16 13:52:16,100,Highly Attentive,Forward,True,47,6.2
2026-08-16 13:52:17,100,Highly Attentive,Forward,True,47,6.2
2026-08-16 13:52:18,100,Highly Attentive,Forward,True,47,6.2
2026-08-16 13:52:19,100,Highly Attentive,Forward,True,47,6.2
2026-08-16 13:52:20,100,Highly Attentive,Forward,True,47,6.2
2026-08-16 13:52:21,100,Highly Attentive,Forward,True,47,6.2
2026-08-16 13:52:22,100,Highly Attentive,Forward,True,47,6.1
2026-08-16 13:52:23,100,Highly Attentive,Forward,True,47,6.1
2026-08-16 13:52:24,97,Highly Attentive,Forward,True,48,6.2
2026-08-16 13:52:25,100,Highly Attentive,Forward,True,48,6.2
2026-08-16 13:52:26,97,Highly Attentive,Forward,True,49,6.3
2026-08-16 13:52:27,100,Highly Attentive,Forward,True,49,6.3
2026-08-16 13:52:28,100,Highly Attentive,Forward,True,49,6.3
2026-08-16 13:52:29,100,Highly Attentive,Forward,True,49,6.3
2026-08-16 13:52:30,100,Highly Attentive,Forward,True,49,6.3
2026-08-16 13:52:31,100,Highly Attentive,Forward,True,49,6.3
2026-08-16 13:52:32,100,Highly Attentive,Forward,True,49,6.3
2026-08-16 13:52:33,100,Highly Attentive,Forward,True,49,6.2
2026-08-16 13:52:34,100,Highly Attentive,Forward,True,49,6.2
2026-08-16 13:52:35,100,Highly Attentive,Forward,True,49,6.2
2026-08-16 13:52:36,100,Highly Attentive,Forward,True,49,6.2
2026-08-16 13:52:37,100,Highly Attentive,Forward,True,49,6.2
2026-08-16 13:52:39,100,Highly Attentive,Forward,True,49,6.2
2026-08-16 13:52:40,100,Highly Attentive,Forward,True,49,6.2
2026-08-16 13:52:41,100,Highly Attentive,Forward,True,49,6.2
2026-08-16 13:52:42,100,Highly Attentive,Forward,True,49,6.1
2026-08-16 13:52:43,100,Highly Attentive,Forward,True,49,6.1
2026-08-16 13:52:44,100,Highly Attentive,Forward,True,49,6.1
2026-08-16 13:52:45,100,Highly Attentive,Forward,True,49,6.1
2026-08-16 13:52:46,98,Highly Attentive,Forward,True,50,6.2
2026-08-16 13:52:47,100,Highly Attentive,Forward,True,50,6.2
2026-08-16 13:52:48,97,Highly Attentive,Forward,True,51,6.3
2026-08-16 13:52:49,100,Highly Attentive,Forward,True,51,6.3
2026-08-16 13:52:50,100,Highly Attentive,Forward,True,51,6.3
2026-08-16 13:52:51,100,Highly Attentive,Forward,True,51,6.3
2026-08-16 13:52:52,100,Highly Attentive,Forward,True,51,6.3
2026-08-16 13:52:53,100,Highly Attentive,Forward,True,51,6.2
2026-08-16 13:52:54,100,Highly Attentive,Forward,True,51,6.2
2026-08-16 13:52:55,100,Highly Attentive,Forward,True,51,6.2
2026-08-16 13:52:56,100,Highly Attentive,Forward,True,51,6.2
2026-08-16 13:52:57,100,Highly Attentive,Forward,True,51,6.2
2026-08-16 13:52:58,100,Highly Attentive,Forward,True,51,6.2
2026-08-16 13:52:59,100,Highly Attentive,Forward,True,51,6.2
2026-08-16 13:53:00,100,Highly Attentive,Forward,True,51,6.2
2026-08-16 13:53:01,100,Highly Attentive,Forward,True,51,6.1
2026-08-16 13:53:02,100,Highly Attentive,Forward,True,51,6.1
2026-08-16 13:53:03,100,Highly Attentive,Forward,True,51,6.1
2026-08-16 13:53:04,100,Highly Attentive,Forward,True,51,6.1
2026-08-16 13:53:05,100,Highly Attentive,Forward,True,51,6.1
2026-08-16 13:53:06,100,Highly Attentive,Forward,True,51,6.1
2026-08-16 13:53:07,100,Highly Attentive,Forward,True,51,6.1
2026-08-16 13:53:08,100,Highly Attentive,Forward,True,51,6.1
2026-08-16 13:53:09,100,Highly Attentive,Forward,True,51,6.0
2026-08-16 13:53:10,100,Highly Attentive,Forward,True,51,6.0
2026-08-16 13:53:11,100,Highly Attentive,Forward,True,51,6.0
2026-08-16 13:53:12,100,Highly Attentive,Forward,True,51,6.0
2026-08-16 13:53:13,100,Highly Attentive,Forward,True,51,6.0
2026-08-16 13:53:14,97,Highly Attentive,Forward,True,52,6.1
2026-08-16 13:53:15,100,Highly Attentive,Forward,True,52,6.1
2026-08-16 13:53:16,100,Highly Attentive,Forward,True,52,6.1
2026-08-16 13:53:17,100,Highly Attentive,Forward,True,52,6.1
2026-08-16 13:53:18,100,Highly Attentive,Forward,True,52,6.1
2026-08-16 13:53:19,100,Highly Attentive,Forward,True,52,6.0
2026-08-16 13:53:20,100,Highly Attentive,Forward,True,52,6.0
2026-08-16 13:53:21,91,Highly Attentive,Forward,True,52,6.0
2026-08-16 13:53:22,100,Highly Attentive,Forward,True,52,6.0
2026-08-16 13:53:23,100,Highly Attentive,Forward,True,52,6.0
2026-08-16 13:53:24,100,Highly Attentive,Forward,True,52,6.0
2026-08-16 13:53:25,100,Highly Attentive,Forward,True,52,6.0
2026-08-16 13:53:26,100,Highly Attentive,Forward,True,52,6.0
2026-08-16 13:53:27,100,Highly Attentive,Forward,True,52,5.9
2026-08-16 13:53:28,95,Highly Attentive,Down,True,52,5.9
2026-08-16 13:53:30,65,Slightly Distracted,Down,True,52,5.9
2026-08-16 13:53:31,71,Attentive,Forward,True,52,5.9
2026-08-16 13:53:32,100,Highly Attentive,Forward,True,52,5.9
2026-08-16 13:53:33,100,Highly Attentive,Forward,True,52,5.9
2026-08-16 13:53:34,100,Highly Attentive,Forward,True,52,5.9
2026-08-16 13:53:35,100,Highly Attentive,Forward,True,52,5.9
2026-08-16 13:53:36,100,Highly Attentive,Forward,True,52,5.9
2026-08-16 13:53:37,100,Highly Attentive,Forward,True,52,5.8
2026-08-16 13:53:38,100,Highly Attentive,Forward,True,52,5.8
2026-08-16 13:53:39,100,Highly Attentive,Forward,True,52,5.8
2026-08-16 13:53:40,100,Highly Attentive,Forward,True,52,5.8
2026-08-16 13:53:41,97,Highly Attentive,Forward,True,53,5.9
2026-08-16 13:53:42,98,Highly Attentive,Down,True,53,5.9
2026-08-16 13:53:43,65,Slightly Distracted,Down,True,53,5.9
2026-08-16 13:53:44,66,Slightly Distracted,Forward,True,53,5.9
2026-08-16 13:53:45,97,Highly Attentive,Forward,True,54,6.0
2026-08-16 13:53:46,94,Highly Attentive,Forward,False,56,6.2
2026-08-16 13:53:47,96,Highly Attentive,Forward,True,57,6.3
2026-08-16 13:53:48,93,Highly Attentive,Forward,True,57,6.3
2026-08-16 13:53:49,72,Attentive,Right,True,57,6.3
2026-08-16 13:53:50,65,Slightly Distracted,Right,True,57,6.3
2026-08-16 13:53:51,65,Slightly Distracted,Right,True,57,6.2
2026-08-16 13:53:52,65,Slightly Distracted,Right,True,57,6.2
2026-08-16 13:53:53,65,Slightly Distracted,Right,True,57,6.2
2026-08-16 13:53:54,80,Attentive,Forward,True,57,6.2
2026-08-16 13:53:55,100,Highly Attentive,Forward,True,57,6.2
2026-08-16 13:53:56,100,Highly Attentive,Forward,True,57,6.2
2026-08-16 13:53:57,100,Highly Attentive,Forward,True,57,6.2
2026-08-16 13:53:58,99,Highly Attentive,Forward,True,57,6.2
2026-08-16 13:53:59,100,Highly Attentive,Forward,True,57,6.1
2026-08-16 13:54:00,100,Highly Attentive,Forward,True,57,6.1
2026-08-16 13:54:01,100,Highly Attentive,Forward,True,57,6.1
2026-08-16 13:54:02,93,Highly Attentive,Down,True,57,6.1
2026-08-16 13:54:03,70,Slightly Distracted,Down,True,57,6.1
2026-08-16 13:54:04,65,Slightly Distracted,Down,True,57,6.1
2026-08-16 13:54:05,65,Slightly Distracted,Down,True,57,6.1
2026-08-16 13:54:06,70,Slightly Distracted,Forward,True,57,6.1
2026-08-16 13:54:07,100,Highly Attentive,Forward,True,57,6.1
2026-08-16 13:54:08,79,Attentive,Down,True,58,6.2
2026-08-16 13:54:09,97,Highly Attentive,Forward,True,58,6.1
2026-08-16 13:54:10,100,Highly Attentive,Forward,True,58,6.1
2026-08-16 13:54:11,100,Highly Attentive,Forward,True,58,6.1
2026-08-16 13:54:12,100,Highly Attentive,Forward,True,58,6.1
2026-08-16 13:54:13,100,Highly Attentive,Forward,True,58,6.1
2026-08-16 13:54:14,100,Highly Attentive,Forward,True,58,6.1
2026-08-16 13:54:15,100,Highly Attentive,Forward,True,58,6.1
2026-08-16 13:54:16,100,Highly Attentive,Forward,True,58,6.1
2026-08-16 13:54:18,100,Highly Attentive,Forward,True,58,6.1
2026-08-16 13:54:19,100,Highly Attentive,Forward,True,58,6.0
2026-08-16 13:54:20,100,Highly Attentive,Forward,True,58,6.0
2026-08-16 13:54:21,100,Highly Attentive,Forward,True,58,6.0
2026-08-16 13:54:22,100,Highly Attentive,Forward,True,58,6.0
2026-08-16 13:54:23,100,Highly Attentive,Forward,True,58,6.0
2026-08-16 13:54:24,100,Highly Attentive,Forward,True,58,6.0
2026-08-16 13:54:25,100,Highly Attentive,Forward,True,58,6.0
2026-08-16 13:54:26,100,Highly Attentive,Forward,True,58,6.0
2026-08-16 13:54:27,100,Highly Attentive,Forward,True,58,6.0
2026-08-16 13:54:28,100,Highly Attentive,Forward,True,58,6.0
2026-08-16 13:54:29,100,Highly Attentive,Forward,True,58,5.9
2026-08-16 13:54:30,100,Highly Attentive,Forward,True,58,5.9
2026-08-16 13:54:31,100,Highly Attentive,Forward,True,58,5.9
2026-08-16 13:54:32,100,Highly Attentive,Forward,True,58,5.9
2026-08-16 13:54:33,93,Highly Attentive,Forward,False,58,5.9
2026-08-16 13:54:34,84,Attentive,Forward,False,59,6.0
2026-08-16 13:54:35,93,Highly Attentive,Forward,True,60,6.1
2026-08-16 13:54:36,87,Highly Attentive,Forward,False,61,6.2
2026-08-16 13:54:37,98,Highly Attentive,Forward,True,62,6.3
2026-08-16 13:54:38,100,Highly Attentive,Forward,True,62,6.3
2026-08-16 13:54:39,100,Highly Attentive,Forward,True,62,6.2
2026-08-16 13:54:40,95,Highly Attentive,Forward,False,62,6.2
2026-08-16 13:54:41,85,Attentive,Forward,True,64,6.4
2026-08-16 13:54:42,100,Highly Attentive,Forward,True,64,6.4
2026-08-16 13:54:43,98,Highly Attentive,Forward,True,65,6.5
2026-08-16 13:54:44,100,Highly Attentive,Forward,True,65,6.5
2026-08-16 13:54:45,100,Highly Attentive,Forward,True,65,6.5
2026-08-16 13:54:46,100,Highly Attentive,Forward,True,65,6.5
2026-08-16 13:54:47,100,Highly Attentive,Forward,True,65,6.5
2026-08-16 13:54:48,100,Highly Attentive,Forward,True,65,6.4
2026-08-16 13:54:49,100,Highly Attentive,Forward,True,65,6.4
2026-08-16 13:54:50,100,Highly Attentive,Forward,True,65,6.4
2026-08-16 13:54:51,100,Highly Attentive,Forward,True,65,6.4
2026-08-16 13:54:52,98,Highly Attentive,Forward,True,66,6.5
2026-08-16 13:54:53,100,Highly Attentive,Forward,True,66,6.5
2026-08-16 13:54:54,71,Attentive,Left,True,66,6.5
2026-08-16 13:54:55,94,Highly Attentive,Forward,True,66,6.5
2026-08-16 13:54:56,100,Highly Attentive,Forward,True,66,6.5
2026-08-16 13:54:57,100,Highly Attentive,Forward,True,66,6.4
2026-08-16 13:54:58,100,Highly Attentive,Forward,True,66,6.4
2026-08-16 13:54:59,100,Highly Attentive,Forward,True,66,6.4
2026-08-16 13:55:00,100,Highly Attentive,Forward,True,66,6.4
2026-08-16 13:55:01,100,Highly Attentive,Forward,True,66,6.4
2026-08-16 13:55:02,100,Highly Attentive,Forward,True,66,6.4
2026-08-16 13:55:03,100,Highly Attentive,Forward,True,66,6.4
2026-08-16 13:55:04,98,Highly Attentive,Forward,True,67,6.5
2026-08-16 13:55:05,100,Highly Attentive,Forward,True,67,6.5
2026-08-16 13:55:07,100,Highly Attentive,Forward,True,67,6.4
2026-08-16 13:55:08,100,Highly Attentive,Forward,True,67,6.4
2026-08-16 13:55:09,100,Highly Attentive,Forward,True,67,6.4
2026-08-16 13:55:10,100,Highly Attentive,Forward,True,67,6.4
2026-08-16 13:55:11,100,Highly Attentive,Forward,True,67,6.4
2026-08-16 13:55:12,100,Highly Attentive,Forward,True,67,6.4
2026-08-16 13:55:13,100,Highly Attentive,Forward,True,67,6.4
2026-08-16 13:55:14,96,Highly Attentive,Forward,True,68,6.5
2026-08-16 13:55:15,85,Highly Attentive,Forward,True,68,6.5
2026-08-16 13:55:16,85,Highly Attentive,Forward,True,68,6.4
2026-08-16 13:55:17,78,Attentive,Forward,True,70,6.6
2026-08-16 13:55:18,77,Attentive,Forward,False,71,6.7
2026-08-16 13:55:19,67,Slightly Distracted,Forward,True,72,6.8
2026-08-16 13:55:20,94,Highly Attentive,Forward,True,72,6.8
2026-08-16 13:55:21,100,Highly Attentive,Forward,True,72,6.8
2026-08-16 13:55:22,100,Highly Attentive,Forward,True,72,6.8
2026-08-16 13:55:23,100,Highly Attentive,Forward,True,72,6.8
2026-08-16 13:55:24,99,Highly Attentive,Forward,True,72,6.7
2026-08-16 13:55:25,100,Highly Attentive,Forward,True,72,6.7
2026-08-16 13:55:26,98,Highly Attentive,Forward,True,73,6.8
2026-08-16 13:55:27,82,Attentive,Forward,True,73,6.8
2026-08-16 13:55:28,100,Highly Attentive,Forward,True,73,6.8
2026-08-16 13:55:29,100,Highly Attentive,Forward,True,73,6.8
2026-08-16 13:55:30,100,Highly Attentive,Forward,True,73,6.8
2026-08-16 13:55:31,98,Highly Attentive,Down,True,73,6.8
2026-08-16 13:55:32,63,Slightly Distracted,Down,True,74,6.8
2026-08-16 13:55:33,93,Highly Attentive,Forward,True,74,6.8
2026-08-16 13:55:34,100,Highly Attentive,Forward,True,74,6.8
2026-08-16 13:55:35,100,Highly Attentive,Forward,True,74,6.8
2026-08-16 13:55:36,100,Highly Attentive,Forward,True,74,6.8
2026-08-16 13:55:37,100,Highly Attentive,Forward,True,74,6.8
2026-08-16 13:55:38,97,Highly Attentive,Forward,True,75,6.9
2026-08-16 13:55:39,100,Highly Attentive,Forward,True,75,6.9
2026-08-16 13:55:40,100,Highly Attentive,Forward,True,75,6.8
2026-08-16 13:55:41,100,Highly Attentive,Forward,True,75,6.8
2026-08-16 13:55:42,100,Highly Attentive,Forward,True,75,6.8
2026-08-16 13:55:43,100,Highly Attentive,Forward,True,75,6.8
2026-08-16 13:55:44,100,Highly Attentive,Forward,True,75,6.8
2026-08-16 13:55:45,100,Highly Attentive,Forward,True,75,6.8
2026-08-16 13:55:46,100,Highly Attentive,Forward,True,75,6.8
2026-08-16 13:55:47,100,Highly Attentive,Forward,True,75,6.8
2026-08-16 13:55:48,100,Highly Attentive,Forward,True,75,6.8
2026-08-16 13:55:49,100,Highly Attentive,Forward,True,75,6.8
2026-08-16 13:55:50,100,Highly Attentive,Forward,True,75,6.7
2026-08-16 13:55:51,100,Highly Attentive,Forward,True,75,6.7
2026-08-16 13:55:52,100,Highly Attentive,Forward,True,75,6.7
2026-08-16 13:55:53,100,Highly Attentive,Forward,True,75,6.7
2026-08-16 13:55:54,100,Highly Attentive,Forward,True,75,6.7
2026-08-16 13:55:55,99,Highly Attentive,Forward,True,75,6.7
2026-08-16 13:55:56,100,Highly Attentive,Forward,True,75,6.7
2026-08-16 13:55:58,100,Highly Attentive,Forward,True,75,6.7
2026-08-16 13:55:59,100,Highly Attentive,Forward,True,75,6.7
2026-08-16 13:56:00,100,Highly Attentive,Forward,True,75,6.7
2026-08-16 13:56:01,97,Highly Attentive,Forward,True,76,6.7
2026-08-16 13:56:02,100,Highly Attentive,Forward,True,76,6.7
2026-08-16 13:56:03,100,Highly Attentive,Forward,True,76,6.7
2026-08-16 13:56:04,100,Highly Attentive,Forward,True,76,6.7
2026-08-16 13:56:05,100,Highly Attentive,Forward,True,76,6.7
2026-08-16 13:56:06,99,Highly Attentive,Forward,True,76,6.7
2026-08-16 13:56:07,99,Highly Attentive,Forward,True,76,6.7
2026-08-16 13:56:08,100,Highly Attentive,Forward,True,76,6.7
2026-08-16 13:56:09,100,Highly Attentive,Forward,True,76,6.6
2026-08-16 13:56:10,98,Highly Attentive,Forward,True,76,6.6
2026-08-16 13:56:11,100,Highly Attentive,Forward,True,76,6.6
2026-08-16 13:56:12,100,Highly Attentive,Forward,True,76,6.6
2026-08-16 13:56:13,97,Highly Attentive,Forward,True,77,6.7
2026-08-16 13:56:14,95,Highly Attentive,Forward,True,78,6.8
2026-08-16 13:56:15,90,Highly Attentive,Forward,False,79,6.9
2026-08-16 13:56:16,96,Highly Attentive,Forward,True,80,6.9
2026-08-16 13:56:17,99,Highly Attentive,Forward,True,80,6.9
2026-08-16 13:56:18,98,Highly Attentive,Forward,True,81,7.0
2026-08-16 13:56:19,100,Highly Attentive,Forward,True,81,7.0
2026-08-16 13:56:20,100,Highly Attentive,Forward,True,81,7.0
2026-08-16 13:56:21,100,Highly Attentive,Forward,True,81,7.0
2026-08-16 13:56:22,100,Highly Attentive,Forward,True,81,7.0
2026-08-16 13:56:23,100,Highly Attentive,Forward,True,81,6.9
2026-08-16 13:56:24,100,Highly Attentive,Forward,True,81,6.9
2026-08-16 13:56:25,100,Highly Attentive,Forward,True,81,6.9
2026-08-16 13:56:26,100,Highly Attentive,Forward,True,81,6.9
2026-08-16 13:56:27,100,Highly Attentive,Forward,True,81,6.9
2026-08-16 13:56:28,100,Highly Attentive,Forward,True,81,6.9
2026-08-16 13:56:29,100,Highly Attentive,Forward,True,81,6.9
2026-08-16 13:56:30,100,Highly Attentive,Forward,True,81,6.9
2026-08-16 13:56:31,100,Highly Attentive,Forward,True,81,6.9
2026-08-16 13:56:32,100,Highly Attentive,Forward,True,81,6.9
2026-08-16 13:56:33,95,Highly Attentive,Forward,True,83,7.0
2026-08-16 13:56:34,100,Highly Attentive,Forward,True,83,7.0
2026-08-16 13:56:35,98,Highly Attentive,Forward,True,84,7.1
2026-08-16 13:56:36,93,Highly Attentive,Forward,True,87,7.3
2026-08-16 13:56:37,100,Highly Attentive,Forward,True,87,7.3
2026-08-16 13:56:38,100,Highly Attentive,Forward,True,87,7.3
2026-08-16 13:56:39,100,Highly Attentive,Forward,True,87,7.3
2026-08-16 13:56:40,97,Highly Attentive,Forward,True,88,7.4
2026-08-16 13:56:41,99,Highly Attentive,Forward,True,88,7.3
2026-08-16 13:56:42,66,Slightly Distracted,Left,True,88,7.3
2026-08-16 13:56:43,73,Attentive,Left,True,88,7.3
2026-08-16 13:56:44,66,Slightly Distracted,Forward,True,88,7.3
2026-08-16 13:56:45,72,Attentive,Forward,True,88,7.3
2026-08-16 13:56:46,100,Highly Attentive,Forward,True,88,7.3
2026-08-16 13:56:47,98,Highly Attentive,Forward,True,89,7.4
2026-08-16 13:56:48,96,Highly Attentive,Forward,True,90,7.4
2026-08-16 13:56:50,100,Highly Attentive,Forward,True,90,7.4
2026-08-16 13:56:51,99,Highly Attentive,Forward,True,90,7.4
2026-08-16 13:56:52,100,Highly Attentive,Forward,True,90,7.4
2026-08-16 13:56:53,97,Highly Attentive,Forward,True,91,7.5
2026-08-16 13:56:54,100,Highly Attentive,Forward,True,91,7.5
2026-08-16 13:56:55,98,Highly Attentive,Forward,True,91,7.5
2026-08-16 13:56:56,100,Highly Attentive,Forward,True,91,7.5
2026-08-16 13:56:57,100,Highly Attentive,Forward,True,91,7.4
2026-08-16 13:56:58,100,Highly Attentive,Forward,True,91,7.4
2026-08-16 13:56:59,100,Highly Attentive,Forward,True,91,7.4
2026-08-16 13:57:00,99,Highly Attentive,Forward,True,91,7.4
2026-08-16 13:57:01,99,Highly Attentive,Forward,True,91,7.4
2026-08-16 13:57:02,100,Highly Attentive,Forward,True,91,7.4
2026-08-16 13:57:03,96,Highly Attentive,Forward,True,92,7.5
2026-08-16 13:57:04,99,Highly Attentive,Forward,True,92,7.5
2026-08-16 13:57:05,87,Highly Attentive,Down,True,93,7.5
2026-08-16 13:57:06,65,Slightly Distracted,Down,True,93,7.5
2026-08-16 13:57:07,86,Highly Attentive,Forward,True,96,7.7
2026-08-16 13:57:08,99,Highly Attentive,Forward,True,96,7.7
2026-08-16 13:57:09,100,Highly Attentive,Forward,True,96,7.7
2026-08-16 13:57:10,100,Highly Attentive,Forward,True,96,7.7
2026-08-16 13:57:11,100,Highly Attentive,Forward,True,96,7.7
2026-08-16 13:57:12,98,Highly Attentive,Forward,True,97,7.8
2026-08-16 13:57:13,100,Highly Attentive,Forward,True,97,7.8
2026-08-16 13:57:14,100,Highly Attentive,Forward,True,97,7.7
2026-08-16 13:57:15,100,Highly Attentive,Forward,True,97,7.7
2026-08-16 13:57:16,100,Highly Attentive,Forward,True,97,7.7
2026-08-16 13:57:17,100,Highly Attentive,Forward,True,97,7.7
2026-08-16 13:57:18,100,Highly Attentive,Forward,True,97,7.7
2026-08-16 13:57:19,92,Highly Attentive,Down,True,97,7.7
2026-08-16 13:57:20,65,Slightly Distracted,Down,True,97,7.7
2026-08-16 13:57:21,63,Slightly Distracted,Down,True,98,7.8
2026-08-16 13:57:22,65,Slightly Distracted,Down,True,98,7.7
2026-08-16 13:57:23,65,Slightly Distracted,Down,True,98,7.7
2026-08-16 13:57:24,70,Attentive,Forward,True,99,7.8
2026-08-16 13:57:25,90,Highly Attentive,Forward,True,99,7.8
2026-08-16 13:57:26,100,Highly Attentive,Forward,True,99,7.8
2026-08-16 13:57:27,98,Highly Attentive,Down,True,99,7.8
2026-08-16 13:57:28,86,Highly Attentive,Down,True,99,7.8
2026-08-16 13:57:29,65,Slightly Distracted,Down,True,99,7.8
2026-08-16 13:57:30,65,Slightly Distracted,Down,True,99,7.7
2026-08-16 13:57:31,66,Slightly Distracted,Down,True,99,7.7
2026-08-16 13:57:32,95,Highly Attentive,Forward,True,99,7.7
2026-08-16 13:57:33,84,Attentive,Down,True,100,7.8
2026-08-16 13:57:34,65,Slightly Distracted,Down,True,100,7.8
2026-08-16 13:57:35,65,Slightly Distracted,Down,True,100,7.8
2026-08-16 13:57:36,65,Slightly Distracted,Down,True,100,7.8
2026-08-16 13:57:37,65,Slightly Distracted,Down,True,100,7.7
2026-08-16 13:57:39,64,Slightly Distracted,Down,True,100,7.7
2026-08-16 13:57:40,65,Slightly Distracted,Down,True,100,7.7
2026-08-16 13:57:41,65,Slightly Distracted,Down,True,100,7.7
2026-08-16 13:57:42,65,Slightly Distracted,Down,True,100,7.7
2026-08-16 13:57:43,65,Slightly Distracted,Down,True,100,7.7
2026-08-16 13:57:44,88,Highly Attentive,Down,True,101,7.8
2026-08-16 13:57:45,65,Slightly Distracted,Down,True,101,7.8
2026-08-16 13:57:46,65,Slightly Distracted,Down,True,101,7.7
2026-08-16 13:57:47,65,Slightly Distracted,Down,True,101,7.7
2026-08-16 13:57:48,65,Slightly Distracted,Down,True,101,7.7
2026-08-16 13:57:49,65,Slightly Distracted,Down,True,101,7.7
2026-08-16 13:57:50,65,Slightly Distracted,Down,True,101,7.7
2026-08-16 13:57:51,64,Slightly Distracted,Down,True,101,7.7
2026-08-16 13:57:52,79,Attentive,Forward,True,102,7.8
2026-08-16 13:57:53,100,Highly Attentive,Forward,True,102,7.7
2026-08-16 13:57:54,100,Highly Attentive,Forward,True,102,7.7
2026-08-16 13:57:55,100,Highly Attentive,Forward,True,102,7.7
2026-08-16 13:57:56,100,Highly Attentive,Forward,True,102,7.7
2026-08-16 13:57:57,100,Highly Attentive,Forward,True,102,7.7
2026-08-16 13:57:58,100,Highly Attentive,Forward,True,102,7.7
2026-08-16 13:57:59,96,Highly Attentive,Forward,True,103,7.8
2026-08-16 13:58:00,95,Highly Attentive,Forward,True,105,7.9
2026-08-16 13:58:01,100,Highly Attentive,Forward,True,105,7.9
2026-08-16 13:58:02,100,Highly Attentive,Forward,True,105,7.9
2026-08-16 13:58:03,100,Highly Attentive,Forward,True,105,7.9
2026-08-16 13:58:04,95,Highly Attentive,Forward,True,107,8.0
2026-08-16 13:58:05,97,Highly Attentive,Forward,True,108,8.1
2026-08-16 13:58:06,100,Highly Attentive,Forward,True,108,8.1
2026-08-16 13:58:07,100,Highly Attentive,Forward,True,108,8.1
2026-08-16 13:58:08,98,Highly Attentive,Forward,True,109,8.1
2026-08-16 13:58:09,100,Highly Attentive,Forward,True,109,8.1
2026-08-16 13:58:10,100,Highly Attentive,Forward,True,109,8.1
2026-08-16 13:58:11,81,Attentive,Down,True,109,8.1
2026-08-16 13:58:12,66,Slightly Distracted,Forward,True,109,8.1
2026-08-16 13:58:13,100,Highly Attentive,Forward,True,109,8.1
2026-08-16 13:58:14,97,Highly Attentive,Forward,True,110,8.1
2026-08-16 13:58:15,87,Highly Attentive,Left,True,111,8.2
2026-08-16 13:58:16,65,Slightly Distracted,Left,True,111,8.2
2026-08-16 13:58:17,70,Slightly Distracted,Forward,False,111,8.2
2026-08-16 13:58:18,45,Distracted,Down,False,111,8.2
2026-08-16 13:58:19,65,Slightly Distracted,Forward,True,112,8.2
2026-08-16 13:58:20,82,Attentive,Forward,True,112,8.2
2026-08-16 13:58:21,62,Slightly Distracted,Down,False,112,8.2
2026-08-16 13:58:22,62,Slightly Distracted,Down,False,113,8.3
2026-08-16 13:58:23,56,Slightly Distracted,Down,False,114,8.3
2026-08-16 13:58:24,45,Distracted,Down,False,114,8.3
2026-08-16 13:58:25,45,Distracted,Down,False,114,8.3
2026-08-16 13:58:26,45,Distracted,Down,False,114,8.3
2026-08-16 13:58:28,60,Slightly Distracted,Down,True,115,8.4
2026-08-16 13:58:29,62,Slightly Distracted,Down,True,116,8.4
2026-08-16 13:58:30,46,Distracted,Down,False,116,8.4
2026-08-16 13:58:31,45,Distracted,Down,False,116,8.4
2026-08-16 13:58:32,45,Distracted,Down,False,116,8.4
2026-08-16 13:58:33,45,Distracted,Down,False,116,8.4
2026-08-16 13:58:34,52,Slightly Distracted,Down,False,118,8.5
2026-08-16 13:58:35,45,Distracted,Down,False,118,8.5
2026-08-16 13:58:36,45,Distracted,Down,False,118,8.5
2026-08-16 13:58:37,45,Distracted,Down,False,118,8.5
2026-08-16 13:58:38,45,Distracted,Down,False,118,8.5
2026-08-16 13:58:39,45,Distracted,Down,False,118,8.5
2026-08-16 13:58:40,45,Distracted,Down,False,118,8.5
2026-08-16 13:58:41,45,Distracted,Down,False,118,8.5
2026-08-16 13:58:42,45,Distracted,Down,False,118,8.4
2026-08-16 13:58:43,51,Slightly Distracted,Down,False,119,8.5
2026-08-16 13:58:44,48,Distracted,Down,True,120,8.6
2026-08-16 13:58:45,55,Slightly Distracted,Down,False,122,8.7
2026-08-16 13:58:46,51,Slightly Distracted,Down,False,125,8.9
2026-08-16 13:58:47,45,Distracted,Down,False,125,8.9
2026-08-16 13:58:48,45,Distracted,Down,False,125,8.9
2026-08-16 13:58:49,45,Distracted,Down,False,125,8.9
2026-08-16 13:58:50,56,Slightly Distracted,Down,False,126,8.9
2026-08-16 13:58:51,45,Distracted,Down,False,126,8.9
2026-08-16 13:58:52,45,Distracted,Down,False,126,8.9
2026-08-16 13:58:53,45,Distracted,Down,False,126,8.9
2026-08-16 13:58:54,52,Slightly Distracted,Down,False,129,9.1
2026-08-16 13:58:55,51,Slightly Distracted,Down,False,130,9.2
2026-08-16 13:58:56,45,Distracted,Down,False,130,9.1
2026-08-16 13:58:57,46,Distracted,Down,False,131,9.2
2026-08-16 13:58:58,64,Slightly Distracted,Down,True,132,9.3
2026-08-16 13:58:59,55,Slightly Distracted,Down,False,132,9.3
2026-08-16 13:59:00,65,Slightly Distracted,Down,True,133,9.3
2026-08-16 13:59:01,54,Slightly Distracted,Down,True,134,9.4
2026-08-16 13:59:02,49,Distracted,Down,False,134,9.4
2026-08-16 13:59:03,45,Distracted,Down,False,134,9.3
2026-08-16 13:59:04,45,Distracted,Down,False,134,9.3
2026-08-16 13:59:05,46,Distracted,Down,True,135,9.4
2026-08-16 13:59:06,80,Attentive,Forward,True,135,9.4
2026-08-16 13:59:07,81,Attentive,Down,False,135,9.4
2026-08-16 13:59:08,45,Distracted,Down,False,135,9.4
2026-08-16 13:59:09,45,Distracted,Down,False,135,9.3
2026-08-16 13:59:10,45,Distracted,Down,False,135,9.3
2026-08-16 13:59:11,45,Distracted,Down,False,135,9.3
2026-08-16 13:59:12,54,Slightly Distracted,Down,True,137,9.5
2026-08-16 13:59:13,52,Slightly Distracted,Down,False,137,9.4
2026-08-16 13:59:14,56,Slightly Distracted,Down,True,139,9.6
2026-08-16 13:59:15,57,Slightly Distracted,Down,False,139,9.6
2026-08-16 13:59:16,45,Distracted,Down,False,139,9.5
2026-08-16 13:59:18,63,Slightly Distracted,Down,True,140,9.6
2026-08-16 13:59:19,65,Slightly Distracted,Down,True,140,9.6
2026-08-16 13:59:20,46,Distracted,Down,False,141,9.7
2026-08-16 13:59:21,60,Slightly Distracted,Down,True,142,9.7
2026-08-16 13:59:22,63,Slightly Distracted,Down,True,142,9.7
2026-08-16 13:59:23,65,Slightly Distracted,Down,True,142,9.7
2026-08-16 13:59:24,65,Slightly Distracted,Down,True,142,9.7
2026-08-16 13:59:25,65,Slightly Distracted,Down,True,142,9.7
2026-08-16 13:59:26,65,Slightly Distracted,Down,True,142,9.7
2026-08-16 13:59:27,62,Slightly Distracted,Down,True,143,9.7
2026-08-16 13:59:28,65,Slightly Distracted,Down,True,143,9.7
2026-08-16 13:59:29,54,Slightly Distracted,Down,False,143,9.7
2026-08-16 13:59:30,57,Slightly Distracted,Down,True,144,9.7
2026-08-16 13:59:31,65,Slightly Distracted,Down,True,144,9.7
2026-08-16 13:59:32,73,Attentive,Forward,True,144,9.7
2026-08-16 13:59:33,74,Attentive,Down,True,146,9.8
2026-08-16 13:59:34,60,Slightly Distracted,Down,True,147,9.9
2026-08-16 13:59:35,58,Slightly Distracted,Down,True,148,10.0
2026-08-16 13:59:36,65,Slightly Distracted,Down,True,148,9.9
2026-08-16 13:59:37,65,Slightly Distracted,Down,True,148,9.9
2026-08-16 13:59:38,65,Slightly Distracted,Down,True,148,9.9
2026-08-16 13:59:39,65,Slightly Distracted,Down,True,148,9.9
2026-08-16 13:59:40,65,Slightly Distracted,Down,True,148,9.9
2026-08-16 13:59:41,65,Slightly Distracted,Down,True,148,9.9
2026-08-16 13:59:42,65,Slightly Distracted,Down,True,148,9.9
2026-08-16 13:59:43,65,Slightly Distracted,Down,True,148,9.9
2026-08-16 13:59:44,65,Slightly Distracted,Down,True,148,9.9
2026-08-16 13:59:45,65,Slightly Distracted,Down,True,148,9.8
2026-08-16 13:59:46,65,Slightly Distracted,Down,True,148,9.8
2026-08-16 13:59:47,65,Slightly Distracted,Down,True,148,9.8
2026-08-16 13:59:48,65,Slightly Distracted,Down,True,148,9.8
2026-08-16 13:59:49,65,Slightly Distracted,Down,True,148,9.8
2026-08-16 13:59:50,65,Slightly Distracted,Down,True,148,9.8
2026-08-16 13:59:51,65,Slightly Distracted,Down,True,148,9.8
2026-08-16 13:59:52,65,Slightly Distracted,Down,True,148,9.8
2026-08-16 13:59:53,65,Slightly Distracted,Down,True,148,9.8
2026-08-16 13:59:54,64,Slightly Distracted,Down,True,148,9.7
2026-08-16 13:59:55,52,Slightly Distracted,Down,False,148,9.7
2026-08-16 13:59:56,45,Distracted,Down,False,148,9.7
2026-08-16 13:59:57,45,Distracted,Down,False,148,9.7
2026-08-16 13:59:58,56,Slightly Distracted,Down,True,149,9.8
2026-08-16 13:59:59,65,Slightly Distracted,Down,True,149,9.8
2026-08-16 14:00:00,65,Slightly Distracted,Down,True,149,9.7
2026-08-16 14:00:01,76,Attentive,Down,True,149,9.7
2026-08-16 14:00:02,82,Attentive,Down,True,149,9.7
2026-08-16 14:00:03,75,Attentive,Down,False,150,9.8
2026-08-16 14:00:04,45,Distracted,Down,False,150,9.8
2026-08-16 14:00:05,45,Distracted,Down,False,150,9.8
2026-08-16 14:00:07,45,Distracted,Down,False,150,9.7
2026-08-16 14:00:08,52,Slightly Distracted,Down,False,151,9.8
2026-08-16 14:00:09,61,Slightly Distracted,Down,True,153,9.9
2026-08-16 14:00:10,60,Slightly Distracted,Down,True,154,10.0
2026-08-16 14:00:11,65,Slightly Distracted,Down,True,154,10.0
2026-08-16 14:00:12,65,Slightly Distracted,Down,True,154,9.9
2026-08-16 14:00:13,54,Slightly Distracted,Down,True,155,10.0
2026-08-16 14:00:14,64,Slightly Distracted,Down,False,155,10.0
2026-08-16 14:00:15,48,Distracted,Down,False,155,10.0
2026-08-16 14:00:16,49,Distracted,Down,True,156,10.0
2026-08-16 14:00:17,46,Distracted,Down,False,156,10.0
2026-08-16 14:00:18,56,Slightly Distracted,Down,False,158,10.1
2026-08-16 14:00:19,52,Slightly Distracted,Down,True,160,10.3
2026-08-16 14:00:20,65,Slightly Distracted,Down,True,160,10.2
2026-08-16 14:00:21,63,Slightly Distracted,Down,True,160,10.2
2026-08-16 14:00:22,56,Slightly Distracted,Down,True,161,10.3
2026-08-16 14:00:23,65,Slightly Distracted,Down,True,161,10.3
2026-08-16 14:00:24,65,Slightly Distracted,Down,True,161,10.3
2026-08-16 14:00:25,60,Slightly Distracted,Down,False,161,10.3
2026-08-16 14:00:26,57,Slightly Distracted,Down,True,164,10.4
2026-08-16 14:00:27,64,Slightly Distracted,Down,True,164,10.4
2026-08-16 14:00:28,62,Slightly Distracted,Down,True,165,10.5
2026-08-16 14:00:29,65,Slightly Distracted,Down,True,165,10.5
2026-08-16 14:00:30,65,Slightly Distracted,Down,True,165,10.5
2026-08-16 14:00:31,63,Slightly Distracted,Down,True,166,10.5
2026-08-16 14:00:32,65,Slightly Distracted,Down,True,166,10.5
2026-08-16 14:00:33,65,Slightly Distracted,Down,True,166,10.5
2026-08-16 14:00:34,65,Slightly Distracted,Down,True,166,10.5
2026-08-16 14:00:35,65,Slightly Distracted,Down,True,166,10.5
2026-08-16 14:00:36,51,Slightly Distracted,Down,False,166,10.4
2026-08-16 14:00:37,45,Distracted,Down,False,166,10.4
2026-08-16 14:00:38,45,Distracted,Down,False,166,10.4
2026-08-16 14:00:39,45,Distracted,Down,False,166,10.4
2026-08-16 14:00:40,45,Distracted,Down,False,166,10.4
2026-08-16 14:00:41,45,Distracted,Down,False,166,10.4
2026-08-16 14:00:42,45,Distracted,Down,False,166,10.4
2026-08-16 14:00:43,45,Distracted,Down,False,166,10.4
2026-08-16 14:00:44,45,Distracted,Down,False,166,10.4
2026-08-16 14:00:45,45,Distracted,Down,False,166,10.3
2026-08-16 14:00:46,45,Distracted,Down,False,166,10.3
2026-08-16 14:00:47,45,Distracted,Down,False,166,10.3
2026-08-16 14:00:48,45,Distracted,Down,False,166,10.3
2026-08-16 14:00:49,45,Distracted,Down,False,166,10.3
2026-08-16 14:00:50,45,Distracted,Down,False,166,10.3
2026-08-16 14:00:51,45,Distracted,Down,False,166,10.3
2026-08-16 14:00:52,45,Distracted,Down,False,166,10.3
2026-08-16 14:00:53,45,Distracted,Down,False,166,10.3
2026-08-16 14:00:54,45,Distracted,Down,False,166,10.3
2026-08-16 14:00:56,48,Distracted,Down,False,167,10.3
2026-08-16 14:00:57,46,Distracted,Down,False,169,10.4
2026-08-16 14:00:58,49,Distracted,Down,False,170,10.5
2026-08-16 14:00:59,45,Distracted,Down,False,170,10.5
2026-08-16 14:01:00,65,Slightly Distracted,Down,True,171,10.5
2026-08-16 14:01:01,65,Slightly Distracted,Down,True,171,10.5
2026-08-16 14:01:02,55,Slightly Distracted,Down,True,172,10.5
2026-08-16 14:01:03,65,Slightly Distracted,Down,True,172,10.5
2026-08-16 14:01:04,65,Slightly Distracted,Down,True,172,10.5
2026-08-16 14:01:05,65,Slightly Distracted,Down,True,172,10.5
2026-08-16 14:01:06,65,Slightly Distracted,Down,True,172,10.5
2026-08-16 14:01:07,65,Slightly Distracted,Down,True,172,10.5
2026-08-16 14:01:08,65,Slightly Distracted,Down,True,172,10.5
2026-08-16 14:01:09,65,Slightly Distracted,Down,True,172,10.5
2026-08-16 14:01:10,65,Slightly Distracted,Down,True,172,10.5
2026-08-16 14:01:11,64,Slightly Distracted,Down,False,172,10.4
2026-08-16 14:01:12,60,Slightly Distracted,Down,True,174,10.6
2026-08-16 14:01:13,63,Slightly Distracted,Down,True,174,10.5
2026-08-16 14:01:14,65,Slightly Distracted,Down,True,174,10.5
2026-08-16 14:01:15,65,Slightly Distracted,Down,True,174,10.5
2026-08-16 14:01:16,65,Slightly Distracted,Down,True,174,10.5
2026-08-16 14:01:17,65,Slightly Distracted,Down,True,174,10.5
2026-08-16 14:01:18,65,Slightly Distracted,Down,True,174,10.5
2026-08-16 14:01:19,65,Slightly Distracted,Down,True,174,10.5
2026-08-16 14:01:20,62,Slightly Distracted,Down,True,174,10.5
2026-08-16 14:01:21,58,Slightly Distracted,Down,False,174,10.5
2026-08-16 14:01:22,57,Slightly Distracted,Down,True,175,10.5
2026-08-16 14:01:32,66,Slightly Distracted,Forward,False,175,10.4
2026-08-16 14:01:33,94,Highly Attentive,Forward,True,175,10.4
2026-08-16 14:01:34,91,Highly Attentive,Forward,True,175,10.4
2026-08-16 14:01:35,90,Highly Attentive,Forward,True,175,10.4
2026-08-16 14:01:36,90,Highly Attentive,Forward,True,175,10.4
2026-08-16 14:01:37,88,Highly Attentive,Forward,True,175,10.4
2026-08-16 14:01:38,92,Highly Attentive,Forward,True,175,10.3
2026-08-16 14:01:39,95,Highly Attentive,Forward,True,175,10.3
2026-08-16 14:01:40,98,Highly Attentive,Forward,True,175,10.3
2026-08-16 14:01:41,92,Highly Attentive,Forward,True,175,10.3
2026-08-16 14:01:42,98,Highly Attentive,Forward,True,175,10.3
2026-08-16 14:01:43,98,Highly Attentive,Forward,True,175,10.3
2026-08-16 14:01:44,95,Highly Attentive,Forward,True,175,10.3
2026-08-16 14:01:45,97,Highly Attentive,Forward,True,175,10.3
2026-08-16 14:01:46,92,Highly Attentive,Forward,True,175,10.3
2026-08-16 14:01:47,87,Highly Attentive,Forward,True,175,10.3
2026-08-16 14:01:48,95,Highly Attentive,Forward,True,175,10.2
2026-08-16 14:01:49,90,Highly Attentive,Forward,True,175,10.2
2026-08-16 14:01:50,96,Highly Attentive,Forward,True,175,10.2
2026-08-16 14:01:51,98,Highly Attentive,Forward,True,175,10.2
2026-08-16 14:01:52,93,Highly Attentive,Forward,True,175,10.2
2026-08-16 14:01:53,91,Highly Attentive,Forward,True,175,10.2
2026-08-16 14:01:54,90,Highly Attentive,Forward,True,175,10.2
2026-08-16 14:01:55,94,Highly Attentive,Forward,True,175,10.2
2026-08-16 14:01:56,86,Highly Attentive,Forward,True,175,10.2
2026-08-16 14:01:57,86,Highly Attentive,Forward,True,175,10.2
2026-08-16 14:01:58,86,Highly Attentive,Forward,True,175,10.1
2026-08-16 14:01:59,85,Highly Attentive,Forward,True,175,10.1
2026-08-16 14:02:00,86,Highly Attentive,Forward,True,175,10.1
2026-08-16 14:02:01,86,Highly Attentive,Forward,True,175,10.1
2026-08-16 14:02:02,90,Highly Attentive,Forward,True,175,10.1
2026-08-16 14:02:03,74,Attentive,Down,True,175,10.1
2026-08-16 14:02:04,65,Slightly Distracted,Down,True,175,10.1
2026-08-16 14:02:05,60,Slightly Distracted,Down,False,175,10.1
2026-08-16 14:02:06,45,Distracted,Down,False,175,10.1
2026-08-16 14:02:07,45,Distracted,Down,False,175,10.1
2026-08-16 14:02:08,54,Slightly Distracted,Down,True,177,10.2
2026-08-16 14:02:09,50,Slightly Distracted,Down,True,179,10.3
2026-08-16 14:02:10,46,Distracted,Down,False,179,10.3
2026-08-16 14:02:11,45,Distracted,Down,False,179,10.2
2026-08-16 14:02:12,45,Distracted,Down,False,179,10.2
2026-08-16 14:02:13,45,Distracted,Down,False,179,10.2
2026-08-16 14:02:14,50,Distracted,Forward,False,179,10.2
2026-08-16 14:02:15,56,Slightly Distracted,Down,True,182,10.4
2026-08-16 14:02:16,63,Slightly Distracted,Down,True,183,10.4
2026-08-16 14:02:17,60,Slightly Distracted,Down,True,184,10.5
2026-08-16 14:02:18,65,Slightly Distracted,Down,True,184,10.5
2026-08-16 14:02:19,48,Distracted,Down,False,185,10.5
2026-08-16 14:02:20,45,Distracted,Down,False,185,10.5
2026-08-16 14:02:22,45,Distracted,Down,False,185,10.5
2026-08-16 14:02:23,45,Distracted,Down,False,185,10.5
2026-08-16 14:02:24,45,Distracted,Down,False,185,10.5
2026-08-16 14:02:25,45,Distracted,Down,False,185,10.5
2026-08-16 14:02:26,45,Distracted,Down,False,185,10.4
2026-08-16 14:02:27,62,Slightly Distracted,Down,True,186,10.5
2026-08-16 14:02:28,63,Slightly Distracted,Down,False,186,10.5
2026-08-16 14:02:29,48,Distracted,Down,False,186,10.5
2026-08-16 14:02:30,46,Distracted,Down,False,187,10.5
2026-08-16 14:02:31,46,Distracted,Down,False,188,10.6
2026-08-16 14:02:32,59,Slightly Distracted,Down,False,189,10.6
2026-08-16 14:02:33,45,Distracted,Down,False,189,10.6
2026-08-16 14:02:34,45,Distracted,Down,False,189,10.6
2026-08-16 14:02:35,45,Distracted,Down,False,189,10.6
2026-08-16 14:02:36,45,Distracted,Down,False,189,10.6
2026-08-16 14:02:37,45,Distracted,Down,False,189,10.6
2026-08-16 14:02:38,45,Distracted,Down,False,189,10.6
2026-08-16 14:02:39,45,Distracted,Down,False,189,10.5
2026-08-16 14:02:40,48,Distracted,Down,False,190,10.6
2026-08-16 14:02:41,45,Distracted,Down,False,190,10.6
2026-08-16 14:02:42,45,Distracted,Down,False,190,10.6
2026-08-16 14:02:43,45,Distracted,Down,False,190,10.6
2026-08-16 14:02:44,45,Distracted,Down,False,190,10.5
2026-08-16 14:02:45,45,Distracted,Down,False,190,10.5
2026-08-16 14:02:46,45,Distracted,Down,False,190,10.5
2026-08-16 14:02:47,45,Distracted,Down,False,190,10.5
2026-08-16 14:02:48,45,Distracted,Down,False,190,10.5
2026-08-16 14:02:49,45,Distracted,Down,False,190,10.5
2026-08-16 14:02:50,45,Distracted,Down,False,190,10.5
2026-08-16 14:02:51,45,Distracted,Down,False,190,10.5
2026-08-16 14:02:52,45,Distracted,Down,False,190,10.5
2026-08-16 14:02:53,54,Slightly Distracted,Down,False,191,10.5
2026-08-16 14:02:54,45,Distracted,Down,False,191,10.5
2026-08-16 14:02:55,45,Distracted,Down,False,191,10.5
2026-08-16 14:02:56,45,Distracted,Down,False,191,10.5
2026-08-16 14:02:57,45,Distracted,Down,False,191,10.5
2026-08-16 14:02:58,45,Distracted,Down,False,191,10.5
2026-08-16 14:02:59,45,Distracted,Down,False,191,10.5
2026-08-16 14:03:00,45,Distracted,Down,False,191,10.4
2026-08-16 14:03:01,46,Distracted,Down,False,192,10.5
2026-08-16 14:03:02,64,Slightly Distracted,Down,True,192,10.5
2026-08-16 14:03:03,62,Slightly Distracted,Down,False,192,10.5
2026-08-16 14:03:04,48,Distracted,Down,True,194,10.6
2026-08-16 14:03:05,49,Distracted,Down,False,195,10.6
2026-08-16 14:03:06,46,Distracted,Down,False,196,10.7
2026-08-16 14:03:07,45,Distracted,Down,False,196,10.6
2026-08-16 14:03:08,46,Distracted,Down,False,198,10.7
2026-08-16 14:03:11,51,Slightly Distracted,Down,False,200,10.8
2026-08-16 14:03:12,54,Slightly Distracted,Down,False,201,10.9
2026-08-16 14:03:13,49,Distracted,Down,True,202,10.9
2026-08-16 14:03:14,50,Slightly Distracted,Down,False,203,11.0
2026-08-16 14:03:15,45,Distracted,Down,False,203,11.0
2026-08-16 14:03:16,50,Distracted,Down,False,204,11.0
2026-08-16 14:03:17,58,Slightly Distracted,Down,True,206,11.1
2026-08-16 14:03:18,62,Slightly Distracted,Down,False,206,11.1
2026-08-16 14:03:19,45,Distracted,Down,False,206,11.1
2026-08-16 14:03:20,45,Distracted,Down,False,206,11.1
2026-08-16 14:03:21,46,Distracted,Down,False,207,11.1
2026-08-16 14:03:22,45,Distracted,Down,False,207,11.1
2026-08-16 14:03:23,47,Distracted,Down,False,208,11.1
2026-08-16 14:03:24,45,Distracted,Down,False,208,11.1
2026-08-16 14:03:25,48,Distracted,Down,False,209,11.2
2026-08-16 14:03:26,59,Slightly Distracted,Forward,True,211,11.3
2026-08-16 14:03:27,78,Attentive,Forward,True,212,11.3
2026-08-16 14:03:28,100,Highly Attentive,Forward,True,212,11.3
2026-08-16 14:03:29,100,Highly Attentive,Forward,True,212,11.3
2026-08-16 14:03:30,100,Highly Attentive,Forward,True,212,11.3
2026-08-16 14:03:31,100,Highly Attentive,Forward,True,212,11.3
2026-08-16 14:03:32,100,Highly Attentive,Forward,True,212,11.3
2026-08-16 14:03:33,100,Highly Attentive,Forward,True,212,11.3
2026-08-16 14:03:34,100,Highly Attentive,Forward,True,212,11.2
2026-08-16 14:03:35,100,Highly Attentive,Forward,True,212,11.2
2026-08-16 14:03:36,100,Highly Attentive,Forward,True,212,11.2
2026-08-16 14:03:37,100,Highly Attentive,Forward,True,212,11.2
2026-08-16 14:03:38,100,Highly Attentive,Forward,True,212,11.2
2026-08-16 14:03:39,100,Highly Attentive,Forward,True,212,11.2
2026-08-16 14:03:40,100,Highly Attentive,Forward,True,212,11.2
2026-08-16 14:03:41,100,Highly Attentive,Forward,True,212,11.2
2026-08-16 14:03:42,100,Highly Attentive,Forward,True,212,11.2
2026-08-16 14:03:43,100,Highly Attentive,Forward,True,212,11.2
2026-08-16 14:03:44,100,Highly Attentive,Forward,True,212,11.1
2026-08-16 14:03:45,99,Highly Attentive,Down,True,212,11.1
2026-08-16 14:03:46,72,Attentive,Down,True,212,11.1
2026-08-16 14:03:47,88,Highly Attentive,Forward,True,212,11.1
2026-08-16 14:03:48,100,Highly Attentive,Forward,True,212,11.1
2026-08-16 14:03:50,100,Highly Attentive,Forward,True,212,11.1
2026-08-16 14:03:51,100,Highly Attentive,Forward,True,212,11.1
2026-08-16 14:03:52,100,Highly Attentive,Forward,True,212,11.1
2026-08-16 14:03:53,98,Highly Attentive,Forward,True,212,11.1
2026-08-16 14:03:54,100,Highly Attentive,Forward,True,212,11.1
2026-08-16 14:03:55,97,Highly Attentive,Forward,True,213,11.1
2026-08-16 14:03:56,96,Highly Attentive,Forward,True,214,11.1
2026-08-16 14:03:57,100,Highly Attentive,Forward,True,214,11.1
2026-08-16 14:03:58,93,Highly Attentive,Forward,True,215,11.2
2026-08-16 14:03:59,100,Highly Attentive,Forward,True,215,11.2
2026-08-16 14:04:00,95,Highly Attentive,Forward,True,216,11.2
2026-08-16 14:04:01,99,Highly Attentive,Forward,True,216,11.2
2026-08-16 14:04:02,100,Highly Attentive,Forward,True,216,11.2
2026-08-16 14:04:03,99,Highly Attentive,Forward,True,216,11.2
2026-08-16 14:04:04,100,Highly Attentive,Forward,True,216,11.2
2026-08-16 14:04:05,97,Highly Attentive,Forward,True,217,11.2
2026-08-16 14:04:06,97,Highly Attentive,Forward,True,218,11.2
2026-08-16 14:04:07,100,Highly Attentive,Forward,True,218,11.2
2026-08-16 14:04:08,95,Highly Attentive,Forward,True,219,11.3
2026-08-16 14:04:09,100,Highly Attentive,Forward,True,219,11.3
2026-08-16 14:04:10,97,Highly Attentive,Forward,True,220,11.3
2026-08-16 14:04:11,100,Highly Attentive,Forward,True,220,11.3
2026-08-16 14:04:12,100,Highly Attentive,Forward,True,220,11.3
2026-08-16 14:04:13,91,Highly Attentive,Forward,False,220,11.3
2026-08-16 14:04:14,88,Highly Attentive,Forward,True,221,11.3
2026-08-16 14:04:15,97,Highly Attentive,Forward,True,222,11.4
2026-08-16 14:04:16,100,Highly Attentive,Forward,True,222,11.4
2026-08-16 14:04:17,88,Highly Attentive,Forward,True,223,11.4
2026-08-16 14:04:18,100,Highly Attentive,Forward,True,223,11.4
2026-08-16 14:04:19,98,Highly Attentive,Forward,False,223,11.4
2026-08-16 14:04:20,99,Highly Attentive,Forward,True,224,11.4
2026-08-16 14:04:21,100,Highly Attentive,Forward,True,224,11.4
2026-08-16 14:04:22,100,Highly Attentive,Forward,True,224,11.4
2026-08-16 14:04:23,99,Highly Attentive,Forward,True,224,11.4
2026-08-16 14:04:24,100,Highly Attentive,Forward,True,224,11.4
2026-08-16 14:04:25,100,Highly Attentive,Forward,True,224,11.4
2026-08-16 14:04:26,100,Highly Attentive,Forward,True,224,11.4
2026-08-16 14:04:27,97,Highly Attentive,Forward,True,225,11.4
2026-08-16 14:04:28,100,Highly Attentive,Forward,True,225,11.4
2026-08-16 14:04:29,99,Highly Attentive,Forward,False,225,11.4
2026-08-16 14:04:30,85,Highly Attentive,Forward,False,227,11.5
2026-08-16 14:04:31,94,Highly Attentive,Forward,True,228,11.5
2026-08-16 14:04:32,99,Highly Attentive,Forward,True,228,11.5
2026-08-16 14:04:33,91,Highly Attentive,Forward,False,228,11.5
2026-08-16 14:04:34,77,Attentive,Forward,True,230,11.6
2026-08-16 14:04:35,90,Highly Attentive,Forward,True,233,11.7
2026-08-16 14:04:39,88,Highly Attentive,Forward,True,234,11.7
2026-08-16 14:04:40,87,Highly Attentive,Left,True,235,11.8
2026-08-16 14:04:41,62,Slightly Distracted,Forward,True,237,11.9
2026-08-16 14:04:42,99,Highly Attentive,Forward,False,237,11.9
2026-08-16 14:04:43,96,Highly Attentive,Forward,True,238,11.9
2026-08-16 14:04:44,94,Highly Attentive,Forward,True,238,11.9
2026-08-16 14:04:45,86,Highly Attentive,Forward,True,238,11.9
2026-08-16 14:04:46,91,Highly Attentive,Forward,False,239,11.9
2026-08-16 14:04:47,97,Highly Attentive,Forward,True,240,12.0
2026-08-16 14:04:48,94,Highly Attentive,Forward,False,241,12.0
2026-08-16 14:04:49,88,Highly Attentive,Forward,True,242,12.0
2026-08-16 14:04:50,99,Highly Attentive,Forward,True,242,12.0
2026-08-16 14:04:51,92,Highly Attentive,Forward,False,243,12.1
2026-08-16 14:04:53,93,Highly Attentive,Forward,True,246,12.2
2026-08-16 14:04:54,80,Attentive,Forward,False,246,12.2
2026-08-16 14:04:55,85,Attentive,Forward,True,247,12.2
2026-08-16 14:04:56,94,Highly Attentive,Forward,True,248,12.3
2026-08-16 14:04:57,99,Highly Attentive,Forward,True,248,12.3
2026-08-16 14:04:58,100,Highly Attentive,Forward,True,248,12.3
2026-08-16 14:04:59,96,Highly Attentive,Forward,True,248,12.2
2026-08-16 14:05:00,86,Highly Attentive,Forward,True,251,12.4
2026-08-16 14:05:01,95,Highly Attentive,Forward,True,252,12.4
2026-08-16 14:05:02,80,Attentive,Forward,False,252,12.4
2026-08-16 14:05:03,87,Highly Attentive,Forward,True,253,12.4
2026-08-16 14:05:04,100,Highly Attentive,Forward,True,253,12.4
2026-08-16 14:05:05,100,Highly Attentive,Forward,True,253,12.4
2026-08-16 14:05:06,100,Highly Attentive,Forward,True,253,12.4
2026-08-16 14:05:07,90,Highly Attentive,Forward,True,254,12.5
2026-08-16 14:05:08,85,Highly Attentive,Forward,False,254,12.4
2026-08-16 14:05:09,77,Attentive,Right,False,254,12.4
2026-08-16 14:05:10,92,Highly Attentive,Forward,True,255,12.5
2026-08-16 14:05:11,100,Highly Attentive,Forward,True,255,12.5
2026-08-16 14:05:12,98,Highly Attentive,Forward,True,256,12.5
2026-08-16 14:05:13,97,Highly Attentive,Forward,True,257,12.5
2026-08-16 14:05:14,99,Highly Attentive,Forward,True,257,12.5
2026-08-16 14:05:15,100,Highly Attentive,Forward,True,257,12.5
2026-08-16 14:05:16,100,Highly Attentive,Forward,True,257,12.5
2026-08-16 14:05:17,98,Highly Attentive,Forward,True,258,12.5
2026-08-16 14:05:18,100,Highly Attentive,Forward,True,258,12.5
2026-08-16 14:05:19,100,Highly Attentive,Forward,True,258,12.5
2026-08-16 14:05:20,100,Highly Attentive,Forward,True,258,12.5
2026-08-16 14:05:21,100,Highly Attentive,Forward,True,258,12.5
2026-08-16 14:05:22,100,Highly Attentive,Forward,True,258,12.5
2026-08-16 14:05:23,100,Highly Attentive,Forward,True,258,12.5
2026-08-16 14:05:24,100,Highly Attentive,Forward,True,258,12.5
2026-08-16 14:05:25,100,Highly Attentive,Forward,True,258,12.5
2026-08-16 14:05:26,100,Highly Attentive,Forward,True,258,12.5
2026-08-16 14:05:27,100,Highly Attentive,Forward,True,258,12.4
2026-08-16 14:05:28,100,Highly Attentive,Forward,True,258,12.4
2026-08-16 14:05:29,100,Highly Attentive,Forward,True,258,12.4
2026-08-16 14:05:30,100,Highly Attentive,Forward,True,258,12.4
2026-08-16 14:05:31,100,Highly Attentive,Forward,True,258,12.4
2026-08-16 14:05:32,100,Highly Attentive,Forward,True,258,12.4
2026-08-16 14:05:33,100,Highly Attentive,Forward,True,258,12.4
2026-08-16 14:05:34,97,Highly Attentive,Forward,True,259,12.4
2026-08-16 14:05:35,100,Highly Attentive,Forward,True,259,12.4
2026-08-16 14:05:36,100,Highly Attentive,Forward,True,259,12.4
2026-08-16 14:05:37,100,Highly Attentive,Forward,True,259,12.4
2026-08-16 14:05:39,100,Highly Attentive,Forward,True,259,12.4
2026-08-16 14:05:40,100,Highly Attentive,Forward,True,259,12.4
2026-08-16 14:05:41,100,Highly Attentive,Forward,True,259,12.4
2026-08-16 14:05:42,98,Highly Attentive,Forward,True,260,12.4
2026-08-16 14:05:43,97,Highly Attentive,Forward,True,261,12.4
2026-08-16 14:05:44,86,Highly Attentive,Left,True,262,12.5
2026-08-16 14:05:45,65,Slightly Distracted,Left,True,262,12.5
2026-08-16 14:05:46,72,Attentive,Down,True,264,12.5
2026-08-16 14:05:47,65,Slightly Distracted,Right,True,264,12.5
2026-08-16 14:05:48,90,Highly Attentive,Forward,True,265,12.6
2026-08-16 14:05:49,100,Highly Attentive,Forward,True,265,12.6
2026-08-16 14:05:50,97,Highly Attentive,Forward,True,266,12.6
2026-08-16 14:05:51,100,Highly Attentive,Forward,True,266,12.6
2026-08-16 14:05:52,100,Highly Attentive,Forward,True,266,12.6
2026-08-16 14:05:53,100,Highly Attentive,Forward,True,266,12.6
2026-08-16 14:05:54,90,Highly Attentive,Forward,False,267,12.6
2026-08-16 14:05:55,83,Attentive,Forward,True,269,12.7
2026-08-16 14:05:56,94,Highly Attentive,Forward,False,270,12.7
2026-08-16 14:05:57,100,Highly Attentive,Forward,True,271,12.8
2026-08-16 14:05:58,100,Highly Attentive,Forward,True,271,12.8
2026-08-16 14:05:59,100,Highly Attentive,Forward,True,271,12.7
2026-08-16 14:06:00,100,Highly Attentive,Forward,True,271,12.7
2026-08-16 14:06:01,100,Highly Attentive,Forward,True,271,12.7
2026-08-16 14:06:02,100,Highly Attentive,Forward,True,271,12.7
2026-08-16 14:06:03,100,Highly Attentive,Forward,True,271,12.7
2026-08-16 14:06:04,98,Highly Attentive,Forward,True,272,12.7
2026-08-16 14:06:05,98,Highly Attentive,Forward,True,273,12.8
2026-08-16 14:06:06,97,Highly Attentive,Forward,True,274,12.8
2026-08-16 14:06:07,93,Highly Attentive,Forward,True,275,12.8
2026-08-16 14:06:08,100,Highly Attentive,Forward,True,275,12.8
2026-08-16 14:06:09,100,Highly Attentive,Forward,True,275,12.8
2026-08-16 14:06:10,96,Highly Attentive,Forward,True,275,12.8
2026-08-16 14:06:11,85,Highly Attentive,Forward,True,275,12.8
2026-08-16 14:06:12,84,Attentive,Forward,True,275,12.8
2026-08-16 14:06:13,85,Highly Attentive,Forward,True,275,12.8
2026-08-16 14:06:14,85,Highly Attentive,Forward,True,275,12.8
2026-08-16 14:06:15,98,Highly Attentive,Forward,True,275,12.8
2026-08-16 14:06:16,100,Highly Attentive,Forward,True,275,12.8
2026-08-16 14:06:17,100,Highly Attentive,Forward,True,275,12.7
2026-08-16 14:06:18,99,Highly Attentive,Forward,True,275,12.7
2026-08-16 14:06:19,100,Highly Attentive,Forward,True,275,12.7
2026-08-16 14:06:20,99,Highly Attentive,Forward,True,275,12.7
2026-08-16 14:06:21,98,Highly Attentive,Forward,True,276,12.8
2026-08-16 14:06:22,99,Highly Attentive,Forward,True,276,12.7
2026-08-16 14:06:23,99,Highly Attentive,Forward,True,276,12.7
2026-08-16 14:06:24,99,Highly Attentive,Forward,False,276,12.7
2026-08-16 14:06:25,97,Highly Attentive,Forward,True,277,12.8
2026-08-16 14:06:27,99,Highly Attentive,Forward,True,277,12.7
2026-08-16 14:06:28,97,Highly Attentive,Forward,True,278,12.8
2026-08-16 14:06:29,100,Highly Attentive,Forward,True,278,12.8
2026-08-16 14:06:30,100,Highly Attentive,Forward,True,278,12.8
2026-08-16 14:06:31,95,Highly Attentive,Forward,True,280,12.8
2026-08-16 14:06:32,97,Highly Attentive,Forward,True,281,12.9
2026-08-16 14:06:33,80,Attentive,Left,True,281,12.9
2026-08-16 14:06:34,65,Slightly Distracted,Left,True,281,12.9
2026-08-16 14:06:35,77,Attentive,Forward,False,281,12.9
2026-08-16 14:06:36,96,Highly Attentive,Forward,True,283,12.9
2026-08-16 14:06:37,98,Highly Attentive,Forward,True,283,12.9
2026-08-16 14:06:38,94,Highly Attentive,Forward,True,284,13.0
2026-08-16 14:06:39,100,Highly Attentive,Forward,True,284,13.0
2026-08-16 14:06:40,99,Highly Attentive,Forward,True,284,12.9
2026-08-16 14:06:41,80,Attentive,Left,True,284,12.9
2026-08-16 14:06:42,63,Slightly Distracted,Left,True,285,13.0
2026-08-16 14:06:43,96,Highly Attentive,Forward,True,285,13.0
2026-08-16 14:06:44,100,Highly Attentive,Forward,True,285,12.9
2026-08-16 14:06:45,97,Highly Attentive,Forward,True,286,13.0
2026-08-16 14:06:46,100,Highly Attentive,Forward,True,286,13.0
2026-08-16 14:06:47,99,Highly Attentive,Left,True,286,13.0
2026-08-16 14:06:48,92,Highly Attentive,Forward,True,286,13.0
2026-08-16 14:06:49,96,Highly Attentive,Forward,True,287,13.0
2026-08-16 14:06:50,81,Attentive,Forward,True,287,13.0
2026-08-16 14:06:51,100,Highly Attentive,Forward,True,287,13.0
2026-08-16 14:06:52,79,Attentive,Left,True,287,13.0
2026-08-16 14:06:53,70,Slightly Distracted,Left,True,287,12.9
2026-08-16 14:06:54,72,Attentive,Left,True,287,12.9
2026-08-16 14:06:55,64,Slightly Distracted,Left,True,287,12.9
2026-08-16 14:06:56,64,Slightly Distracted,Left,True,287,12.9
2026-08-16 14:06:58,93,Highly Attentive,Forward,True,287,12.9
2026-08-16 14:06:59,100,Highly Attentive,Forward,True,287,12.9
2026-08-16 14:07:00,100,Highly Attentive,Forward,True,287,12.9
2026-08-16 14:07:01,100,Highly Attentive,Forward,True,287,12.9
2026-08-16 14:07:02,100,Highly Attentive,Forward,True,287,12.9
2026-08-16 14:07:03,100,Highly Attentive,Forward,True,287,12.9
2026-08-16 14:07:04,100,Highly Attentive,Forward,True,287,12.8
2026-08-16 14:07:05,98,Highly Attentive,Forward,True,288,12.9
2026-08-16 14:07:06,100,Highly Attentive,Forward,True,288,12.9
2026-08-16 14:07:07,98,Highly Attentive,Forward,True,289,12.9
2026-08-16 14:07:08,100,Highly Attentive,Forward,True,289,12.9
2026-08-16 14:07:09,96,Highly Attentive,Forward,True,291,13.0
2026-08-16 14:07:10,99,Highly Attentive,Forward,True,291,13.0
2026-08-16 14:07:11,100,Highly Attentive,Forward,True,291,13.0
2026-08-16 14:07:12,100,Highly Attentive,Forward,True,291,12.9
2026-08-16 14:07:13,100,Highly Attentive,Forward,True,291,12.9
2026-08-16 14:07:14,100,Highly Attentive,Forward,True,291,12.9
2026-08-16 14:07:15,99,Highly Attentive,Forward,True,291,12.9
2026-08-16 14:07:16,100,Highly Attentive,Forward,True,291,12.9
2026-08-16 14:07:17,100,Highly Attentive,Forward,True,291,12.9
2026-08-16 14:07:18,97,Highly Attentive,Forward,True,292,12.9
2026-08-16 14:07:19,100,Highly Attentive,Forward,True,292,12.9
2026-08-16 14:07:20,100,Highly Attentive,Forward,True,292,12.9
2026-08-16 14:07:21,100,Highly Attentive,Forward,True,292,12.9
2026-08-16 14:07:22,100,Highly Attentive,Forward,True,292,12.9
2026-08-16 14:07:23,100,Highly Attentive,Forward,True,292,12.9
2026-08-16 14:07:24,93,Highly Attentive,Forward,True,293,12.9
2026-08-16 14:07:25,100,Highly Attentive,Forward,True,293,12.9
2026-08-16 14:07:26,100,Highly Attentive,Forward,True,293,12.9
2026-08-16 14:07:27,100,Highly Attentive,Forward,True,293,12.9
2026-08-16 14:07:28,100,Highly Attentive,Forward,True,293,12.9
2026-08-16 14:07:29,100,Highly Attentive,Forward,True,293,12.9
2026-08-16 14:07:30,100,Highly Attentive,Forward,True,293,12.9
2026-08-16 14:07:31,100,Highly Attentive,Forward,True,293,12.8
2026-08-16 14:07:32,100,Highly Attentive,Forward,True,293,12.8
2026-08-16 14:07:33,100,Highly Attentive,Forward,True,293,12.8
2026-08-16 14:07:34,100,Highly Attentive,Forward,True,293,12.8
2026-08-16 14:07:35,98,Highly Attentive,Forward,True,294,12.9
2026-08-16 14:07:36,81,Attentive,Left,True,294,12.8
2026-08-16 14:07:37,65,Slightly Distracted,Left,True,294,12.8
2026-08-16 14:07:38,60,Slightly Distracted,Left,False,295,12.9
2026-08-16 14:07:39,76,Attentive,Forward,True,297,12.9
2026-08-16 14:07:40,100,Highly Attentive,Forward,True,297,12.9
2026-08-16 14:07:41,100,Highly Attentive,Forward,True,297,12.9
2026-08-16 14:07:42,100,Highly Attentive,Forward,True,297,12.9
2026-08-16 14:07:43,100,Highly Attentive,Forward,True,297,12.9
2026-08-16 14:07:44,99,Highly Attentive,Forward,True,297,12.9
2026-08-16 14:07:45,100,Highly Attentive,Forward,True,297,12.9
2026-08-16 14:07:47,100,Highly Attentive,Forward,True,297,12.9
2026-08-16 14:07:48,95,Highly Attentive,Forward,False,297,12.9
2026-08-16 14:07:49,87,Highly Attentive,Forward,True,299,12.9
2026-08-16 14:07:50,100,Highly Attentive,Forward,True,299,12.9
2026-08-16 14:07:51,99,Highly Attentive,Forward,True,299,12.9
2026-08-16 14:07:52,100,Highly Attentive,Forward,True,299,12.9
2026-08-16 14:07:53,99,Highly Attentive,Forward,False,299,12.9
2026-08-16 14:07:54,96,Highly Attentive,Forward,True,300,12.9
2026-08-16 14:07:55,65,Slightly Distracted,Right,True,301,13.0
2026-08-16 14:08:49,64,Slightly Distracted,Forward,True,301,12.5
2026-08-16 14:08:50,80,Attentive,Forward,True,301,12.5
2026-08-16 14:08:51,88,Highly Attentive,Forward,False,301,12.5
2026-08-16 14:08:52,77,Attentive,Forward,False,301,12.5
2026-08-16 14:08:53,80,Attentive,Forward,False,301,12.5
2026-08-16 14:08:54,80,Attentive,Forward,False,301,12.4
2026-08-16 14:08:55,80,Attentive,Forward,False,301,12.4
2026-08-16 14:08:56,80,Attentive,Forward,False,301,12.4
2026-08-16 14:08:57,80,Attentive,Forward,False,301,12.4
2026-08-16 14:08:58,80,Attentive,Forward,False,301,12.4
2026-08-16 14:08:59,80,Attentive,Forward,False,301,12.4
2026-08-16 14:09:00,80,Attentive,Forward,False,301,12.4
2026-08-16 14:09:01,81,Attentive,Forward,False,302,12.4
2026-08-16 14:09:02,80,Attentive,Forward,False,302,12.4
2026-08-16 14:09:03,80,Attentive,Forward,False,302,12.4
2026-08-16 14:09:04,80,Attentive,Forward,False,302,12.4
2026-08-16 14:09:05,80,Attentive,Forward,False,302,12.4
2026-08-16 14:09:06,80,Attentive,Forward,False,302,12.4
2026-08-16 14:09:07,80,Attentive,Forward,False,302,12.4
2026-08-16 14:09:08,80,Attentive,Forward,False,302,12.4
2026-08-16 14:09:09,85,Highly Attentive,Forward,False,303,12.4
2026-08-16 14:09:11,80,Attentive,Forward,False,303,12.4
2026-08-16 14:09:12,80,Attentive,Forward,False,303,12.4
2026-08-16 14:09:13,80,Attentive,Forward,False,303,12.4
2026-08-16 14:09:14,80,Attentive,Forward,False,303,12.4
2026-08-16 14:09:15,81,Attentive,Forward,True,304,12.4
2026-08-16 14:09:16,85,Highly Attentive,Forward,True,304,12.4
2026-08-16 14:09:17,85,Highly Attentive,Forward,True,304,12.4
2026-08-16 14:09:18,86,Highly Attentive,Forward,True,304,12.4
2026-08-16 14:09:19,87,Highly Attentive,Forward,True,304,12.4
2026-08-16 14:09:20,82,Attentive,Forward,False,305,12.4
2026-08-16 14:09:21,87,Highly Attentive,Forward,True,306,12.4
2026-08-16 14:09:22,90,Highly Attentive,Forward,True,306,12.4
2026-08-16 14:09:23,92,Highly Attentive,Forward,False,307,12.4
2026-08-16 14:09:24,93,Highly Attentive,Forward,True,308,12.5
2026-08-16 14:09:25,90,Highly Attentive,Forward,True,308,12.5
2026-08-16 14:09:26,92,Highly Attentive,Forward,True,308,12.5
2026-08-16 14:09:27,92,Highly Attentive,Forward,True,308,12.5
2026-08-16 14:09:28,85,Highly Attentive,Forward,True,308,12.4
2026-08-16 14:09:29,86,Highly Attentive,Forward,True,309,12.5
2026-08-16 14:09:30,92,Highly Attentive,Forward,True,309,12.5
2026-08-16 14:09:31,86,Highly Attentive,Forward,False,309,12.5
2026-08-16 14:09:32,64,Slightly Distracted,Right,True,310,12.5
2026-08-16 14:09:33,75,Attentive,Forward,False,311,12.5
2026-08-16 14:09:34,76,Attentive,Left,False,312,12.6
2026-08-16 14:09:35,97,Highly Attentive,Forward,True,313,12.6
2026-08-16 14:09:36,81,Attentive,Left,True,313,12.6
2026-08-16 14:09:37,87,Highly Attentive,Forward,True,313,12.6
2026-08-16 14:09:38,100,Highly Attentive,Forward,True,313,12.6
2026-08-16 14:09:39,100,Highly Attentive,Forward,True,313,12.6
2026-08-16 14:09:40,99,Highly Attentive,Forward,True,313,12.5
2026-08-16 14:09:41,97,Highly Attentive,Forward,True,314,12.6
2026-08-16 14:09:42,97,Highly Attentive,Forward,True,315,12.6
2026-08-16 14:09:43,100,Highly Attentive,Forward,True,315,12.6
2026-08-16 14:09:44,98,Highly Attentive,Forward,True,316,12.6
2026-08-16 14:09:45,100,Highly Attentive,Forward,True,316,12.6
2026-08-16 14:09:46,97,Highly Attentive,Forward,True,317,12.7
2026-08-16 14:09:47,100,Highly Attentive,Forward,True,317,12.6
2026-08-16 14:09:48,99,Highly Attentive,Forward,True,317,12.6
2026-08-16 14:09:49,100,Highly Attentive,Forward,True,317,12.6
2026-08-16 14:09:50,100,Highly Attentive,Forward,True,317,12.6
2026-08-16 14:09:51,64,Slightly Distracted,Left,False,318,12.6
2026-08-16 14:09:52,45,Distracted,Left,False,318,12.6
2026-08-16 14:09:53,91,Highly Attentive,Forward,True,320,12.7
2026-08-16 14:09:54,95,Highly Attentive,Forward,True,322,12.8
2026-08-16 14:09:55,100,Highly Attentive,Forward,True,322,12.8
2026-08-16 14:09:56,100,Highly Attentive,Forward,True,322,12.8
2026-08-16 14:09:57,100,Highly Attentive,Forward,True,322,12.8
2026-08-16 14:09:58,100,Highly Attentive,Forward,True,322,12.7
2026-08-16 14:09:59,100,Highly Attentive,Forward,True,322,12.7
2026-08-16 14:10:01,100,Highly Attentive,Forward,True,322,12.7
2026-08-16 14:10:02,100,Highly Attentive,Forward,True,322,12.7
2026-08-16 14:10:03,100,Highly Attentive,Forward,True,322,12.7
2026-08-16 14:10:04,97,Highly Attentive,Forward,True,323,12.7
2026-08-16 14:10:05,97,Highly Attentive,Forward,True,324,12.8
2026-08-16 14:10:06,100,Highly Attentive,Forward,True,324,12.8
2026-08-16 14:10:07,93,Highly Attentive,Forward,True,326,12.8
2026-08-16 14:10:08,82,Attentive,Left,True,326,12.8
2026-08-16 14:10:09,67,Slightly Distracted,Down,True,326,12.8
2026-08-16 14:10:10,82,Attentive,Down,True,326,12.8
2026-08-16 14:10:11,73,Attentive,Forward,True,326,12.8
2026-08-16 14:10:12,80,Attentive,Left,True,326,12.8
2026-08-16 14:10:13,65,Slightly Distracted,Left,True,326,12.8
2026-08-16 14:10:14,65,Slightly Distracted,Left,True,326,12.8
2026-08-16 14:10:15,65,Slightly Distracted,Left,True,326,12.8
2026-08-16 14:10:16,74,Attentive,Forward,True,326,12.8
2026-08-16 14:10:17,99,Highly Attentive,Forward,True,326,12.8
2026-08-16 14:10:18,98,Highly Attentive,Forward,True,327,12.8
2026-08-16 14:10:19,100,Highly Attentive,Forward,True,327,12.8
2026-08-16 14:10:20,100,Highly Attentive,Forward,True,327,12.8
2026-08-16 14:10:21,100,Highly Attentive,Forward,True,327,12.8
2026-08-16 14:10:22,100,Highly Attentive,Forward,True,327,12.7
2026-08-16 14:10:23,100,Highly Attentive,Forward,True,327,12.7
2026-08-16 14:10:24,100,Highly Attentive,Forward,True,327,12.7
2026-08-16 14:10:25,100,Highly Attentive,Forward,True,327,12.7
2026-08-16 14:10:26,100,Highly Attentive,Forward,True,327,12.7
2026-08-16 14:10:27,100,Highly Attentive,Forward,True,327,12.7
2026-08-16 14:10:28,100,Highly Attentive,Forward,True,327,12.7
2026-08-16 14:10:29,100,Highly Attentive,Forward,True,327,12.7
2026-08-16 14:10:30,100,Highly Attentive,Forward,True,327,12.7
2026-08-16 14:10:31,100,Highly Attentive,Forward,True,327,12.7
2026-08-16 14:10:32,100,Highly Attentive,Forward,True,327,12.7
2026-08-16 14:10:33,100,Highly Attentive,Forward,True,327,12.7
2026-08-16 14:10:34,100,Highly Attentive,Forward,True,327,12.6
2026-08-16 14:10:35,100,Highly Attentive,Forward,True,327,12.6
2026-08-16 14:10:36,99,Highly Attentive,Forward,True,327,12.6
2026-08-16 14:10:37,99,Highly Attentive,Forward,True,327,12.6
2026-08-16 14:10:38,100,Highly Attentive,Forward,True,327,12.6
2026-08-16 14:10:39,100,Highly Attentive,Forward,True,327,12.6
2026-08-16 14:10:40,100,Highly Attentive,Forward,True,327,12.6
2026-08-16 14:10:41,100,Highly Attentive,Forward,True,327,12.6
2026-08-16 14:10:42,100,Highly Attentive,Forward,True,327,12.6
2026-08-16 14:10:43,100,Highly Attentive,Forward,True,327,12.6
2026-08-16 14:10:44,100,Highly Attentive,Forward,True,327,12.6
2026-08-16 14:10:45,100,Highly Attentive,Forward,True,327,12.6
2026-08-16 14:10:46,100,Highly Attentive,Forward,True,327,12.5
2026-08-16 14:10:47,100,Highly Attentive,Forward,True,327,12.5
2026-08-16 14:10:48,100,Highly Attentive,Forward,True,327,12.5
2026-08-16 14:10:49,100,Highly Attentive,Forward,True,327,12.5
2026-08-16 14:10:51,100,Highly Attentive,Forward,True,327,12.5
2026-08-16 14:10:52,100,Highly Attentive,Forward,True,327,12.5
2026-08-16 14:10:53,100,Highly Attentive,Forward,True,327,12.5
2026-08-16 14:10:54,100,Highly Attentive,Forward,True,327,12.5
2026-08-16 14:10:55,100,Highly Attentive,Forward,True,327,12.5
2026-08-16 14:10:56,100,Highly Attentive,Forward,True,327,12.5
2026-08-16 14:10:57,100,Highly Attentive,Forward,True,327,12.5
2026-08-16 14:10:58,100,Highly Attentive,Forward,True,327,12.5
2026-08-16 14:10:59,100,Highly Attentive,Forward,True,327,12.5
2026-08-16 14:11:00,100,Highly Attentive,Forward,True,327,12.4
2026-08-16 14:11:01,100,Highly Attentive,Forward,True,327,12.4
2026-08-16 14:11:02,100,Highly Attentive,Forward,True,327,12.4
2026-08-16 14:11:03,100,Highly Attentive,Forward,True,327,12.4
2026-08-16 14:11:04,100,Highly Attentive,Forward,True,327,12.4
2026-08-16 14:11:05,99,Highly Attentive,Forward,True,327,12.4
2026-08-16 14:11:06,100,Highly Attentive,Forward,True,327,12.4
2026-08-16 14:11:07,98,Highly Attentive,Forward,True,327,12.4
2026-08-16 14:11:08,93,Highly Attentive,Forward,True,327,12.4
2026-08-16 14:11:09,100,Highly Attentive,Forward,True,327,12.4
2026-08-16 14:11:10,100,Highly Attentive,Forward,True,327,12.4
2026-08-16 14:11:11,100,Highly Attentive,Forward,True,327,12.4
2026-08-16 14:11:12,100,Highly Attentive,Forward,True,327,12.3
2026-08-16 14:11:13,100,Highly Attentive,Forward,True,327,12.3
2026-08-16 14:11:14,98,Highly Attentive,Forward,True,328,12.4
2026-08-16 14:11:15,78,Attentive,Down,True,328,12.4
2026-08-16 14:11:16,65,Slightly Distracted,Down,True,328,12.4
2026-08-16 14:11:17,96,Highly Attentive,Forward,True,328,12.3
2026-08-16 14:11:18,100,Highly Attentive,Forward,True,328,12.3
2026-08-16 14:11:19,97,Highly Attentive,Forward,True,329,12.4
2026-08-16 14:11:20,100,Highly Attentive,Forward,True,329,12.4
2026-08-16 14:11:21,100,Highly Attentive,Forward,True,329,12.4
2026-08-16 14:11:22,66,Slightly Distracted,Left,True,329,12.3
2026-08-16 14:11:23,65,Slightly Distracted,Down,True,329,12.3
2026-08-16 14:11:24,65,Slightly Distracted,Down,True,329,12.3
2026-08-16 14:11:25,65,Slightly Distracted,Left,True,329,12.3
2026-08-16 14:11:26,65,Slightly Distracted,Left,True,329,12.3
2026-08-16 14:11:27,65,Slightly Distracted,Down,True,329,12.3
2026-08-16 14:11:28,65,Slightly Distracted,Down,True,329,12.3
2026-08-16 14:11:29,65,Slightly Distracted,Down,True,329,12.3
2026-08-16 14:11:30,65,Slightly Distracted,Left,True,329,12.3
2026-08-16 14:11:31,65,Slightly Distracted,Down,True,329,12.3
2026-08-16 14:11:32,65,Slightly Distracted,Down,True,329,12.3
2026-08-16 14:11:33,65,Slightly Distracted,Down,True,329,12.3
2026-08-16 14:11:40,65,Slightly Distracted,Left,True,329,12.2
2026-08-16 14:11:41,65,Slightly Distracted,Left,True,329,12.2
2026-08-16 14:11:42,68,Slightly Distracted,Down,True,332,12.3
2026-08-16 14:11:43,61,Slightly Distracted,Left,True,334,12.4
2026-08-16 14:11:44,73,Attentive,Down,False,335,12.4
2026-08-16 14:11:45,82,Attentive,Forward,True,335,12.4
2026-08-16 14:11:46,100,Highly Attentive,Forward,True,335,12.4
2026-08-16 14:11:47,100,Highly Attentive,Forward,True,335,12.4
2026-08-16 14:11:48,80,Attentive,Left,True,336,12.4
2026-08-16 14:11:49,99,Highly Attentive,Forward,True,336,12.4
2026-08-16 14:11:50,100,Highly Attentive,Forward,True,336,12.4
2026-08-16 14:11:51,100,Highly Attentive,Forward,True,336,12.4
2026-08-16 14:11:52,100,Highly Attentive,Forward,True,336,12.4
2026-08-16 14:11:53,100,Highly Attentive,Forward,True,336,12.4
2026-08-16 14:11:54,84,Attentive,Forward,False,336,12.4
2026-08-16 14:11:55,89,Highly Attentive,Forward,True,338,12.4
2026-08-16 14:11:56,81,Attentive,Forward,False,338,12.4
2026-08-16 14:11:57,80,Attentive,Forward,False,338,12.4
2026-08-16 14:11:58,80,Attentive,Forward,False,338,12.4
2026-08-16 14:11:59,80,Attentive,Forward,False,338,12.4
2026-08-16 14:12:00,95,Highly Attentive,Forward,True,339,12.4
2026-08-16 14:12:01,93,Highly Attentive,Forward,True,340,12.5
2026-08-16 14:12:02,100,Highly Attentive,Forward,True,340,12.4
2026-08-16 14:12:03,83,Attentive,Forward,False,340,12.4
2026-08-16 14:12:04,89,Highly Attentive,Forward,True,341,12.5
2026-08-16 14:12:05,100,Highly Attentive,Forward,True,341,12.5
2026-08-16 14:12:06,99,Highly Attentive,Forward,True,341,12.5
2026-08-16 14:12:07,84,Attentive,Down,True,341,12.4
2026-08-16 14:12:08,63,Slightly Distracted,Down,True,343,12.5
2026-08-16 14:12:09,66,Slightly Distracted,Down,True,343,12.5
2026-08-16 14:12:10,65,Slightly Distracted,Down,True,343,12.5
2026-08-16 14:12:11,65,Slightly Distracted,Down,True,343,12.5
2026-08-16 14:12:12,84,Attentive,Down,True,343,12.5
2026-08-16 14:12:13,77,Attentive,Forward,True,344,12.5
2026-08-16 14:12:14,100,Highly Attentive,Forward,True,344,12.5
2026-08-16 14:12:15,80,Attentive,Down,True,344,12.5
2026-08-16 14:12:16,65,Slightly Distracted,Down,True,344,12.5
2026-08-16 14:12:17,67,Slightly Distracted,Down,True,344,12.5
2026-08-16 14:12:18,65,Slightly Distracted,Down,True,344,12.5
2026-08-16 14:12:19,100,Highly Attentive,Forward,True,344,12.5
2026-08-16 14:12:20,84,Attentive,Forward,True,345,12.5
2026-08-16 14:12:21,100,Highly Attentive,Forward,True,345,12.5
2026-08-16 14:12:22,92,Highly Attentive,Down,True,347,12.5
2026-08-16 14:12:23,65,Slightly Distracted,Down,True,347,12.5
2026-08-16 14:12:24,65,Slightly Distracted,Down,True,347,12.5
2026-08-16 14:12:26,65,Slightly Distracted,Down,True,347,12.5
2026-08-16 14:12:27,65,Slightly Distracted,Down,True,347,12.5
2026-08-16 14:12:28,63,Slightly Distracted,Down,False,347,12.5
2026-08-16 14:12:29,61,Slightly Distracted,Down,True,349,12.6
2026-08-16 14:12:30,65,Slightly Distracted,Down,True,349,12.6
2026-08-16 14:12:31,65,Slightly Distracted,Down,True,349,12.6
2026-08-16 14:12:32,51,Slightly Distracted,Down,False,349,12.5
2026-08-16 14:12:33,59,Slightly Distracted,Down,True,350,12.6
2026-08-16 14:12:34,84,Attentive,Forward,True,351,12.6
2026-08-16 14:12:35,100,Highly Attentive,Forward,True,351,12.6
2026-08-16 14:12:36,100,Highly Attentive,Forward,True,351,12.6
2026-08-16 14:12:37,100,Highly Attentive,Forward,True,351,12.6
2026-08-16 14:12:38,100,Highly Attentive,Forward,True,351,12.6
2026-08-16 14:12:39,97,Highly Attentive,Forward,True,352,12.6
2026-08-16 14:12:40,100,Highly Attentive,Forward,True,352,12.6
2026-08-16 14:12:41,95,Highly Attentive,Forward,True,354,12.7
2026-08-16 14:12:42,100,Highly Attentive,Forward,True,354,12.7
2026-08-16 14:12:43,98,Highly Attentive,Forward,True,355,12.7
2026-08-16 14:12:44,85,Attentive,Left,False,355,12.7
2026-08-16 14:12:45,45,Distracted,Left,False,355,12.7
2026-08-16 14:12:46,45,Distracted,Left,False,355,12.7
2026-08-16 14:12:47,54,Slightly Distracted,Left,False,358,12.8
2026-08-16 14:12:48,64,Slightly Distracted,Left,True,359,12.8
2026-08-16 14:12:49,70,Attentive,Forward,False,360,12.8
2026-08-16 14:12:50,81,Attentive,Forward,False,361,12.8
2026-08-16 14:12:51,93,Highly Attentive,Forward,True,362,12.9
2026-08-16 14:12:52,87,Highly Attentive,Forward,True,363,12.9
2026-08-16 14:12:53,90,Highly Attentive,Forward,False,364,12.9
2026-08-16 14:12:54,80,Attentive,Forward,False,364,12.9
2026-08-16 14:12:55,91,Highly Attentive,Forward,True,365,12.9
2026-08-16 14:12:56,97,Highly Attentive,Forward,True,366,13.0
2026-08-16 14:12:57,98,Highly Attentive,Forward,True,367,13.0
2026-08-16 14:12:58,100,Highly Attentive,Forward,True,367,13.0
2026-08-16 14:12:59,100,Highly Attentive,Forward,True,367,13.0
2026-08-16 14:13:00,100,Highly Attentive,Forward,True,367,13.0
2026-08-16 14:13:01,100,Highly Attentive,Forward,True,367,13.0
2026-08-16 14:13:02,100,Highly Attentive,Forward,True,367,13.0
2026-08-16 14:13:03,100,Highly Attentive,Forward,True,367,13.0
2026-08-16 14:13:04,100,Highly Attentive,Forward,True,367,12.9
2026-08-16 14:13:05,100,Highly Attentive,Forward,True,367,12.9
2026-08-16 14:13:06,100,Highly Attentive,Forward,True,367,12.9
2026-08-16 14:13:07,100,Highly Attentive,Forward,True,367,12.9
2026-08-16 14:13:08,100,Highly Attentive,Forward,True,367,12.9
2026-08-16 14:13:09,100,Highly Attentive,Forward,True,367,12.9
2026-08-16 14:13:10,100,Highly Attentive,Forward,True,367,12.9
2026-08-16 14:13:11,100,Highly Attentive,Forward,True,367,12.9
2026-08-16 14:13:12,100,Highly Attentive,Forward,True,367,12.9
2026-08-16 14:13:13,100,Highly Attentive,Forward,True,367,12.9
2026-08-16 14:13:15,98,Highly Attentive,Forward,True,368,12.9
2026-08-16 14:13:16,100,Highly Attentive,Forward,True,368,12.9
2026-08-16 14:13:17,100,Highly Attentive,Forward,True,368,12.9
2026-08-16 14:13:18,100,Highly Attentive,Forward,True,368,12.9
2026-08-16 14:13:19,97,Highly Attentive,Forward,True,369,12.9
2026-08-16 14:13:20,100,Highly Attentive,Forward,True,369,12.9
2026-08-16 14:13:21,98,Highly Attentive,Forward,True,370,12.9
2026-08-16 14:13:22,90,Highly Attentive,Right,True,370,12.9
2026-08-16 14:13:23,98,Highly Attentive,Forward,True,370,12.9
2026-08-16 14:13:24,100,Highly Attentive,Forward,True,370,12.9
2026-08-16 14:13:25,100,Highly Attentive,Forward,True,370,12.9
2026-08-16 14:13:26,100,Highly Attentive,Forward,True,370,12.9
2026-08-16 14:13:27,100,Highly Attentive,Forward,True,370,12.9
2026-08-16 14:13:28,100,Highly Attentive,Forward,True,370,12.9
2026-08-16 14:13:29,100,Highly Attentive,Forward,True,370,12.9
2026-08-16 14:13:30,99,Highly Attentive,Forward,True,370,12.9
2026-08-16 14:13:31,100,Highly Attentive,Forward,True,370,12.8
2026-08-16 14:13:32,100,Highly Attentive,Forward,True,370,12.8
2026-08-16 14:13:33,100,Highly Attentive,Forward,True,370,12.8
2026-08-16 14:13:34,100,Highly Attentive,Forward,True,370,12.8
2026-08-16 14:13:35,100,Highly Attentive,Forward,True,370,12.8
2026-08-16 14:13:36,100,Highly Attentive,Forward,True,370,12.8
2026-08-16 14:13:37,100,Highly Attentive,Forward,True,370,12.8
2026-08-16 14:13:38,100,Highly Attentive,Forward,True,370,12.8
2026-08-16 14:13:39,100,Highly Attentive,Forward,True,370,12.8
2026-08-16 14:13:40,94,Highly Attentive,Forward,False,371,12.8
2026-08-16 14:13:41,99,Highly Attentive,Forward,True,372,12.8
2026-08-16 14:13:42,100,Highly Attentive,Forward,True,372,12.8
2026-08-16 14:13:43,98,Highly Attentive,Forward,True,373,12.9
2026-08-16 14:13:44,100,Highly Attentive,Forward,True,373,12.9
2026-08-16 14:13:45,100,Highly Attentive,Forward,True,373,12.8
2026-08-16 14:13:46,100,Highly Attentive,Forward,True,373,12.8
2026-08-16 14:13:47,93,Highly Attentive,Down,True,373,12.8
2026-08-16 14:13:48,68,Slightly Distracted,Down,True,373,12.8
2026-08-16 14:13:49,97,Highly Attentive,Forward,True,373,12.8
2026-08-16 14:13:50,100,Highly Attentive,Forward,True,373,12.8
2026-08-16 14:13:51,100,Highly Attentive,Forward,True,373,12.8
2026-08-16 14:13:52,100,Highly Attentive,Forward,True,373,12.8
2026-08-16 14:13:53,99,Highly Attentive,Forward,True,373,12.8
2026-08-16 14:13:54,100,Highly Attentive,Forward,True,373,12.8
2026-08-16 14:13:55,100,Highly Attentive,Forward,True,373,12.8
2026-08-16 14:13:56,100,Highly Attentive,Forward,True,373,12.8
2026-08-16 14:13:57,100,Highly Attentive,Forward,True,373,12.8
2026-08-16 14:13:58,100,Highly Attentive,Forward,True,373,12.7
2026-08-16 14:13:59,100,Highly Attentive,Forward,True,373,12.7
2026-08-16 14:14:00,100,Highly Attentive,Forward,True,373,12.7
2026-08-16 14:14:01,78,Attentive,Left,True,373,12.7
2026-08-16 14:14:02,65,Slightly Distracted,Left,True,373,12.7
2026-08-16 14:14:03,88,Highly Attentive,Forward,True,373,12.7
2026-08-16 14:14:05,100,Highly Attentive,Forward,True,373,12.7
2026-08-16 14:14:06,96,Highly Attentive,Forward,True,375,12.8
2026-08-16 14:14:07,100,Highly Attentive,Forward,True,375,12.8
2026-08-16 14:14:08,100,Highly Attentive,Forward,True,375,12.8
2026-08-16 14:14:09,100,Highly Attentive,Forward,True,375,12.7
2026-08-16 14:14:10,100,Highly Attentive,Forward,True,375,12.7
2026-08-16 14:14:11,100,Highly Attentive,Forward,True,375,12.7
2026-08-16 14:14:12,100,Highly Attentive,Forward,True,375,12.7
2026-08-16 14:14:13,100,Highly Attentive,Forward,True,375,12.7
2026-08-16 14:14:14,100,Highly Attentive,Forward,True,375,12.7
2026-08-16 14:14:15,100,Highly Attentive,Forward,True,375,12.7
2026-08-16 14:14:16,100,Highly Attentive,Forward,True,375,12.7
2026-08-16 14:14:17,100,Highly Attentive,Forward,True,375,12.7
2026-08-16 14:14:18,100,Highly Attentive,Forward,True,375,12.7
2026-08-16 14:14:19,100,Highly Attentive,Forward,True,375,12.7
2026-08-16 14:14:20,100,Highly Attentive,Forward,True,375,12.7
2026-08-16 14:14:21,100,Highly Attentive,Forward,True,375,12.7
2026-08-16 14:14:22,99,Highly Attentive,Forward,True,375,12.6
2026-08-16 14:14:23,100,Highly Attentive,Forward,True,375,12.6
2026-08-16 14:14:24,100,Highly Attentive,Forward,True,375,12.6
2026-08-16 14:14:25,99,Highly Attentive,Forward,True,375,12.6
2026-08-16 14:14:26,100,Highly Attentive,Forward,True,375,12.6
2026-08-16 14:14:27,100,Highly Attentive,Forward,True,375,12.6
2026-08-16 14:14:28,100,Highly Attentive,Forward,True,375,12.6
2026-08-16 14:14:29,99,Highly Attentive,Forward,True,375,12.6
2026-08-16 14:14:30,100,Highly Attentive,Forward,True,375,12.6
2026-08-16 14:14:31,100,Highly Attentive,Forward,True,375,12.6
2026-08-16 14:14:32,100,Highly Attentive,Forward,True,375,12.6
2026-08-16 14:14:33,100,Highly Attentive,Forward,True,375,12.6
2026-08-16 14:14:34,100,Highly Attentive,Forward,True,375,12.6
2026-08-16 14:14:35,100,Highly Attentive,Forward,True,375,12.6
2026-08-16 14:14:36,99,Highly Attentive,Forward,True,375,12.5
2026-08-16 14:14:37,100,Highly Attentive,Forward,True,375,12.5
2026-08-16 14:14:38,100,Highly Attentive,Forward,True,375,12.5
2026-08-16 14:14:39,100,Highly Attentive,Forward,True,375,12.5
2026-08-16 14:14:40,100,Highly Attentive,Forward,True,375,12.5
2026-08-16 14:14:41,100,Highly Attentive,Forward,True,375,12.5
2026-08-16 14:14:42,100,Highly Attentive,Forward,True,375,12.5
2026-08-16 14:14:43,99,Highly Attentive,Forward,True,375,12.5
2026-08-16 14:14:44,98,Highly Attentive,Forward,True,376,12.5
2026-08-16 14:14:45,100,Highly Attentive,Forward,True,376,12.5
2026-08-16 14:14:46,100,Highly Attentive,Forward,True,376,12.5
2026-08-16 14:14:47,100,Highly Attentive,Forward,True,376,12.5
2026-08-16 14:14:48,100,Highly Attentive,Forward,True,376,12.5
2026-08-16 14:14:49,100,Highly Attentive,Forward,True,376,12.5
2026-08-16 14:14:50,100,Highly Attentive,Forward,True,376,12.5
2026-08-16 14:14:51,100,Highly Attentive,Forward,True,376,12.5
2026-08-16 14:14:52,100,Highly Attentive,Forward,True,376,12.5
2026-08-16 14:14:53,96,Highly Attentive,Forward,False,376,12.5
2026-08-16 14:14:55,89,Highly Attentive,Forward,True,379,12.6
2026-08-16 14:14:56,81,Attentive,Forward,False,381,12.6
2026-08-16 14:14:57,66,Slightly Distracted,Down,False,381,12.6
2026-08-16 14:14:58,46,Distracted,Down,False,381,12.6
2026-08-16 14:14:59,89,Highly Attentive,Forward,True,382,12.6
2026-08-16 14:15:00,51,Slightly Distracted,Down,False,382,12.6
2026-08-16 14:15:01,45,Distracted,Down,False,382,12.6
2026-08-16 14:15:02,49,Distracted,Down,True,383,12.6
2026-08-16 14:15:03,48,Distracted,Down,False,383,12.6
2026-08-16 14:15:04,45,Distracted,Down,False,383,12.6
2026-08-16 14:15:05,45,Distracted,Down,False,383,12.6
2026-08-16 14:15:06,45,Distracted,Down,False,383,12.6
2026-08-16 14:15:07,45,Distracted,Down,False,383,12.6
2026-08-16 14:15:08,57,Slightly Distracted,Down,True,384,12.6
2026-08-16 14:15:09,60,Slightly Distracted,Down,False,385,12.7
2026-08-16 14:15:10,47,Distracted,Down,False,386,12.7
2026-08-16 14:15:11,58,Slightly Distracted,Down,True,387,12.7
2026-08-16 14:15:12,47,Distracted,Down,False,387,12.7
2026-08-16 14:15:13,46,Distracted,Down,True,388,12.7
2026-08-16 14:15:14,52,Slightly Distracted,Down,False,388,12.7
2026-08-16 14:15:15,45,Distracted,Down,False,388,12.7
2026-08-16 14:15:16,45,Distracted,Down,False,388,12.7
2026-08-16 14:15:17,47,Distracted,Down,True,389,12.7
2026-08-16 14:15:18,49,Distracted,Down,False,389,12.7
2026-08-16 14:15:19,45,Distracted,Down,False,389,12.7
2026-08-16 14:15:20,45,Distracted,Down,False,389,12.7
2026-08-16 14:15:21,45,Distracted,Down,False,389,12.7
2026-08-16 14:15:22,45,Distracted,Down,False,389,12.7
2026-08-16 14:15:23,45,Distracted,Down,False,389,12.7
2026-08-16 14:15:24,45,Distracted,Down,False,389,12.7
2026-08-16 14:15:25,45,Distracted,Down,False,389,12.7
2026-08-16 14:15:26,45,Distracted,Down,False,389,12.7
2026-08-16 14:15:27,45,Distracted,Down,False,389,12.7
2026-08-16 14:15:28,45,Distracted,Down,False,389,12.6
2026-08-16 14:15:29,63,Slightly Distracted,Right,True,391,12.7
2026-08-16 14:15:30,64,Slightly Distracted,Right,True,391,12.7
2026-08-16 14:15:31,60,Slightly Distracted,Down,False,391,12.7
2026-08-16 14:15:32,45,Distracted,Down,False,391,12.7
2026-08-16 14:15:33,64,Slightly Distracted,Forward,True,392,12.7
2026-08-16 14:15:34,83,Attentive,Down,False,392,12.7
2026-08-16 14:15:35,45,Distracted,Down,False,392,12.7
2026-08-16 14:15:36,45,Distracted,Down,False,392,12.7
2026-08-16 14:15:37,45,Distracted,Down,False,392,12.7
2026-08-16 14:15:38,45,Distracted,Down,False,392,12.7
2026-08-16 14:15:39,45,Distracted,Down,False,392,12.7
2026-08-16 14:15:40,45,Distracted,Down,False,392,12.7
2026-08-16 14:15:41,45,Distracted,Down,False,392,12.7
2026-08-16 14:15:42,45,Distracted,Down,False,392,12.6
2026-08-16 14:15:43,45,Distracted,Down,False,392,12.6
2026-08-16 14:15:45,45,Distracted,Down,False,392,12.6
2026-08-16 14:15:46,71,Attentive,Forward,True,393,12.7
2026-08-16 14:15:47,68,Slightly Distracted,Down,False,393,12.7
2026-08-16 14:15:48,54,Slightly Distracted,Down,False,394,12.7
2026-08-16 14:15:49,54,Slightly Distracted,Down,False,395,12.7
2026-08-16 14:15:50,45,Distracted,Down,False,395,12.7
2026-08-16 14:15:51,45,Distracted,Down,False,395,12.7
2026-08-16 14:15:52,45,Distracted,Down,False,395,12.7
2026-08-16 14:15:53,45,Distracted,Down,False,395,12.7
2026-08-16 14:15:54,45,Distracted,Down,False,395,12.7
2026-08-16 14:15:55,48,Distracted,Down,False,396,12.7
2026-08-16 14:15:56,45,Distracted,Down,False,396,12.7
2026-08-16 14:15:57,45,Distracted,Down,False,396,12.7
2026-08-16 14:15:58,45,Distracted,Down,False,396,12.7
2026-08-16 14:15:59,45,Distracted,Down,False,396,12.7
2026-08-16 14:16:00,45,Distracted,Down,False,396,12.7
2026-08-16 14:16:01,45,Distracted,Down,False,396,12.7
2026-08-16 14:16:02,45,Distracted,Down,False,396,12.6
2026-08-16 14:16:03,45,Distracted,Down,False,396,12.6
2026-08-16 14:16:04,45,Distracted,Down,False,396,12.6
2026-08-16 14:16:05,62,Slightly Distracted,Forward,True,397,12.7
2026-08-16 14:16:06,76,Attentive,Down,False,397,12.7
2026-08-16 14:16:07,45,Distracted,Down,False,397,12.6
2026-08-16 14:16:08,45,Distracted,Down,False,397,12.6
2026-08-16 14:16:09,45,Distracted,Down,False,397,12.6
2026-08-16 14:16:10,45,Distracted,Down,False,397,12.6
2026-08-16 14:16:11,45,Distracted,Down,False,397,12.6
2026-08-16 14:16:12,45,Distracted,Down,False,397,12.6
2026-08-16 14:16:13,45,Distracted,Down,False,397,12.6
2026-08-16 14:16:14,45,Distracted,Down,False,397,12.6
2026-08-16 14:16:15,45,Distracted,Down,False,397,12.6
2026-08-16 14:16:16,45,Distracted,Down,False,397,12.6
2026-08-16 14:16:17,45,Distracted,Down,False,397,12.6
2026-08-16 14:16:18,45,Distracted,Down,False,397,12.6
2026-08-16 14:16:19,45,Distracted,Down,False,397,12.6
2026-08-16 14:16:20,45,Distracted,Down,False,397,12.6
2026-08-16 14:16:21,45,Distracted,Down,False,397,12.5
2026-08-16 14:16:22,45,Distracted,Down,False,397,12.5
2026-08-16 14:16:23,45,Distracted,Down,False,397,12.5
2026-08-16 14:16:24,45,Distracted,Down,False,397,12.5
2026-08-16 14:16:25,45,Distracted,Down,False,397,12.5
2026-08-16 14:16:26,45,Distracted,Down,False,397,12.5
2026-08-16 14:16:27,45,Distracted,Down,False,397,12.5
2026-08-16 14:16:28,45,Distracted,Down,False,397,12.5
2026-08-16 14:16:29,45,Distracted,Down,False,397,12.5
2026-08-16 14:16:30,45,Distracted,Down,False,397,12.5
2026-08-16 14:16:31,45,Distracted,Down,False,397,12.5
2026-08-16 14:16:32,49,Distracted,Down,True,398,12.5
2026-08-16 14:16:33,55,Slightly Distracted,Down,False,399,12.5
2026-08-16 14:16:35,46,Distracted,Down,False,400,12.6
2026-08-16 14:16:36,47,Distracted,Down,False,401,12.6
2026-08-16 14:16:37,45,Distracted,Down,False,401,12.6
2026-08-16 14:16:38,56,Slightly Distracted,Down,False,402,12.6
2026-08-16 14:16:39,46,Distracted,Down,True,403,12.6
2026-08-16 14:16:40,46,Distracted,Down,False,404,12.6
2026-08-16 14:16:41,45,Distracted,Down,False,404,12.6
2026-08-16 14:16:42,45,Distracted,Down,False,404,12.6
2026-08-16 14:16:43,45,Distracted,Down,False,404,12.6
2026-08-16 14:16:44,45,Distracted,Down,False,404,12.6
2026-08-16 14:16:45,45,Distracted,Down,False,404,12.6
2026-08-16 14:16:46,45,Distracted,Down,False,404,12.6
2026-08-16 14:16:47,45,Distracted,Down,False,404,12.6
2026-08-16 14:16:48,45,Distracted,Down,False,404,12.6
2026-08-16 14:16:49,45,Distracted,Down,False,404,12.6
2026-08-16 14:16:50,45,Distracted,Down,False,404,12.6
2026-08-16 14:16:51,45,Distracted,Down,False,404,12.6
2026-08-16 14:16:52,50,Slightly Distracted,Down,False,405,12.6
2026-08-16 14:16:53,45,Distracted,Down,False,405,12.6
2026-08-16 14:16:54,50,Slightly Distracted,Down,False,406,12.6
2026-08-16 14:16:55,45,Distracted,Down,False,406,12.6
2026-08-16 14:16:56,60,Slightly Distracted,Down,True,407,12.6
2026-08-16 14:16:57,65,Slightly Distracted,Down,True,407,12.6
2026-08-16 14:16:58,65,Slightly Distracted,Down,True,407,12.6
2026-08-16 14:16:59,65,Slightly Distracted,Down,True,407,12.6
2026-08-16 14:17:00,65,Slightly Distracted,Down,True,407,12.6
2026-08-16 14:17:01,93,Highly Attentive,Forward,False,407,12.6
2026-08-16 14:17:02,71,Attentive,Down,False,409,12.7
2026-08-16 14:17:03,48,Distracted,Down,False,411,12.7
2026-08-16 14:17:04,46,Distracted,Down,False,412,12.7
2026-08-16 14:17:05,45,Distracted,Down,False,412,12.7
2026-08-16 14:17:06,45,Distracted,Down,False,412,12.7
2026-08-16 14:17:07,63,Slightly Distracted,Down,True,413,12.7
2026-08-16 14:17:08,56,Slightly Distracted,Down,False,413,12.7
2026-08-16 14:17:09,57,Slightly Distracted,Down,False,414,12.8
2026-08-16 14:17:10,45,Distracted,Down,False,414,12.8
2026-08-16 14:17:11,45,Distracted,Down,False,414,12.7
2026-08-16 14:17:12,45,Distracted,Down,False,414,12.7
2026-08-16 14:17:13,45,Distracted,Down,False,414,12.7
2026-08-16 14:17:14,49,Distracted,Down,True,415,12.8
2026-08-16 14:17:15,57,Slightly Distracted,Forward,True,416,12.8
2026-08-16 14:17:16,100,Highly Attentive,Forward,True,416,12.8
2026-08-16 14:17:17,100,Highly Attentive,Forward,True,416,12.8
2026-08-16 14:17:18,91,Highly Attentive,Left,True,416,12.8
2026-08-16 14:17:19,80,Attentive,Forward,True,416,12.8
2026-08-16 14:17:20,98,Highly Attentive,Forward,True,417,12.8
2026-08-16 14:17:21,100,Highly Attentive,Forward,True,417,12.8
2026-08-16 14:17:22,100,Highly Attentive,Forward,True,417,12.8
2026-08-16 14:17:24,100,Highly Attentive,Forward,True,417,12.8
2026-08-16 14:17:25,100,Highly Attentive,Forward,True,417,12.8
2026-08-16 14:17:26,100,Highly Attentive,Forward,True,417,12.7
2026-08-16 14:17:27,100,Highly Attentive,Forward,True,417,12.7
2026-08-16 14:17:28,100,Highly Attentive,Forward,True,417,12.7
2026-08-16 14:17:29,100,Highly Attentive,Forward,True,417,12.7
2026-08-16 14:17:30,100,Highly Attentive,Forward,True,417,12.7
2026-08-16 14:17:31,100,Highly Attentive,Forward,True,417,12.7
2026-08-16 14:17:32,100,Highly Attentive,Forward,True,417,12.7
2026-08-16 14:17:33,100,Highly Attentive,Forward,True,417,12.7
2026-08-16 14:17:34,100,Highly Attentive,Forward,True,417,12.7
2026-08-16 14:17:35,100,Highly Attentive,Forward,True,417,12.7
2026-08-16 14:17:36,100,Highly Attentive,Forward,True,417,12.7
2026-08-16 14:17:37,100,Highly Attentive,Forward,True,417,12.7
2026-08-16 14:17:38,100,Highly Attentive,Forward,True,417,12.7
2026-08-16 14:17:39,100,Highly Attentive,Forward,True,417,12.7
2026-08-16 14:17:40,100,Highly Attentive,Forward,True,417,12.7
2026-08-16 14:17:41,100,Highly Attentive,Forward,True,417,12.6
2026-08-16 14:17:42,100,Highly Attentive,Forward,True,417,12.6
2026-08-16 14:17:43,98,Highly Attentive,Forward,True,418,12.7
2026-08-16 14:17:44,93,Highly Attentive,Forward,False,418,12.7
2026-08-16 14:17:45,73,Attentive,Forward,True,419,12.7
2026-08-16 14:17:46,74,Attentive,Down,True,419,12.7
2026-08-16 14:17:47,65,Slightly Distracted,Down,True,419,12.7
2026-08-16 14:17:48,64,Slightly Distracted,Left,True,419,12.7
2026-08-16 14:17:49,55,Slightly Distracted,Forward,False,420,12.7
2026-08-16 14:17:50,80,Attentive,Forward,False,420,12.7
2026-08-16 14:17:51,74,Attentive,Forward,False,420,12.7
2026-08-16 14:17:52,75,Attentive,Down,False,420,12.7
2026-08-16 14:17:53,78,Attentive,Down,False,420,12.7
2026-08-16 14:17:54,82,Attentive,Forward,True,422,12.7
2026-08-16 14:17:55,96,Highly Attentive,Forward,True,423,12.7
2026-08-16 14:17:56,98,Highly Attentive,Forward,True,424,12.8
2026-08-16 14:17:57,89,Highly Attentive,Left,True,424,12.8
2026-08-16 14:17:58,60,Slightly Distracted,Forward,False,424,12.8
2026-08-16 14:17:59,99,Highly Attentive,Forward,True,425,12.8
2026-08-16 14:18:00,82,Attentive,Forward,False,425,12.8
2026-08-16 14:18:01,80,Attentive,Forward,True,426,12.8
2026-08-16 14:18:02,85,Attentive,Forward,True,429,12.9
2026-08-16 14:18:03,96,Highly Attentive,Forward,True,429,12.9
2026-08-16 14:18:04,90,Highly Attentive,Forward,True,429,12.9
2026-08-16 14:18:05,93,Highly Attentive,Forward,True,430,12.9
2026-08-16 14:18:06,97,Highly Attentive,Forward,True,431,12.9
2026-08-16 14:18:07,100,Highly Attentive,Forward,True,431,12.9
2026-08-16 14:18:08,100,Highly Attentive,Forward,True,431,12.9
2026-08-16 14:18:09,99,Highly Attentive,Forward,True,431,12.9
2026-08-16 14:18:10,100,Highly Attentive,Forward,True,431,12.9
2026-08-16 14:18:11,100,Highly Attentive,Forward,True,431,12.9
2026-08-16 14:18:12,98,Highly Attentive,Forward,True,432,12.9
2026-08-16 14:18:14,100,Highly Attentive,Forward,True,432,12.9
2026-08-16 14:18:15,97,Highly Attentive,Forward,True,433,12.9
2026-08-16 14:18:16,100,Highly Attentive,Forward,True,433,12.9
2026-08-16 14:18:17,99,Highly Attentive,Forward,True,433,12.9
2026-08-16 14:18:18,100,Highly Attentive,Forward,True,433,12.9
2026-08-16 14:18:19,100,Highly Attentive,Forward,True,433,12.9
2026-08-16 14:18:20,100,Highly Attentive,Forward,True,433,12.9
2026-08-16 14:18:21,100,Highly Attentive,Forward,True,433,12.9
2026-08-16 14:18:22,98,Highly Attentive,Forward,True,434,12.9
2026-08-16 14:18:23,100,Highly Attentive,Forward,True,434,12.9
2026-08-16 14:18:24,100,Highly Attentive,Forward,True,434,12.9
2026-08-16 14:18:25,100,Highly Attentive,Forward,True,434,12.9
2026-08-16 14:18:26,100,Highly Attentive,Forward,True,434,12.9
2026-08-16 14:18:27,100,Highly Attentive,Forward,True,434,12.9
2026-08-16 14:18:28,100,Highly Attentive,Forward,True,434,12.9
2026-08-16 14:18:29,89,Highly Attentive,Left,True,435,12.9
2026-08-16 14:18:30,61,Slightly Distracted,Left,True,436,12.9
2026-08-16 14:18:31,65,Slightly Distracted,Left,True,436,12.9
2026-08-16 14:18:32,65,Slightly Distracted,Left,True,436,12.9
2026-08-16 14:18:33,65,Slightly Distracted,Left,True,436,12.9
2026-08-16 14:18:34,65,Slightly Distracted,Left,True,436,12.9
2026-08-16 14:18:35,65,Slightly Distracted,Left,True,436,12.9
2026-08-16 14:18:36,65,Slightly Distracted,Left,True,436,12.9
2026-08-16 14:18:37,65,Slightly Distracted,Left,True,436,12.9
2026-08-16 14:18:38,64,Slightly Distracted,Left,True,436,12.9
2026-08-16 14:18:39,65,Slightly Distracted,Left,True,436,12.8
2026-08-16 14:18:40,65,Slightly Distracted,Left,True,436,12.8
2026-08-16 14:18:41,92,Highly Attentive,Left,True,436,12.8
2026-08-16 14:18:42,65,Slightly Distracted,Left,True,436,12.8
2026-08-16 14:18:43,66,Slightly Distracted,Forward,True,436,12.8
2026-08-16 14:18:44,87,Highly Attentive,Left,True,436,12.8
2026-08-16 14:18:45,82,Attentive,Forward,True,436,12.8
2026-08-16 14:18:46,100,Highly Attentive,Forward,True,436,12.8
2026-08-16 14:18:47,83,Attentive,Forward,True,438,12.9
2026-08-16 14:18:48,100,Highly Attentive,Forward,True,438,12.8
2026-08-16 14:18:49,100,Highly Attentive,Forward,True,438,12.8
2026-08-16 14:18:50,100,Highly Attentive,Forward,True,438,12.8
2026-08-16 14:18:51,100,Highly Attentive,Forward,True,438,12.8
2026-08-16 14:18:52,100,Highly Attentive,Forward,True,438,12.8
2026-08-16 14:18:53,97,Highly Attentive,Forward,True,439,12.8
2026-08-16 14:18:54,98,Highly Attentive,Forward,True,440,12.9
2026-08-16 14:18:55,85,Attentive,Left,True,440,12.9
2026-08-16 14:18:56,82,Attentive,Forward,True,440,12.9
2026-08-16 14:18:57,100,Highly Attentive,Forward,True,440,12.8
2026-08-16 14:18:58,100,Highly Attentive,Forward,True,440,12.8
2026-08-16 14:18:59,90,Highly Attentive,Forward,True,440,12.8
2026-08-16 14:19:00,84,Attentive,Left,True,441,12.9
2026-08-16 14:19:01,88,Highly Attentive,Forward,True,441,12.9
2026-08-16 14:19:03,68,Slightly Distracted,Left,True,441,12.8
2026-08-16 14:19:04,65,Slightly Distracted,Left,True,441,12.8
2026-08-16 14:19:05,64,Slightly Distracted,Forward,True,443,12.9
2026-08-16 14:19:06,97,Highly Attentive,Forward,True,444,12.9
2026-08-16 14:19:07,97,Highly Attentive,Forward,True,445,12.9
2026-08-16 14:19:08,100,Highly Attentive,Forward,True,445,12.9
2026-08-16 14:19:09,100,Highly Attentive,Forward,True,445,12.9
2026-08-16 14:19:10,100,Highly Attentive,Forward,True,445,12.9
2026-08-16 14:19:11,100,Highly Attentive,Forward,True,445,12.9
2026-08-16 14:19:12,81,Attentive,Forward,True,446,12.9
2026-08-16 14:19:44,81,Attentive,Forward,True,446,12.7
2026-08-16 14:19:45,97,Highly Attentive,Forward,True,447,12.8
2026-08-16 14:19:46,100,Highly Attentive,Forward,True,447,12.8
2026-08-16 14:19:47,100,Highly Attentive,Forward,True,447,12.7
2026-08-16 14:19:48,99,Highly Attentive,Forward,True,447,12.7
2026-08-16 14:19:49,100,Highly Attentive,Forward,True,447,12.7
2026-08-16 14:19:50,100,Highly Attentive,Forward,True,447,12.7
2026-08-16 14:19:51,100,Highly Attentive,Forward,True,447,12.7
2026-08-16 14:19:52,100,Highly Attentive,Forward,True,447,12.7
2026-08-16 14:19:53,100,Highly Attentive,Forward,True,447,12.7
2026-08-16 14:19:54,99,Highly Attentive,Forward,True,447,12.7
2026-08-16 14:19:56,100,Highly Attentive,Forward,True,447,12.7
2026-08-16 14:19:57,98,Highly Attentive,Forward,True,448,12.7
2026-08-16 14:19:58,100,Highly Attentive,Forward,True,448,12.7
2026-08-16 14:19:59,100,Highly Attentive,Forward,True,448,12.7
2026-08-16 14:20:00,76,Attentive,Forward,False,448,12.7
2026-08-16 14:20:01,98,Highly Attentive,Forward,True,450,12.7
2026-08-16 14:20:02,100,Highly Attentive,Forward,True,450,12.7
2026-08-16 14:20:03,100,Highly Attentive,Forward,True,450,12.7
2026-08-16 14:20:04,100,Highly Attentive,Forward,True,450,12.7
2026-08-16 14:20:05,100,Highly Attentive,Forward,True,450,12.7
2026-08-16 14:20:06,100,Highly Attentive,Forward,True,450,12.7
2026-08-16 14:20:07,100,Highly Attentive,Forward,True,450,12.7
2026-08-16 14:20:08,98,Highly Attentive,Forward,False,450,12.7
2026-08-16 14:20:09,85,Highly Attentive,Left,True,452,12.8
2026-08-16 14:20:10,65,Slightly Distracted,Left,True,452,12.8
2026-08-16 14:20:11,82,Attentive,Left,True,452,12.7
2026-08-16 14:20:12,77,Attentive,Forward,True,452,12.7
2026-08-16 14:20:13,100,Highly Attentive,Forward,True,452,12.7
2026-08-16 14:20:14,99,Highly Attentive,Forward,False,452,12.7
2026-08-16 14:20:15,97,Highly Attentive,Forward,True,453,12.7
2026-08-16 14:20:16,90,Highly Attentive,Forward,True,454,12.8
2026-08-16 14:20:17,95,Highly Attentive,Left,True,454,12.8
2026-08-16 14:20:18,62,Slightly Distracted,Left,True,455,12.8
2026-08-16 14:20:19,93,Highly Attentive,Forward,True,456,12.8
2026-08-16 14:20:20,100,Highly Attentive,Forward,True,456,12.8
2026-08-16 14:20:21,99,Highly Attentive,Forward,True,456,12.8
2026-08-16 14:20:22,100,Highly Attentive,Forward,True,456,12.8
2026-08-16 14:20:23,100,Highly Attentive,Forward,True,456,12.8
2026-08-16 14:20:24,100,Highly Attentive,Forward,True,456,12.8
2026-08-16 14:20:25,95,Highly Attentive,Left,True,457,12.8
2026-08-16 14:20:26,65,Slightly Distracted,Left,True,457,12.8
2026-08-16 14:20:27,80,Attentive,Forward,True,457,12.8
2026-08-16 14:20:28,100,Highly Attentive,Forward,True,457,12.8
2026-08-16 14:20:29,100,Highly Attentive,Forward,True,457,12.8
2026-08-16 14:20:30,100,Highly Attentive,Forward,True,457,12.8
2026-08-16 14:20:31,100,Highly Attentive,Forward,True,457,12.8
2026-08-16 14:20:32,100,Highly Attentive,Forward,True,457,12.8
2026-08-16 14:20:33,100,Highly Attentive,Forward,True,457,12.8
2026-08-16 14:20:34,100,Highly Attentive,Forward,True,457,12.7
2026-08-16 14:20:35,100,Highly Attentive,Forward,True,457,12.7
2026-08-16 14:20:36,99,Highly Attentive,Forward,False,457,12.7
2026-08-16 14:20:37,100,Highly Attentive,Forward,True,457,12.7
2026-08-16 14:20:38,100,Highly Attentive,Forward,True,457,12.7
2026-08-16 14:20:39,100,Highly Attentive,Forward,True,457,12.7
2026-08-16 14:20:40,100,Highly Attentive,Forward,True,457,12.7
2026-08-16 14:20:41,100,Highly Attentive,Forward,True,457,12.7
2026-08-16 14:20:42,100,Highly Attentive,Forward,True,457,12.7
2026-08-16 14:20:43,100,Highly Attentive,Forward,True,457,12.7
2026-08-16 14:20:44,100,Highly Attentive,Forward,True,457,12.7
2026-08-16 14:20:46,100,Highly Attentive,Forward,True,457,12.7
2026-08-16 14:20:47,100,Highly Attentive,Forward,True,457,12.7
2026-08-16 14:20:48,95,Highly Attentive,Forward,True,459,12.7
2026-08-16 14:20:49,100,Highly Attentive,Forward,True,459,12.7
2026-08-16 14:20:50,100,Highly Attentive,Forward,True,459,12.7
2026-08-16 14:20:51,100,Highly Attentive,Forward,True,459,12.7
2026-08-16 14:20:52,100,Highly Attentive,Forward,True,459,12.7
2026-08-16 14:20:53,100,Highly Attentive,Forward,True,459,12.7
2026-08-16 14:20:54,95,Highly Attentive,Forward,True,461,12.7
2026-08-16 14:20:55,97,Highly Attentive,Forward,True,462,12.8
2026-08-16 14:20:56,98,Highly Attentive,Forward,False,462,12.8
2026-08-16 14:20:57,100,Highly Attentive,Forward,True,463,12.8
2026-08-16 14:20:58,100,Highly Attentive,Forward,True,463,12.8
2026-08-16 14:20:59,99,Highly Attentive,Forward,True,463,12.8
2026-08-16 14:21:00,98,Highly Attentive,Forward,True,464,12.8
2026-08-16 14:21:01,100,Highly Attentive,Forward,True,464,12.8
2026-08-16 14:21:02,100,Highly Attentive,Forward,True,464,12.8
2026-08-16 14:21:03,100,Highly Attentive,Forward,True,464,12.8
2026-08-16 14:21:04,100,Highly Attentive,Forward,True,464,12.8
2026-08-16 14:21:05,100,Highly Attentive,Forward,True,464,12.8
2026-08-16 14:21:06,97,Highly Attentive,Forward,True,465,12.8
2026-08-16 14:21:07,100,Highly Attentive,Forward,True,465,12.8
2026-08-16 14:21:08,100,Highly Attentive,Forward,True,465,12.8
2026-08-16 14:21:09,100,Highly Attentive,Forward,True,465,12.8
2026-08-16 14:21:10,85,Attentive,Left,True,465,12.8
2026-08-16 14:21:11,64,Slightly Distracted,Left,True,465,12.8
2026-08-16 14:21:12,94,Highly Attentive,Forward,True,467,12.8
2026-08-16 14:21:13,100,Highly Attentive,Forward,True,467,12.8
2026-08-16 14:21:14,96,Highly Attentive,Forward,False,468,12.8
2026-08-16 14:21:15,97,Highly Attentive,Forward,True,469,12.8
2026-08-16 14:21:16,100,Highly Attentive,Forward,True,469,12.8
2026-08-16 14:21:17,98,Highly Attentive,Forward,True,470,12.9
2026-08-16 14:21:18,100,Highly Attentive,Forward,True,470,12.8
2026-08-16 14:21:19,100,Highly Attentive,Forward,True,470,12.8
2026-08-16 14:21:20,100,Highly Attentive,Forward,True,470,12.8
2026-08-16 14:21:21,97,Highly Attentive,Forward,True,471,12.9
2026-08-16 14:21:22,100,Highly Attentive,Forward,True,471,12.8
2026-08-16 14:21:23,100,Highly Attentive,Forward,True,471,12.8
2026-08-16 14:21:24,75,Attentive,Left,True,472,12.9
2026-08-16 14:21:25,94,Highly Attentive,Forward,True,472,12.9
2026-08-16 14:21:26,100,Highly Attentive,Forward,True,472,12.9
2026-08-16 14:21:27,100,Highly Attentive,Forward,True,472,12.8
2026-08-16 14:21:28,100,Highly Attentive,Forward,True,472,12.8
2026-08-16 14:21:29,100,Highly Attentive,Forward,True,472,12.8
2026-08-16 14:21:30,100,Highly Attentive,Forward,True,472,12.8
2026-08-16 14:21:31,98,Highly Attentive,Forward,True,472,12.8
2026-08-16 14:21:32,98,Highly Attentive,Forward,True,472,12.8
2026-08-16 14:21:33,97,Highly Attentive,Forward,True,473,12.8
2026-08-16 14:21:34,100,Highly Attentive,Forward,True,473,12.8
2026-08-16 14:21:36,97,Highly Attentive,Forward,True,474,12.9
2026-08-16 14:21:37,97,Highly Attentive,Forward,True,475,12.9
2026-08-16 14:21:38,95,Highly Attentive,Forward,True,476,12.9
2026-08-16 14:21:39,85,Highly Attentive,Forward,False,476,12.9
2026-08-16 14:21:40,81,Attentive,Forward,True,477,12.9
2026-08-16 14:21:41,100,Highly Attentive,Forward,True,477,12.9
2026-08-16 14:21:42,89,Highly Attentive,Forward,False,477,12.9
2026-08-16 14:21:43,100,Highly Attentive,Forward,True,478,12.9
2026-08-16 14:21:44,89,Highly Attentive,Forward,True,479,12.9
2026-08-16 14:21:45,99,Highly Attentive,Forward,True,479,12.9
2026-08-16 14:21:46,100,Highly Attentive,Forward,True,479,12.9
2026-08-16 14:21:47,100,Highly Attentive,Forward,True,479,12.9
2026-08-16 14:21:48,93,Highly Attentive,Forward,False,479,12.9
2026-08-16 14:21:49,89,Highly Attentive,Forward,True,480,12.9
2026-08-16 14:21:50,100,Highly Attentive,Forward,True,480,12.9
2026-08-16 14:21:51,100,Highly Attentive,Forward,True,480,12.9
2026-08-16 14:21:52,85,Attentive,Down,True,480,12.9
2026-08-16 14:21:53,74,Attentive,Forward,True,480,12.9
2026-08-16 14:21:54,97,Highly Attentive,Forward,True,481,12.9
2026-08-16 14:21:55,100,Highly Attentive,Forward,True,481,12.9
2026-08-16 14:21:56,100,Highly Attentive,Forward,True,481,12.9
2026-08-16 14:21:57,100,Highly Attentive,Forward,True,481,12.9
2026-08-16 14:21:58,100,Highly Attentive,Forward,True,481,12.9
2026-08-16 14:21:59,100,Highly Attentive,Forward,True,481,12.9
2026-08-16 14:22:00,100,Highly Attentive,Forward,True,481,12.9
2026-08-16 14:22:01,100,Highly Attentive,Forward,True,481,12.9
2026-08-16 14:22:02,100,Highly Attentive,Forward,True,481,12.9
2026-08-16 14:22:03,100,Highly Attentive,Forward,True,481,12.9
2026-08-16 14:22:04,99,Highly Attentive,Forward,True,481,12.9
2026-08-16 14:22:05,100,Highly Attentive,Forward,True,481,12.9
2026-08-16 14:22:06,100,Highly Attentive,Forward,True,481,12.9
2026-08-16 14:22:07,99,Highly Attentive,Forward,True,481,12.9
2026-08-16 14:22:08,100,Highly Attentive,Forward,True,481,12.9
2026-08-16 14:22:09,91,Highly Attentive,Forward,True,483,12.9
2026-08-16 14:22:10,97,Highly Attentive,Forward,True,483,12.9
2026-08-16 14:22:11,95,Highly Attentive,Forward,True,484,12.9
2026-08-16 14:22:12,100,Highly Attentive,Forward,True,484,12.9
2026-08-16 14:22:13,100,Highly Attentive,Forward,True,484,12.9
2026-08-16 14:22:14,99,Highly Attentive,Forward,True,484,12.9
2026-08-16 14:22:15,100,Highly Attentive,Forward,True,484,12.9
2026-08-16 14:22:16,95,Highly Attentive,Forward,True,485,12.9
2026-08-16 14:22:17,100,Highly Attentive,Forward,True,485,12.9
2026-08-16 14:22:18,99,Highly Attentive,Forward,True,485,12.9
2026-08-16 14:22:19,70,Slightly Distracted,Left,True,486,12.9
2026-08-16 14:22:20,65,Slightly Distracted,Left,True,486,12.9
2026-08-16 14:22:21,65,Slightly Distracted,Forward,True,487,12.9
2026-08-16 14:22:22,97,Highly Attentive,Forward,True,488,13.0
2026-08-16 14:22:23,85,Attentive,Left,True,488,13.0
2026-08-16 14:22:24,63,Slightly Distracted,Left,True,489,13.0
2026-08-16 14:22:26,65,Slightly Distracted,Left,True,489,13.0
2026-08-16 14:22:27,71,Attentive,Forward,True,489,13.0
2026-08-16 14:22:28,87,Highly Attentive,Forward,True,489,13.0
2026-08-16 14:22:29,100,Highly Attentive,Forward,True,489,13.0
2026-08-16 14:22:30,93,Highly Attentive,Left,True,489,12.9
2026-08-16 14:22:31,81,Attentive,Left,True,489,12.9
2026-08-16 14:22:32,97,Highly Attentive,Forward,True,490,13.0
2026-08-16 14:22:33,84,Attentive,Right,True,490,13.0
2026-08-16 14:22:34,65,Slightly Distracted,Right,True,490,12.9
2026-08-16 14:22:35,48,Distracted,Right,False,490,12.9
2026-08-16 14:22:36,59,Slightly Distracted,Forward,False,490,12.9
2026-08-16 14:22:37,59,Slightly Distracted,Left,True,492,13.0
2026-08-16 14:22:38,62,Slightly Distracted,Left,False,493,13.0
2026-08-16 14:22:39,51,Slightly Distracted,Left,False,494,13.0
2026-08-16 14:22:40,53,Slightly Distracted,Left,True,498,13.1
2026-08-16 14:22:41,64,Slightly Distracted,Forward,True,499,13.1
2026-08-16 14:22:42,100,Highly Attentive,Forward,True,499,13.1
2026-08-16 14:22:43,100,Highly Attentive,Forward,True,499,13.1
2026-08-16 14:22:44,100,Highly Attentive,Forward,True,499,13.1
2026-08-16 14:22:45,100,Highly Attentive,Forward,True,499,13.1
2026-08-16 14:22:46,98,Highly Attentive,Forward,False,499,13.1
2026-08-16 14:22:47,100,Highly Attentive,Forward,True,500,13.1
2026-08-16 14:22:48,100,Highly Attentive,Forward,True,500,13.1
2026-08-16 14:22:49,100,Highly Attentive,Forward,True,500,13.1
2026-08-16 14:22:50,100,Highly Attentive,Forward,True,500,13.1
2026-08-16 14:22:51,100,Highly Attentive,Forward,True,500,13.1
2026-08-16 14:22:52,100,Highly Attentive,Forward,True,500,13.1
2026-08-16 14:22:53,100,Highly Attentive,Forward,True,500,13.1
2026-08-16 14:22:54,100,Highly Attentive,Forward,True,500,13.1
2026-08-16 14:22:55,100,Highly Attentive,Forward,True,500,13.1
2026-08-16 14:22:56,100,Highly Attentive,Forward,True,500,13.1
2026-08-16 14:22:57,100,Highly Attentive,Forward,True,500,13.1
2026-08-16 14:22:58,100,Highly Attentive,Forward,True,500,13.1
2026-08-16 14:22:59,100,Highly Attentive,Forward,True,500,13.1
2026-08-16 14:23:00,100,Highly Attentive,Forward,True,500,13.1
2026-08-16 14:23:01,100,Highly Attentive,Forward,True,500,13.1
2026-08-16 14:23:02,100,Highly Attentive,Forward,True,500,13.0
2026-08-16 14:23:03,100,Highly Attentive,Forward,True,500,13.0
2026-08-16 14:23:04,77,Attentive,Left,True,500,13.0
2026-08-16 14:23:05,85,Attentive,Forward,True,500,13.0
2026-08-16 14:23:06,100,Highly Attentive,Forward,True,500,13.0
2026-08-16 14:23:07,100,Highly Attentive,Forward,True,500,13.0
2026-08-16 14:23:08,100,Highly Attentive,Forward,True,500,13.0
2026-08-16 14:23:09,98,Highly Attentive,Forward,True,500,13.0
2026-08-16 14:23:10,77,Attentive,Left,True,500,13.0
2026-08-16 14:23:11,76,Attentive,Forward,True,501,13.0
2026-08-16 14:23:12,100,Highly Attentive,Forward,True,501,13.0
2026-08-16 14:23:13,100,Highly Attentive,Forward,True,501,13.0
2026-08-16 14:23:15,100,Highly Attentive,Forward,True,501,13.0
2026-08-16 14:23:16,100,Highly Attentive,Forward,True,501,13.0
2026-08-16 14:23:17,100,Highly Attentive,Forward,True,501,13.0
2026-08-16 14:23:18,100,Highly Attentive,Forward,True,501,13.0
2026-08-16 14:23:19,100,Highly Attentive,Forward,True,501,13.0
2026-08-16 14:23:20,100,Highly Attentive,Forward,True,501,13.0
2026-08-16 14:23:21,100,Highly Attentive,Forward,True,501,13.0
2026-08-16 14:23:22,100,Highly Attentive,Forward,True,501,13.0
2026-08-16 14:23:23,100,Highly Attentive,Forward,True,501,13.0
2026-08-16 14:23:24,100,Highly Attentive,Forward,True,501,13.0
2026-08-16 14:23:25,100,Highly Attentive,Forward,True,501,12.9
2026-08-16 14:23:26,100,Highly Attentive,Forward,True,501,12.9
2026-08-16 14:23:27,100,Highly Attentive,Forward,True,501,12.9
2026-08-16 14:23:28,100,Highly Attentive,Forward,True,501,12.9
2026-08-16 14:23:29,100,Highly Attentive,Forward,True,501,12.9
2026-08-16 14:23:30,100,Highly Attentive,Forward,True,501,12.9
2026-08-16 14:23:31,100,Highly Attentive,Forward,True,501,12.9
2026-08-16 14:23:32,100,Highly Attentive,Forward,True,501,12.9
2026-08-16 14:23:33,100,Highly Attentive,Forward,True,501,12.9
2026-08-16 14:23:34,100,Highly Attentive,Forward,True,501,12.9
2026-08-16 14:23:35,100,Highly Attentive,Forward,True,501,12.9
2026-08-16 14:23:36,100,Highly Attentive,Forward,True,501,12.9
2026-08-16 14:23:37,100,Highly Attentive,Forward,True,501,12.9
2026-08-16 14:23:38,100,Highly Attentive,Forward,True,501,12.9
2026-08-16 14:23:39,100,Highly Attentive,Forward,True,501,12.9
2026-08-16 14:23:40,100,Highly Attentive,Forward,True,501,12.9
2026-08-16 14:23:41,97,Highly Attentive,Forward,True,502,12.9
2026-08-16 14:23:42,100,Highly Attentive,Forward,True,502,12.9
2026-08-16 14:23:43,100,Highly Attentive,Forward,True,502,12.9
2026-08-16 14:23:44,100,Highly Attentive,Forward,True,502,12.9
2026-08-16 14:23:45,100,Highly Attentive,Forward,True,502,12.9
2026-08-16 14:23:46,100,Highly Attentive,Forward,True,502,12.9
2026-08-16 14:23:47,100,Highly Attentive,Forward,True,502,12.8
2026-08-16 14:23:48,99,Highly Attentive,Forward,True,502,12.8
2026-08-16 14:23:49,100,Highly Attentive,Forward,True,502,12.8
2026-08-16 14:23:50,100,Highly Attentive,Forward,True,502,12.8
2026-08-16 14:23:51,100,Highly Attentive,Forward,True,502,12.8
2026-08-16 14:23:52,100,Highly Attentive,Forward,True,502,12.8
2026-08-16 14:23:53,100,Highly Attentive,Forward,True,502,12.8
2026-08-16 14:23:54,100,Highly Attentive,Forward,True,502,12.8
2026-08-16 14:23:55,100,Highly Attentive,Forward,True,502,12.8
2026-08-16 14:23:56,100,Highly Attentive,Forward,True,502,12.8
2026-08-16 14:23:57,100,Highly Attentive,Forward,True,502,12.8
2026-08-16 14:23:58,100,Highly Attentive,Forward,True,502,12.8
2026-08-16 14:23:59,100,Highly Attentive,Forward,True,502,12.8
2026-08-16 14:24:00,100,Highly Attentive,Forward,True,502,12.8
2026-08-16 14:24:01,100,Highly Attentive,Forward,True,502,12.8
2026-08-16 14:24:02,100,Highly Attentive,Forward,True,502,12.8
2026-08-16 14:24:04,100,Highly Attentive,Forward,True,502,12.8
2026-08-16 14:24:05,100,Highly Attentive,Forward,True,502,12.8
2026-08-16 14:24:06,100,Highly Attentive,Forward,True,502,12.7
2026-08-16 14:24:07,97,Highly Attentive,Forward,True,503,12.8
2026-08-16 14:24:08,100,Highly Attentive,Forward,True,503,12.8
2026-08-16 14:24:09,100,Highly Attentive,Forward,True,503,12.8
2026-08-16 14:24:10,100,Highly Attentive,Forward,True,503,12.8
2026-08-16 14:24:11,100,Highly Attentive,Forward,True,503,12.7
2026-08-16 14:24:12,100,Highly Attentive,Forward,True,503,12.7
2026-08-16 14:24:13,100,Highly Attentive,Forward,True,503,12.7
2026-08-16 14:24:14,100,Highly Attentive,Forward,True,503,12.7
2026-08-16 14:24:15,100,Highly Attentive,Forward,True,503,12.7
2026-08-16 14:24:16,100,Highly Attentive,Forward,True,503,12.7
2026-08-16 14:24:17,100,Highly Attentive,Forward,True,503,12.7
2026-08-16 14:24:18,100,Highly Attentive,Forward,True,503,12.7
2026-08-16 14:24:19,100,Highly Attentive,Forward,True,503,12.7
2026-08-16 14:24:20,100,Highly Attentive,Forward,True,503,12.7
2026-08-16 14:24:21,100,Highly Attentive,Forward,True,503,12.7
2026-08-16 14:24:22,99,Highly Attentive,Forward,False,503,12.7
2026-08-16 14:24:23,97,Highly Attentive,Forward,True,504,12.7
2026-08-16 14:24:24,81,Attentive,Left,True,504,12.7
2026-08-16 14:24:25,76,Attentive,Right,True,504,12.7
2026-08-16 14:24:26,79,Attentive,Forward,True,504,12.7
2026-08-16 14:24:27,100,Highly Attentive,Forward,True,504,12.7
2026-08-16 14:24:28,100,Highly Attentive,Forward,True,504,12.7
2026-08-16 14:24:29,95,Highly Attentive,Forward,True,505,12.7
2026-08-16 14:24:30,97,Highly Attentive,Forward,False,505,12.7
2026-08-16 14:24:31,96,Highly Attentive,Forward,True,506,12.7
2026-08-16 14:24:32,93,Highly Attentive,Forward,True,508,12.8
2026-08-16 14:24:33,100,Highly Attentive,Forward,True,508,12.8
2026-08-16 14:24:34,100,Highly Attentive,Forward,True,508,12.7
2026-08-16 14:24:35,100,Highly Attentive,Forward,True,508,12.7
2026-08-16 14:24:36,100,Highly Attentive,Forward,True,508,12.7
2026-08-16 14:24:37,100,Highly Attentive,Forward,True,508,12.7
2026-08-16 14:24:38,100,Highly Attentive,Forward,True,508,12.7
2026-08-16 14:24:39,100,Highly Attentive,Forward,True,508,12.7
2026-08-16 14:24:40,100,Highly Attentive,Forward,True,508,12.7
2026-08-16 14:24:41,100,Highly Attentive,Forward,True,508,12.7
2026-08-16 14:24:42,100,Highly Attentive,Forward,True,508,12.7
2026-08-16 14:24:43,100,Highly Attentive,Forward,True,508,12.7
2026-08-16 14:24:44,100,Highly Attentive,Forward,True,508,12.7
2026-08-16 14:24:45,100,Highly Attentive,Forward,True,508,12.7
2026-08-16 14:24:46,100,Highly Attentive,Forward,True,508,12.7
2026-08-16 14:24:47,100,Highly Attentive,Forward,True,508,12.7
2026-08-16 14:24:48,100,Highly Attentive,Forward,True,508,12.7
2026-08-16 14:24:49,100,Highly Attentive,Forward,True,508,12.7
2026-08-16 14:24:50,100,Highly Attentive,Forward,True,508,12.7
2026-08-16 14:24:51,98,Highly Attentive,Forward,False,508,12.7
2026-08-16 14:24:52,99,Highly Attentive,Forward,True,509,12.7
2026-08-16 14:24:54,100,Highly Attentive,Forward,True,509,12.7
2026-08-16 14:24:55,100,Highly Attentive,Forward,True,509,12.7
2026-08-16 14:24:56,100,Highly Attentive,Forward,True,509,12.7
2026-08-16 14:24:57,100,Highly Attentive,Forward,True,509,12.7
2026-08-16 14:24:58,100,Highly Attentive,Forward,True,509,12.6
2026-08-16 14:24:59,100,Highly Attentive,Forward,True,509,12.6
2026-08-16 14:25:00,100,Highly Attentive,Forward,True,509,12.6
2026-08-16 14:25:01,100,Highly Attentive,Forward,True,509,12.6
2026-08-16 14:25:02,100,Highly Attentive,Forward,True,509,12.6
2026-08-16 14:25:03,100,Highly Attentive,Forward,True,509,12.6
2026-08-16 14:25:04,100,Highly Attentive,Forward,True,509,12.6
2026-08-16 14:25:05,100,Highly Attentive,Forward,True,509,12.6
2026-08-16 14:25:06,98,Highly Attentive,Forward,True,510,12.6
2026-08-16 14:25:07,100,Highly Attentive,Forward,True,510,12.6
2026-08-16 14:25:08,100,Highly Attentive,Forward,True,510,12.6
2026-08-16 14:25:09,98,Highly Attentive,Forward,True,511,12.6
2026-08-16 14:25:10,100,Highly Attentive,Forward,True,511,12.6
2026-08-16 14:25:11,100,Highly Attentive,Forward,True,511,12.6
2026-08-16 14:25:12,100,Highly Attentive,Forward,True,511,12.6
2026-08-16 14:25:13,100,Highly Attentive,Forward,True,511,12.6
2026-08-16 14:25:14,100,Highly Attentive,Forward,True,511,12.6
2026-08-16 14:25:15,100,Highly Attentive,Forward,True,511,12.6
2026-08-16 14:25:16,100,Highly Attentive,Forward,True,511,12.6
2026-08-16 14:25:17,100,Highly Attentive,Forward,True,511,12.6
2026-08-16 14:25:18,100,Highly Attentive,Forward,True,511,12.6
2026-08-16 14:25:19,100,Highly Attentive,Forward,True,511,12.6
2026-08-16 14:25:20,100,Highly Attentive,Forward,True,511,12.6
2026-08-16 14:25:21,100,Highly Attentive,Forward,True,511,12.6
2026-08-16 14:25:22,100,Highly Attentive,Forward,True,511,12.6
2026-08-16 14:25:23,100,Highly Attentive,Forward,True,511,12.6
2026-08-16 14:25:24,100,Highly Attentive,Forward,True,511,12.6
2026-08-16 14:25:25,100,Highly Attentive,Forward,True,511,12.6
2026-08-16 14:25:26,100,Highly Attentive,Forward,True,511,12.5
2026-08-16 14:25:27,100,Highly Attentive,Forward,True,511,12.5
2026-08-16 14:25:28,100,Highly Attentive,Forward,True,511,12.5
2026-08-16 14:25:29,100,Highly Attentive,Forward,True,511,12.5
2026-08-16 14:25:30,100,Highly Attentive,Forward,True,511,12.5
2026-08-16 14:25:31,100,Highly Attentive,Forward,True,511,12.5
2026-08-16 14:25:32,100,Highly Attentive,Forward,True,511,12.5
2026-08-16 14:25:33,100,Highly Attentive,Forward,True,511,12.5
2026-08-16 14:25:34,100,Highly Attentive,Forward,True,511,12.5
2026-08-16 14:25:35,100,Highly Attentive,Forward,True,511,12.5
2026-08-16 14:25:36,100,Highly Attentive,Forward,True,511,12.5
2026-08-16 14:25:37,100,Highly Attentive,Forward,True,511,12.5
2026-08-16 14:25:38,100,Highly Attentive,Forward,True,511,12.5
2026-08-16 14:25:39,100,Highly Attentive,Forward,True,511,12.5
2026-08-16 14:25:40,100,Highly Attentive,Forward,True,511,12.5
2026-08-16 14:25:41,100,Highly Attentive,Forward,True,511,12.5
2026-08-16 14:25:42,100,Highly Attentive,Forward,True,511,12.5
2026-08-16 14:25:43,100,Highly Attentive,Forward,True,511,12.5
2026-08-16 14:25:45,100,Highly Attentive,Forward,True,511,12.5
2026-08-16 14:25:46,100,Highly Attentive,Forward,True,511,12.5
2026-08-16 14:25:47,100,Highly Attentive,Forward,True,511,12.4
2026-08-16 14:25:48,100,Highly Attentive,Forward,True,511,12.4
2026-08-16 14:25:49,100,Highly Attentive,Forward,True,511,12.4
2026-08-16 14:25:50,100,Highly Attentive,Forward,True,511,12.4
2026-08-16 14:25:51,100,Highly Attentive,Forward,True,511,12.4
2026-08-16 14:25:52,100,Highly Attentive,Forward,True,511,12.4
2026-08-16 14:25:53,100,Highly Attentive,Forward,True,511,12.4
2026-08-16 14:25:54,100,Highly Attentive,Forward,True,511,12.4
2026-08-16 14:25:55,100,Highly Attentive,Forward,True,511,12.4
2026-08-16 14:25:56,100,Highly Attentive,Forward,True,511,12.4
2026-08-16 14:25:57,100,Highly Attentive,Forward,True,511,12.4
2026-08-16 14:25:58,94,Highly Attentive,Forward,True,513,12.4
2026-08-16 14:25:59,100,Highly Attentive,Forward,True,513,12.4
2026-08-16 14:26:00,100,Highly Attentive,Forward,True,513,12.4
2026-08-16 14:26:01,100,Highly Attentive,Forward,True,513,12.4
2026-08-16 14:26:02,81,Attentive,Right,True,513,12.4
2026-08-16 14:26:03,64,Slightly Distracted,Right,True,513,12.4
2026-08-16 14:26:04,76,Attentive,Forward,True,514,12.4
2026-08-16 14:26:05,99,Highly Attentive,Forward,False,514,12.4
2026-08-16 14:26:06,98,Highly Attentive,Forward,False,515,12.4
2026-08-16 14:26:07,71,Attentive,Left,True,517,12.5
2026-08-16 14:26:08,65,Slightly Distracted,Left,True,517,12.5
2026-08-16 14:26:09,62,Slightly Distracted,Forward,True,518,12.5
2026-08-16 14:26:10,97,Highly Attentive,Forward,False,518,12.5
2026-08-16 14:26:11,100,Highly Attentive,Forward,True,519,12.5
2026-08-16 14:26:12,98,Highly Attentive,Forward,True,520,12.5
2026-08-16 14:26:13,100,Highly Attentive,Forward,True,520,12.5
2026-08-16 14:26:14,97,Highly Attentive,Forward,True,521,12.5
2026-08-16 14:26:15,100,Highly Attentive,Forward,True,521,12.5
2026-08-16 14:26:16,90,Highly Attentive,Left,True,521,12.5
2026-08-16 14:26:17,65,Slightly Distracted,Left,True,521,12.5
2026-08-16 14:26:18,70,Slightly Distracted,Forward,True,521,12.5
2026-08-16 14:26:19,68,Slightly Distracted,Left,True,521,12.5
2026-08-16 14:26:20,80,Attentive,Forward,True,521,12.5
2026-08-16 14:26:21,87,Highly Attentive,Left,False,521,12.5
2026-08-16 14:26:22,47,Distracted,Left,False,523,12.6
2026-08-16 14:26:23,64,Slightly Distracted,Left,True,524,12.6
2026-08-16 14:26:24,73,Attentive,Forward,False,524,12.6
2026-08-16 14:26:25,80,Attentive,Forward,False,524,12.6
2026-08-16 14:26:26,80,Attentive,Forward,False,524,12.6
2026-08-16 14:26:27,93,Highly Attentive,Forward,True,526,12.6
2026-08-16 14:26:28,100,Highly Attentive,Forward,True,526,12.6
2026-08-16 14:26:29,90,Highly Attentive,Forward,False,527,12.6
2026-08-16 14:26:30,81,Attentive,Forward,False,528,12.6
2026-08-16 14:26:31,80,Attentive,Forward,False,528,12.6
2026-08-16 14:26:32,99,Highly Attentive,Forward,True,529,12.6
2026-08-16 14:26:34,100,Highly Attentive,Forward,True,529,12.6
2026-08-16 14:26:35,87,Highly Attentive,Forward,False,530,12.7
2026-08-16 14:26:36,80,Attentive,Forward,False,530,12.7
2026-08-16 14:26:37,80,Attentive,Forward,False,530,12.7
2026-08-16 14:26:38,80,Attentive,Forward,False,530,12.6
2026-08-16 14:26:39,85,Highly Attentive,Forward,False,532,12.7
2026-08-16 14:26:40,80,Attentive,Forward,False,532,12.7
2026-08-16 14:26:41,80,Attentive,Forward,False,532,12.7
2026-08-16 14:26:42,73,Attentive,Left,True,533,12.7
2026-08-16 14:26:43,90,Highly Attentive,Forward,True,533,12.7
2026-08-16 14:26:44,98,Highly Attentive,Forward,True,533,12.7
2026-08-16 14:26:45,80,Attentive,Left,True,534,12.7
2026-08-16 14:26:46,65,Slightly Distracted,Left,True,534,12.7
2026-08-16 14:26:47,65,Slightly Distracted,Left,True,534,12.7
2026-08-16 14:26:48,63,Slightly Distracted,Left,True,535,12.7
2026-08-16 14:26:49,78,Attentive,Forward,True,535,12.7
2026-08-16 14:26:50,91,Highly Attentive,Forward,True,536,12.7
2026-08-16 14:26:51,91,Highly Attentive,Right,True,538,12.8
2026-08-16 14:26:52,86,Highly Attentive,Right,True,538,12.8
2026-08-16 14:26:53,65,Slightly Distracted,Right,True,538,12.8
2026-08-16 14:26:54,65,Slightly Distracted,Right,True,538,12.8
2026-08-16 14:26:55,78,Attentive,Forward,False,538,12.7
2026-08-16 14:26:56,88,Highly Attentive,Forward,True,539,12.8
2026-08-16 14:26:57,88,Highly Attentive,Right,True,539,12.8
2026-08-16 14:26:58,98,Highly Attentive,Forward,True,539,12.8
2026-08-16 14:26:59,100,Highly Attentive,Forward,True,539,12.8
2026-08-16 14:27:00,80,Attentive,Forward,False,539,12.7
2026-08-16 14:27:01,80,Attentive,Forward,False,539,12.7
2026-08-16 14:27:02,80,Attentive,Forward,False,539,12.7
2026-08-16 14:27:03,80,Attentive,Forward,False,539,12.7
2026-08-16 14:27:04,80,Attentive,Forward,False,539,12.7
2026-08-16 14:27:05,81,Attentive,Forward,True,540,12.7
2026-08-16 14:27:06,71,Attentive,Forward,False,540,12.7
2026-08-16 14:27:07,80,Attentive,Forward,True,542,12.8
2026-08-16 14:27:08,93,Highly Attentive,Forward,False,543,12.8
2026-08-16 14:27:09,64,Slightly Distracted,Left,False,544,12.8
2026-08-16 14:27:10,59,Slightly Distracted,Forward,False,544,12.8
2026-08-16 14:27:11,64,Slightly Distracted,Forward,False,544,12.8
2026-08-16 14:27:12,70,Attentive,Forward,False,544,12.8
2026-08-16 14:27:13,69,Slightly Distracted,Forward,False,545,12.8
2026-08-16 14:27:16,70,Attentive,Forward,False,546,12.8
2026-08-16 14:27:17,77,Attentive,Forward,True,547,12.9
2026-08-16 14:27:18,96,Highly Attentive,Forward,True,549,12.9
2026-08-16 14:27:19,93,Highly Attentive,Forward,True,551,12.9
2026-08-16 14:27:20,98,Highly Attentive,Forward,True,552,13.0
2026-08-16 14:27:21,97,Highly Attentive,Forward,False,552,12.9
2026-08-16 14:27:22,99,Highly Attentive,Forward,False,553,13.0
2026-08-16 14:27:23,98,Highly Attentive,Forward,True,554,13.0
2026-08-16 14:27:24,100,Highly Attentive,Forward,True,554,13.0
2026-08-16 14:27:25,100,Highly Attentive,Forward,True,554,13.0
2026-08-16 14:27:26,98,Highly Attentive,Forward,True,555,13.0
2026-08-16 14:27:27,100,Highly Attentive,Forward,True,555,13.0
2026-08-16 14:27:28,100,Highly Attentive,Forward,True,555,13.0
2026-08-16 14:27:29,100,Highly Attentive,Forward,True,555,13.0
2026-08-16 14:27:30,100,Highly Attentive,Forward,True,555,13.0
2026-08-16 14:27:31,99,Highly Attentive,Forward,True,555,13.0
2026-08-16 14:27:32,100,Highly Attentive,Forward,True,555,13.0
2026-08-16 14:27:33,100,Highly Attentive,Forward,True,555,13.0
2026-08-16 14:27:34,100,Highly Attentive,Forward,True,555,13.0
2026-08-16 14:27:35,98,Highly Attentive,Forward,True,556,13.0
2026-08-16 14:27:36,99,Highly Attentive,Forward,True,556,13.0
2026-08-16 14:27:37,98,Highly Attentive,Forward,True,557,13.0
2026-08-16 14:27:38,100,Highly Attentive,Forward,True,557,13.0
2026-08-16 14:27:39,100,Highly Attentive,Forward,True,557,13.0
2026-08-16 14:27:40,100,Highly Attentive,Forward,True,557,13.0
2026-08-16 14:27:41,82,Attentive,Forward,True,558,13.0
2026-08-16 14:27:42,98,Highly Attentive,Forward,False,558,13.0
2026-08-16 14:27:43,100,Highly Attentive,Forward,True,559,13.0
2026-08-16 14:27:44,100,Highly Attentive,Forward,True,559,13.0
2026-08-16 14:27:45,100,Highly Attentive,Forward,True,559,13.0
2026-08-16 14:27:46,100,Highly Attentive,Forward,True,559,13.0
2026-08-16 14:27:47,100,Highly Attentive,Forward,True,559,13.0
2026-08-16 14:27:48,100,Highly Attentive,Forward,True,559,13.0
2026-08-16 14:27:49,100,Highly Attentive,Forward,True,559,13.0
2026-08-16 14:27:50,100,Highly Attentive,Forward,True,559,13.0
2026-08-16 14:27:51,100,Highly Attentive,Forward,True,559,13.0
2026-08-16 14:27:52,100,Highly Attentive,Forward,True,559,13.0
2026-08-16 14:27:53,100,Highly Attentive,Forward,True,559,12.9
2026-08-16 14:27:54,73,Attentive,Left,True,559,12.9
2026-08-16 14:27:55,65,Slightly Distracted,Left,True,559,12.9
2026-08-16 14:27:56,93,Highly Attentive,Forward,True,559,12.9
2026-08-16 14:27:57,92,Highly Attentive,Left,True,559,12.9
2026-08-16 14:27:59,79,Attentive,Forward,True,559,12.9
2026-08-16 14:28:00,100,Highly Attentive,Forward,True,559,12.9
2026-08-16 14:28:01,100,Highly Attentive,Forward,True,559,12.9
2026-08-16 14:28:02,90,Highly Attentive,Forward,True,561,13.0
2026-08-16 14:28:03,98,Highly Attentive,Forward,True,562,13.0
2026-08-16 14:28:04,100,Highly Attentive,Forward,True,562,13.0
2026-08-16 14:28:05,100,Highly Attentive,Forward,True,562,13.0
2026-08-16 14:28:06,100,Highly Attentive,Forward,True,562,13.0
2026-08-16 14:28:07,95,Highly Attentive,Left,True,562,13.0
2026-08-16 14:28:08,65,Slightly Distracted,Left,True,562,12.9
2026-08-16 14:28:09,65,Slightly Distracted,Left,True,562,12.9
2026-08-16 14:28:10,65,Slightly Distracted,Left,True,562,12.9
2026-08-16 14:28:11,65,Slightly Distracted,Left,True,562,12.9
2026-08-16 14:28:12,65,Slightly Distracted,Left,True,562,12.9
2026-08-16 14:28:13,65,Slightly Distracted,Left,True,562,12.9
2026-08-16 14:28:14,65,Slightly Distracted,Left,True,562,12.9
2026-08-16 14:28:15,65,Slightly Distracted,Left,True,562,12.9
2026-08-16 14:28:16,65,Slightly Distracted,Left,True,562,12.9
2026-08-16 14:28:17,72,Attentive,Forward,True,562,12.9
2026-08-16 14:28:18,86,Highly Attentive,Left,True,562,12.9
2026-08-16 14:28:19,71,Attentive,Forward,True,562,12.9
2026-08-16 14:28:20,100,Highly Attentive,Forward,True,562,12.9
2026-08-16 14:28:21,100,Highly Attentive,Forward,True,562,12.9
2026-08-16 14:28:22,91,Highly Attentive,Forward,False,562,12.9
2026-08-16 14:28:23,97,Highly Attentive,Forward,True,564,12.9
2026-08-16 14:28:24,100,Highly Attentive,Forward,True,564,12.9
2026-08-16 14:28:25,100,Highly Attentive,Forward,True,564,12.9
2026-08-16 14:28:26,100,Highly Attentive,Forward,True,564,12.9
2026-08-16 14:28:27,100,Highly Attentive,Forward,True,564,12.9
2026-08-16 14:28:28,97,Highly Attentive,Forward,True,565,12.9
2026-08-16 14:28:29,100,Highly Attentive,Forward,True,565,12.9
2026-08-16 14:28:30,100,Highly Attentive,Forward,True,565,12.9
2026-08-16 14:28:31,100,Highly Attentive,Forward,True,565,12.9
2026-08-16 14:28:32,97,Highly Attentive,Forward,True,566,12.9
2026-08-16 14:28:33,100,Highly Attentive,Forward,True,566,12.9
2026-08-16 14:28:34,97,Highly Attentive,Forward,True,567,12.9
2026-08-16 14:28:35,100,Highly Attentive,Forward,True,567,12.9
2026-08-16 14:28:36,100,Highly Attentive,Forward,True,567,12.9
2026-08-16 14:28:37,96,Highly Attentive,Forward,True,568,12.9
2026-08-16 14:28:38,100,Highly Attentive,Forward,True,568,12.9
2026-08-16 14:28:39,99,Highly Attentive,Forward,True,568,12.9
2026-08-16 14:28:40,94,Highly Attentive,Forward,True,570,13.0
2026-08-16 14:28:41,92,Highly Attentive,Left,True,570,13.0
2026-08-16 14:28:42,73,Attentive,Left,True,571,13.0
2026-08-16 14:28:43,56,Slightly Distracted,Left,True,572,13.0
2026-08-16 14:28:44,60,Slightly Distracted,Forward,False,572,13.0
2026-08-16 14:28:45,77,Attentive,Down,False,573,13.0
2026-08-16 14:28:46,71,Attentive,Forward,False,573,13.0
2026-08-16 14:28:47,57,Slightly Distracted,Down,False,573,13.0
2026-08-16 14:28:49,45,Distracted,Down,False,573,13.0
2026-08-16 14:28:50,45,Distracted,Down,False,573,13.0
2026-08-16 14:28:51,45,Distracted,Down,False,573,13.0
2026-08-16 14:28:52,45,Distracted,Down,False,573,13.0
2026-08-16 14:28:53,45,Distracted,Down,False,573,13.0
2026-08-16 14:28:54,45,Distracted,Down,False,573,13.0
2026-08-16 14:28:55,45,Distracted,Down,False,573,13.0
2026-08-16 14:28:56,62,Slightly Distracted,Down,True,574,13.0
2026-08-16 14:28:57,65,Slightly Distracted,Down,True,574,13.0
2026-08-16 14:28:58,67,Slightly Distracted,Down,True,574,13.0
2026-08-16 14:28:59,100,Highly Attentive,Forward,True,574,13.0
2026-08-16 14:29:00,80,Attentive,Forward,False,574,13.0
2026-08-16 14:29:01,82,Attentive,Forward,True,577,13.0
2026-08-16 14:29:02,69,Slightly Distracted,Down,False,577,13.0
2026-08-16 14:29:03,65,Slightly Distracted,Down,True,578,13.0
2026-08-16 14:29:04,65,Slightly Distracted,Down,True,578,13.0
2026-08-16 14:29:05,65,Slightly Distracted,Down,True,578,13.0
2026-08-16 14:29:06,65,Slightly Distracted,Down,True,578,13.0
2026-08-16 14:29:07,56,Slightly Distracted,Down,False,579,13.0
2026-08-16 14:29:08,62,Slightly Distracted,Down,True,580,13.1
2026-08-16 14:29:09,65,Slightly Distracted,Down,True,580,13.1
2026-08-16 14:29:10,60,Slightly Distracted,Down,True,581,13.1
2026-08-16 14:29:11,57,Slightly Distracted,Down,False,582,13.1
2026-08-16 14:29:12,54,Slightly Distracted,Down,True,583,13.1
2026-08-16 14:29:15,54,Slightly Distracted,Down,True,586,13.2
2026-08-16 14:29:16,75,Attentive,Forward,True,586,13.2
2026-08-16 14:29:17,85,Highly Attentive,Forward,False,587,13.2
2026-08-16 14:29:18,47,Distracted,Down,False,587,13.2
2026-08-16 14:29:22,46,Distracted,Down,True,588,13.2
2026-08-16 14:29:23,60,Slightly Distracted,Down,True,588,13.2
2026-08-16 14:29:24,54,Slightly Distracted,Down,False,589,13.2
2026-08-16 14:29:25,45,Distracted,Down,False,589,13.2
2026-08-16 14:29:26,46,Distracted,Down,False,590,13.2
2026-08-16 14:29:27,62,Slightly Distracted,Down,True,591,13.2
2026-08-16 14:29:28,65,Slightly Distracted,Down,True,591,13.2
2026-08-16 14:29:29,58,Slightly Distracted,Down,False,591,13.2
2026-08-16 14:29:30,63,Slightly Distracted,Down,True,592,13.2
2026-08-16 14:29:31,65,Slightly Distracted,Left,True,592,13.2
2026-08-16 14:29:33,65,Slightly Distracted,Down,True,592,13.2
2026-08-16 14:29:34,65,Slightly Distracted,Down,True,592,13.2
2026-08-16 14:29:35,64,Slightly Distracted,Down,True,592,13.2
2026-08-16 14:29:36,61,Slightly Distracted,Down,False,592,13.2
2026-08-16 14:29:37,58,Slightly Distracted,Down,True,594,13.2
2026-08-16 14:29:38,59,Slightly Distracted,Down,False,594,13.2
2026-08-16 14:29:39,56,Slightly Distracted,Down,False,597,13.3
2026-08-16 14:29:40,56,Slightly Distracted,Down,False,598,13.3
2026-08-16 14:29:41,68,Slightly Distracted,Forward,True,599,13.3
2026-08-16 14:29:42,100,Highly Attentive,Forward,True,599,13.3
2026-08-16 14:29:43,100,Highly Attentive,Forward,True,599,13.3
2026-08-16 14:29:44,91,Highly Attentive,Down,False,599,13.3
2026-08-16 14:29:45,50,Slightly Distracted,Down,False,600,13.3
2026-08-16 14:29:46,45,Distracted,Down,False,600,13.3
2026-08-16 14:29:47,45,Distracted,Down,False,600,13.3
2026-08-16 14:29:48,51,Slightly Distracted,Down,False,603,13.4
2026-08-16 14:29:52,51,Slightly Distracted,Left,False,605,13.4
2026-08-16 14:29:53,64,Slightly Distracted,Forward,True,606,13.4
2026-08-16 14:29:54,72,Attentive,Left,False,607,13.4
2026-08-16 14:29:55,54,Slightly Distracted,Down,False,608,13.4
2026-08-16 14:29:56,51,Slightly Distracted,Down,False,608,13.4
2026-08-16 14:29:57,45,Distracted,Down,False,608,13.4
2026-08-16 14:29:58,45,Distracted,Down,False,608,13.4
2026-08-16 14:30:00,49,Distracted,Down,True,610,13.5
2026-08-16 14:30:01,58,Slightly Distracted,Left,False,611,13.5
2026-08-16 14:30:02,62,Slightly Distracted,Left,True,613,13.5
2026-08-16 14:30:03,99,Highly Attentive,Forward,True,613,13.5
2026-08-16 14:30:04,100,Highly Attentive,Forward,True,613,13.5
2026-08-16 14:30:05,100,Highly Attentive,Forward,True,613,13.5
2026-08-16 14:30:06,100,Highly Attentive,Forward,True,613,13.5
2026-08-16 14:30:07,100,Highly Attentive,Forward,True,613,13.5
2026-08-16 14:30:08,100,Highly Attentive,Forward,True,613,13.5
2026-08-16 14:30:09,97,Highly Attentive,Forward,False,614,13.5
2026-08-16 14:30:10,100,Highly Attentive,Forward,True,614,13.5
2026-08-16 14:30:11,100,Highly Attentive,Forward,True,614,13.5
2026-08-16 14:30:12,100,Highly Attentive,Forward,True,614,13.5
2026-08-16 14:30:13,100,Highly Attentive,Forward,True,614,13.5
2026-08-16 14:30:14,100,Highly Attentive,Forward,True,614,13.5
2026-08-16 14:30:15,100,Highly Attentive,Forward,True,614,13.5
2026-08-16 14:30:16,100,Highly Attentive,Forward,True,614,13.5
2026-08-16 14:30:17,100,Highly Attentive,Forward,True,614,13.5
2026-08-16 14:30:18,100,Highly Attentive,Forward,True,614,13.5
2026-08-16 14:30:19,100,Highly Attentive,Forward,True,614,13.5
2026-08-16 14:30:20,100,Highly Attentive,Forward,True,614,13.5
2026-08-16 14:30:21,100,Highly Attentive,Forward,True,614,13.5
2026-08-16 14:30:22,100,Highly Attentive,Forward,True,614,13.5
2026-08-16 14:30:23,100,Highly Attentive,Forward,True,614,13.4
2026-08-16 14:30:24,100,Highly Attentive,Forward,True,614,13.4
2026-08-16 14:30:25,100,Highly Attentive,Forward,True,614,13.4
2026-08-16 14:30:26,100,Highly Attentive,Forward,True,614,13.4
2026-08-16 14:30:27,100,Highly Attentive,Forward,True,614,13.4
2026-08-16 14:30:28,100,Highly Attentive,Forward,True,614,13.4
2026-08-16 14:30:29,100,Highly Attentive,Forward,True,614,13.4
2026-08-16 14:30:30,100,Highly Attentive,Forward,True,614,13.4
2026-08-16 14:30:31,100,Highly Attentive,Forward,True,614,13.4
2026-08-16 14:30:32,81,Attentive,Left,True,614,13.4
2026-08-16 14:30:33,65,Slightly Distracted,Left,True,614,13.4
2026-08-16 14:30:34,65,Slightly Distracted,Left,True,614,13.4
2026-08-16 14:30:35,65,Slightly Distracted,Left,True,614,13.4
2026-08-16 14:30:36,65,Slightly Distracted,Left,True,614,13.4
2026-08-16 14:30:37,65,Slightly Distracted,Left,True,614,13.4
2026-08-16 14:30:38,65,Slightly Distracted,Left,True,614,13.4
2026-08-16 14:30:39,76,Attentive,Left,True,614,13.4
2026-08-16 14:30:40,65,Slightly Distracted,Left,True,614,13.4
2026-08-16 14:30:41,86,Highly Attentive,Forward,True,614,13.4
2026-08-16 14:30:42,100,Highly Attentive,Forward,True,614,13.4
2026-08-16 14:30:43,100,Highly Attentive,Forward,True,614,13.3
2026-08-16 14:30:44,100,Highly Attentive,Forward,True,614,13.3
2026-08-16 14:30:45,100,Highly Attentive,Forward,True,614,13.3
2026-08-16 14:30:46,100,Highly Attentive,Forward,True,614,13.3
2026-08-16 14:30:47,100,Highly Attentive,Forward,True,614,13.3
2026-08-16 14:30:48,100,Highly Attentive,Forward,True,614,13.3
2026-08-16 14:30:49,100,Highly Attentive,Forward,True,614,13.3
2026-08-16 14:30:50,100,Highly Attentive,Forward,True,614,13.3
2026-08-16 14:30:51,82,Attentive,Forward,False,614,13.3
2026-08-16 14:30:53,88,Highly Attentive,Right,True,615,13.3
2026-08-16 14:30:54,66,Slightly Distracted,Forward,True,617,13.4
2026-08-16 14:30:55,100,Highly Attentive,Forward,True,617,13.4
2026-08-16 14:30:56,62,Slightly Distracted,Left,True,618,13.4
2026-08-16 14:30:57,92,Highly Attentive,Forward,True,618,13.4
2026-08-16 14:30:58,100,Highly Attentive,Forward,True,618,13.4
2026-08-16 14:30:59,100,Highly Attentive,Forward,True,618,13.4
2026-08-16 14:31:00,97,Highly Attentive,Forward,True,619,13.4
2026-08-16 14:31:01,89,Highly Attentive,Forward,True,620,13.4
2026-08-16 14:31:02,96,Highly Attentive,Left,True,620,13.4
2026-08-16 14:31:03,59,Slightly Distracted,Left,True,621,13.4
2026-08-16 14:31:04,52,Slightly Distracted,Left,False,621,13.4
2026-08-16 14:31:05,48,Distracted,Left,False,622,13.4
2026-08-16 14:31:06,79,Attentive,Forward,True,623,13.4
2026-08-16 14:31:07,98,Highly Attentive,Forward,True,624,13.4
2026-08-16 14:31:08,100,Highly Attentive,Forward,True,624,13.4
2026-08-16 14:31:09,93,Highly Attentive,Forward,True,625,13.5
2026-08-16 14:31:10,74,Attentive,Right,True,625,13.5
2026-08-16 14:31:12,66,Slightly Distracted,Down,True,626,13.5
2026-08-16 14:31:14,64,Slightly Distracted,Left,True,626,13.5
2026-08-16 14:31:15,62,Slightly Distracted,Left,True,627,13.5
2026-08-16 14:31:16,98,Highly Attentive,Forward,True,627,13.5
2026-08-16 14:31:17,100,Highly Attentive,Forward,True,627,13.5
2026-08-16 14:31:18,100,Highly Attentive,Forward,True,627,13.5
2026-08-16 14:31:19,100,Highly Attentive,Forward,True,627,13.5
2026-08-16 14:31:20,100,Highly Attentive,Forward,True,627,13.5
2026-08-16 14:31:21,100,Highly Attentive,Forward,True,627,13.4
2026-08-16 14:31:22,100,Highly Attentive,Forward,True,627,13.4
2026-08-16 14:31:23,100,Highly Attentive,Forward,True,627,13.4
2026-08-16 14:31:24,100,Highly Attentive,Forward,True,627,13.4
2026-08-16 14:31:25,100,Highly Attentive,Forward,True,627,13.4
2026-08-16 14:31:26,100,Highly Attentive,Forward,True,627,13.4
2026-08-16 14:31:27,100,Highly Attentive,Forward,True,627,13.4
2026-08-16 14:31:28,100,Highly Attentive,Forward,True,627,13.4
2026-08-16 14:31:29,100,Highly Attentive,Forward,True,627,13.4
2026-08-16 14:31:30,100,Highly Attentive,Forward,True,627,13.4
2026-08-16 14:31:31,100,Highly Attentive,Forward,True,627,13.4
2026-08-16 14:31:32,100,Highly Attentive,Forward,True,627,13.4
2026-08-16 14:31:33,100,Highly Attentive,Forward,True,627,13.4
2026-08-16 14:31:34,100,Highly Attentive,Forward,True,627,13.4
2026-08-16 14:31:35,100,Highly Attentive,Forward,True,627,13.4
2026-08-16 14:31:36,100,Highly Attentive,Forward,True,627,13.4
2026-08-16 14:31:37,100,Highly Attentive,Forward,True,627,13.4
2026-08-16 14:31:38,100,Highly Attentive,Forward,True,627,13.4
2026-08-16 14:31:39,100,Highly Attentive,Forward,True,627,13.4
2026-08-16 14:31:40,100,Highly Attentive,Forward,True,627,13.4
2026-08-16 14:31:41,100,Highly Attentive,Forward,True,627,13.3
2026-08-16 14:31:42,100,Highly Attentive,Forward,True,627,13.3
2026-08-16 14:31:43,100,Highly Attentive,Forward,True,627,13.3
2026-08-16 14:31:44,100,Highly Attentive,Forward,True,627,13.3
2026-08-16 14:31:45,99,Highly Attentive,Forward,True,627,13.3
2026-08-16 14:31:46,97,Highly Attentive,Forward,True,628,13.3
2026-08-16 14:31:47,98,Highly Attentive,Forward,True,629,13.4
2026-08-16 14:31:48,98,Highly Attentive,Forward,True,630,13.4
2026-08-16 14:31:49,95,Highly Attentive,Forward,False,631,13.4
2026-08-16 14:31:50,98,Highly Attentive,Forward,True,632,13.4
2026-08-16 14:31:51,80,Attentive,Left,False,632,13.4
2026-08-16 14:31:52,99,Highly Attentive,Forward,True,633,13.4
2026-08-16 14:31:53,99,Highly Attentive,Forward,True,633,13.4
2026-08-16 14:31:54,98,Highly Attentive,Forward,True,634,13.4
2026-08-16 14:31:55,97,Highly Attentive,Forward,True,635,13.5
2026-08-16 14:31:56,100,Highly Attentive,Forward,True,635,13.4
2026-08-16 14:31:57,100,Highly Attentive,Forward,True,635,13.4
2026-08-16 14:31:58,100,Highly Attentive,Forward,True,635,13.4
2026-08-16 14:31:59,96,Highly Attentive,Forward,True,636,13.5
2026-08-16 14:32:00,93,Highly Attentive,Forward,True,638,13.5
2026-08-16 14:32:01,94,Highly Attentive,Forward,True,639,13.5
2026-08-16 14:32:02,100,Highly Attentive,Forward,True,639,13.5
2026-08-16 14:32:03,95,Highly Attentive,Forward,True,640,13.5
2026-08-16 14:32:05,88,Highly Attentive,Forward,True,640,13.5
2026-08-16 14:32:06,94,Highly Attentive,Forward,True,640,13.5
2026-08-16 14:32:07,85,Highly Attentive,Forward,True,640,13.5
2026-08-16 14:32:08,86,Highly Attentive,Forward,True,640,13.5
2026-08-16 14:32:09,85,Highly Attentive,Forward,True,640,13.5
2026-08-16 14:32:10,85,Highly Attentive,Forward,True,640,13.5
2026-08-16 14:32:11,88,Highly Attentive,Forward,True,640,13.5
2026-08-16 14:32:12,96,Highly Attentive,Forward,True,641,13.5
2026-08-16 14:32:13,100,Highly Attentive,Forward,True,641,13.5
2026-08-16 14:32:14,100,Highly Attentive,Forward,True,641,13.5
2026-08-16 14:32:15,100,Highly Attentive,Forward,True,641,13.5
2026-08-16 14:32:16,100,Highly Attentive,Forward,True,641,13.5
2026-08-16 14:32:17,100,Highly Attentive,Forward,True,641,13.5
2026-08-16 14:32:18,100,Highly Attentive,Forward,True,641,13.5
2026-08-16 14:32:19,100,Highly Attentive,Forward,True,641,13.5
2026-08-16 14:32:20,100,Highly Attentive,Forward,True,641,13.5
2026-08-16 14:32:21,100,Highly Attentive,Forward,True,641,13.5
2026-08-16 14:32:22,100,Highly Attentive,Forward,True,641,13.5
2026-08-16 14:32:23,100,Highly Attentive,Forward,True,641,13.4
2026-08-16 14:32:24,100,Highly Attentive,Forward,True,641,13.4
2026-08-16 14:32:25,100,Highly Attentive,Forward,True,641,13.4
2026-08-16 14:32:26,100,Highly Attentive,Forward,True,641,13.4
2026-08-16 14:32:27,100,Highly Attentive,Forward,True,641,13.4
2026-08-16 14:32:28,100,Highly Attentive,Forward,True,641,13.4
2026-08-16 14:32:29,100,Highly Attentive,Forward,True,641,13.4
2026-08-16 14:32:30,100,Highly Attentive,Forward,True,641,13.4
2026-08-16 14:32:31,100,Highly Attentive,Forward,True,641,13.4
2026-08-16 14:32:32,100,Highly Attentive,Forward,True,641,13.4
2026-08-16 14:32:33,94,Highly Attentive,Left,True,641,13.4
2026-08-16 14:32:34,98,Highly Attentive,Forward,True,641,13.4
2026-08-16 14:32:35,100,Highly Attentive,Forward,True,641,13.4
2026-08-16 14:32:36,100,Highly Attentive,Forward,True,641,13.4
2026-08-16 14:32:37,100,Highly Attentive,Forward,True,641,13.4
2026-08-16 14:32:38,100,Highly Attentive,Forward,True,641,13.4
2026-08-16 14:32:39,100,Highly Attentive,Forward,True,641,13.4
2026-08-16 14:32:40,100,Highly Attentive,Forward,True,641,13.4
2026-08-16 14:32:41,100,Highly Attentive,Forward,True,641,13.4
2026-08-16 14:32:42,100,Highly Attentive,Forward,True,641,13.4
2026-08-16 14:32:43,100,Highly Attentive,Forward,True,641,13.4
2026-08-16 14:32:44,100,Highly Attentive,Forward,True,641,13.3
2026-08-16 14:32:45,100,Highly Attentive,Forward,True,641,13.3
2026-08-16 14:32:46,100,Highly Attentive,Forward,True,641,13.3
2026-08-16 14:32:47,100,Highly Attentive,Forward,True,641,13.3
2026-08-16 14:32:48,100,Highly Attentive,Forward,True,641,13.3
2026-08-16 14:32:49,100,Highly Attentive,Forward,True,641,13.3
2026-08-16 14:32:50,99,Highly Attentive,Forward,False,641,13.3
2026-08-16 14:32:51,74,Attentive,Down,True,642,13.3
2026-08-16 14:32:52,68,Slightly Distracted,Down,True,642,13.3
2026-08-16 14:32:54,86,Highly Attentive,Forward,True,642,13.3
2026-08-16 14:32:55,100,Highly Attentive,Forward,True,642,13.3
2026-08-16 14:32:56,100,Highly Attentive,Forward,True,642,13.3
2026-08-16 14:32:57,100,Highly Attentive,Forward,True,642,13.3
2026-08-16 14:32:58,100,Highly Attentive,Forward,True,642,13.3
2026-08-16 14:32:59,100,Highly Attentive,Forward,True,642,13.3
2026-08-16 14:33:00,100,Highly Attentive,Forward,True,642,13.3
2026-08-16 14:33:01,99,Highly Attentive,Forward,True,642,13.3
2026-08-16 14:33:02,100,Highly Attentive,Forward,True,642,13.3
2026-08-16 14:33:03,100,Highly Attentive,Forward,True,642,13.3
2026-08-16 14:33:04,100,Highly Attentive,Forward,True,642,13.3
2026-08-16 14:33:05,100,Highly Attentive,Forward,True,642,13.3
2026-08-16 14:33:06,96,Highly Attentive,Forward,True,642,13.3
2026-08-16 14:33:07,71,Attentive,Right,True,642,13.3
2026-08-16 14:33:08,65,Slightly Distracted,Down,True,642,13.3
2026-08-16 14:33:09,66,Slightly Distracted,Forward,True,642,13.3
2026-08-16 14:33:10,100,Highly Attentive,Forward,True,642,13.3
2026-08-16 14:33:11,100,Highly Attentive,Forward,True,642,13.2
2026-08-16 14:33:12,100,Highly Attentive,Forward,True,642,13.2
2026-08-16 14:33:13,100,Highly Attentive,Forward,True,642,13.2
2026-08-16 14:33:14,100,Highly Attentive,Forward,True,642,13.2
2026-08-16 14:33:15,100,Highly Attentive,Forward,True,642,13.2
2026-08-16 14:33:16,100,Highly Attentive,Forward,True,642,13.2
2026-08-16 14:33:17,100,Highly Attentive,Forward,True,642,13.2
2026-08-16 14:33:18,100,Highly Attentive,Forward,True,642,13.2
2026-08-16 14:33:19,100,Highly Attentive,Forward,True,642,13.2
2026-08-16 14:33:20,100,Highly Attentive,Forward,True,642,13.2
2026-08-16 14:33:21,100,Highly Attentive,Forward,True,642,13.2
2026-08-16 14:33:22,100,Highly Attentive,Forward,True,642,13.2
2026-08-16 14:33:23,100,Highly Attentive,Forward,True,642,13.2
2026-08-16 14:33:24,100,Highly Attentive,Forward,True,642,13.2
2026-08-16 14:33:25,100,Highly Attentive,Forward,True,642,13.2
2026-08-16 14:33:26,100,Highly Attentive,Forward,True,642,13.2
2026-08-16 14:33:27,95,Highly Attentive,Down,True,642,13.2
2026-08-16 14:33:28,84,Attentive,Down,True,642,13.2
2026-08-16 14:33:29,68,Slightly Distracted,Down,True,642,13.2
2026-08-16 14:33:30,100,Highly Attentive,Forward,True,642,13.2
2026-08-16 14:33:31,100,Highly Attentive,Forward,True,642,13.2
2026-08-16 14:33:32,95,Highly Attentive,Down,True,642,13.1
2026-08-16 14:33:33,68,Slightly Distracted,Down,True,642,13.1
2026-08-16 14:33:34,75,Attentive,Forward,True,643,13.2
2026-08-16 14:33:35,100,Highly Attentive,Forward,True,643,13.2
2026-08-16 14:33:36,100,Highly Attentive,Forward,True,643,13.2
2026-08-16 14:33:37,100,Highly Attentive,Forward,True,643,13.1
2026-08-16 14:33:38,100,Highly Attentive,Forward,True,643,13.1
2026-08-16 14:33:39,100,Highly Attentive,Forward,True,643,13.1
2026-08-16 14:33:40,100,Highly Attentive,Forward,True,643,13.1
2026-08-16 14:33:41,100,Highly Attentive,Forward,True,643,13.1
2026-08-16 14:33:43,100,Highly Attentive,Forward,True,643,13.1
2026-08-16 14:33:44,100,Highly Attentive,Forward,True,643,13.1
2026-08-16 14:33:45,100,Highly Attentive,Forward,True,643,13.1
2026-08-16 14:33:46,94,Highly Attentive,Forward,True,644,13.1
2026-08-16 14:33:47,100,Highly Attentive,Forward,True,644,13.1
2026-08-16 14:33:48,97,Highly Attentive,Forward,True,645,13.1
2026-08-16 14:33:49,99,Highly Attentive,Forward,False,645,13.1
2026-08-16 14:33:50,98,Highly Attentive,Forward,True,646,13.2
2026-08-16 14:33:51,94,Highly Attentive,Forward,True,648,13.2
2026-08-16 14:33:52,91,Highly Attentive,Forward,False,648,13.2
2026-08-16 14:33:53,98,Highly Attentive,Forward,True,649,13.2
2026-08-16 14:33:54,91,Highly Attentive,Forward,True,650,13.2
2026-08-16 14:33:55,99,Highly Attentive,Forward,True,650,13.2
2026-08-16 14:33:56,92,Highly Attentive,Forward,False,651,13.2
2026-08-16 14:33:57,91,Highly Attentive,Forward,True,653,13.3
2026-08-16 14:33:58,92,Highly Attentive,Forward,True,655,13.3
2026-08-16 14:33:59,100,Highly Attentive,Forward,True,655,13.3
2026-08-16 14:34:00,100,Highly Attentive,Forward,True,655,13.3
2026-08-16 14:34:01,99,Highly Attentive,Forward,True,656,13.3
2026-08-16 14:34:02,96,Highly Attentive,Forward,True,657,13.3
2026-08-16 14:34:03,100,Highly Attentive,Forward,True,657,13.3
2026-08-16 14:34:04,88,Highly Attentive,Down,True,659,13.4
2026-08-16 14:34:05,89,Highly Attentive,Forward,False,659,13.3
2026-08-16 14:34:06,100,Highly Attentive,Forward,True,659,13.3
2026-08-16 14:34:07,97,Highly Attentive,Forward,True,660,13.4
2026-08-16 14:34:08,100,Highly Attentive,Forward,True,660,13.4
2026-08-16 14:34:09,100,Highly Attentive,Forward,True,660,13.4
2026-08-16 14:34:10,100,Highly Attentive,Forward,True,660,13.3
2026-08-16 14:34:11,100,Highly Attentive,Forward,True,660,13.3
2026-08-16 14:34:12,100,Highly Attentive,Forward,True,660,13.3
2026-08-16 14:34:13,96,Highly Attentive,Forward,True,661,13.4
2026-08-16 14:34:14,100,Highly Attentive,Forward,True,661,13.3
2026-08-16 14:34:15,100,Highly Attentive,Forward,True,661,13.3
2026-08-16 14:34:16,100,Highly Attentive,Forward,True,661,13.3
2026-08-16 14:34:17,100,Highly Attentive,Forward,True,661,13.3
2026-08-16 14:34:18,92,Highly Attentive,Forward,False,662,13.4
2026-08-16 14:34:19,91,Highly Attentive,Forward,True,665,13.4
2026-08-16 14:34:20,98,Highly Attentive,Forward,True,666,13.4
2026-08-16 14:34:21,100,Highly Attentive,Forward,True,666,13.4
2026-08-16 14:34:22,100,Highly Attentive,Forward,True,666,13.4
2026-08-16 14:34:23,100,Highly Attentive,Forward,True,666,13.4
2026-08-16 14:34:24,80,Attentive,Left,True,666,13.4
2026-08-16 14:34:25,66,Slightly Distracted,Left,True,666,13.4
2026-08-16 14:34:26,100,Highly Attentive,Forward,True,666,13.4
2026-08-16 14:34:27,100,Highly Attentive,Forward,True,666,13.4
2026-08-16 14:34:28,100,Highly Attentive,Forward,True,666,13.4
2026-08-16 14:34:29,100,Highly Attentive,Forward,True,666,13.4
2026-08-16 14:34:30,100,Highly Attentive,Forward,True,666,13.4
2026-08-16 14:34:31,100,Highly Attentive,Forward,True,666,13.4
2026-08-16 14:34:32,100,Highly Attentive,Forward,True,666,13.4
2026-08-16 14:34:33,100,Highly Attentive,Forward,True,666,13.4
2026-08-16 14:34:35,97,Highly Attentive,Forward,True,667,13.4
2026-08-16 14:34:36,100,Highly Attentive,Forward,True,667,13.4
2026-08-16 14:34:37,100,Highly Attentive,Forward,True,667,13.4
2026-08-16 14:34:38,100,Highly Attentive,Forward,True,667,13.4
2026-08-16 14:34:39,98,Highly Attentive,Forward,True,668,13.4
2026-08-16 14:34:40,100,Highly Attentive,Forward,True,668,13.4
2026-08-16 14:34:41,100,Highly Attentive,Forward,True,668,13.4
2026-08-16 14:34:42,100,Highly Attentive,Forward,True,668,13.4
2026-08-16 14:34:43,100,Highly Attentive,Forward,True,668,13.4
2026-08-16 14:34:44,100,Highly Attentive,Forward,True,668,13.4
2026-08-16 14:34:45,100,Highly Attentive,Forward,True,668,13.4
2026-08-16 14:34:46,98,Highly Attentive,Forward,False,668,13.3
2026-08-16 14:34:47,98,Highly Attentive,Forward,True,670,13.4
2026-08-16 14:34:48,100,Highly Attentive,Forward,True,670,13.4
2026-08-16 14:34:49,100,Highly Attentive,Forward,True,670,13.4
2026-08-16 14:34:50,100,Highly Attentive,Forward,True,670,13.4
2026-08-16 14:34:51,100,Highly Attentive,Forward,True,670,13.4
2026-08-16 14:34:52,100,Highly Attentive,Forward,True,670,13.4
2026-08-16 14:34:53,97,Highly Attentive,Forward,True,671,13.4
2026-08-16 14:34:54,100,Highly Attentive,Forward,True,671,13.4
2026-08-16 14:34:55,100,Highly Attentive,Forward,True,671,13.4
2026-08-16 14:34:56,100,Highly Attentive,Forward,True,671,13.4
2026-08-16 14:34:57,100,Highly Attentive,Forward,True,671,13.4
2026-08-16 14:34:58,100,Highly Attentive,Forward,True,671,13.4
2026-08-16 14:34:59,100,Highly Attentive,Forward,True,671,13.3
2026-08-16 14:35:00,100,Highly Attentive,Forward,True,671,13.3
2026-08-16 14:35:01,100,Highly Attentive,Forward,True,671,13.3
2026-08-16 14:35:02,100,Highly Attentive,Forward,True,671,13.3
2026-08-16 14:35:03,100,Highly Attentive,Forward,True,671,13.3
2026-08-16 14:35:04,100,Highly Attentive,Forward,True,671,13.3
2026-08-16 14:35:05,100,Highly Attentive,Forward,True,671,13.3
2026-08-16 14:35:06,98,Highly Attentive,Forward,True,672,13.3
2026-08-16 14:35:07,100,Highly Attentive,Forward,True,672,13.3
2026-08-16 14:35:08,100,Highly Attentive,Forward,True,672,13.3
2026-08-16 14:35:09,100,Highly Attentive,Forward,True,672,13.3
2026-08-16 14:35:10,97,Highly Attentive,Forward,True,673,13.3
2026-08-16 14:35:11,84,Attentive,Forward,True,674,13.4
2026-08-16 14:35:12,80,Attentive,Left,True,674,13.3
2026-08-16 14:35:13,83,Attentive,Forward,False,676,13.4
2026-08-16 14:35:14,99,Highly Attentive,Forward,True,677,13.4
2026-08-16 14:35:15,97,Highly Attentive,Forward,True,678,13.4
2026-08-16 14:35:16,100,Highly Attentive,Forward,True,678,13.4
2026-08-16 14:35:17,97,Highly Attentive,Forward,True,679,13.4
2026-08-16 14:35:18,100,Highly Attentive,Forward,True,679,13.4
2026-08-16 14:35:19,100,Highly Attentive,Forward,True,679,13.4
2026-08-16 14:35:20,93,Highly Attentive,Forward,True,681,13.5
2026-08-16 14:35:21,100,Highly Attentive,Forward,True,681,13.4
2026-08-16 14:35:22,97,Highly Attentive,Forward,True,682,13.5
2026-08-16 14:35:23,100,Highly Attentive,Forward,True,682,13.5
2026-08-16 14:35:25,91,Highly Attentive,Forward,True,682,13.5
2026-08-16 14:35:26,100,Highly Attentive,Forward,True,682,13.4
2026-08-16 14:35:27,97,Highly Attentive,Forward,True,683,13.5
2026-08-16 14:35:28,100,Highly Attentive,Forward,True,683,13.5
2026-08-16 14:35:29,100,Highly Attentive,Forward,True,683,13.5
2026-08-16 14:35:30,100,Highly Attentive,Forward,True,683,13.5
2026-08-16 14:35:31,99,Highly Attentive,Forward,True,683,13.4
2026-08-16 14:35:32,88,Highly Attentive,Forward,True,684,13.5
2026-08-16 14:35:33,92,Highly Attentive,Forward,True,686,13.5
2026-08-16 14:35:34,100,Highly Attentive,Forward,True,686,13.5
2026-08-16 14:35:35,100,Highly Attentive,Forward,True,686,13.5
2026-08-16 14:35:36,100,Highly Attentive,Forward,True,686,13.5
2026-08-16 14:35:37,100,Highly Attentive,Forward,True,686,13.5
2026-08-16 14:35:38,97,Highly Attentive,Forward,True,687,13.5
2026-08-16 14:35:39,100,Highly Attentive,Forward,True,687,13.5
2026-08-16 14:35:40,100,Highly Attentive,Forward,True,687,13.5
2026-08-16 14:35:41,100,Highly Attentive,Forward,True,687,13.5
2026-08-16 14:35:42,100,Highly Attentive,Forward,True,687,13.5
2026-08-16 14:35:43,100,Highly Attentive,Forward,True,687,13.5
2026-08-16 14:35:44,100,Highly Attentive,Forward,True,687,13.5
2026-08-16 14:35:45,100,Highly Attentive,Forward,True,687,13.5
2026-08-16 14:35:46,100,Highly Attentive,Forward,True,687,13.5
2026-08-16 14:35:47,100,Highly Attentive,Forward,True,687,13.5
2026-08-16 14:35:48,99,Highly Attentive,Forward,True,687,13.4
2026-08-16 14:35:49,100,Highly Attentive,Forward,True,687,13.4
2026-08-16 14:35:50,100,Highly Attentive,Forward,True,687,13.4
2026-08-16 14:35:51,100,Highly Attentive,Forward,True,687,13.4
2026-08-16 14:35:52,100,Highly Attentive,Forward,True,687,13.4
2026-08-16 14:35:53,100,Highly Attentive,Forward,True,687,13.4
2026-08-16 14:35:54,100,Highly Attentive,Forward,True,687,13.4
2026-08-16 14:35:55,100,Highly Attentive,Forward,True,687,13.4
2026-08-16 14:35:56,100,Highly Attentive,Forward,True,687,13.4
2026-08-16 14:35:57,100,Highly Attentive,Forward,True,687,13.4
2026-08-16 14:35:58,98,Highly Attentive,Forward,True,688,13.4
2026-08-16 14:35:59,97,Highly Attentive,Forward,True,689,13.4
2026-08-16 14:36:00,70,Attentive,Left,True,691,13.5
2026-08-16 14:36:01,94,Highly Attentive,Forward,True,691,13.5
2026-08-16 14:36:02,97,Highly Attentive,Forward,True,692,13.5
2026-08-16 14:36:03,100,Highly Attentive,Forward,True,692,13.5
2026-08-16 14:36:04,99,Highly Attentive,Forward,True,692,13.5
2026-08-16 14:36:05,99,Highly Attentive,Forward,True,692,13.5
2026-08-16 14:36:06,100,Highly Attentive,Forward,True,692,13.5
2026-08-16 14:36:07,99,Highly Attentive,Forward,True,692,13.5
2026-08-16 14:36:08,100,Highly Attentive,Forward,True,692,13.5
2026-08-16 14:36:09,99,Highly Attentive,Forward,True,692,13.5
2026-08-16 14:36:10,99,Highly Attentive,Forward,True,692,13.4
2026-08-16 14:36:11,99,Highly Attentive,Forward,True,692,13.4
2026-08-16 14:36:12,100,Highly Attentive,Forward,True,692,13.4
2026-08-16 14:36:13,98,Highly Attentive,Forward,True,693,13.5
2026-08-16 14:36:14,99,Highly Attentive,Forward,True,693,13.4
2026-08-16 14:36:16,99,Highly Attentive,Forward,True,693,13.4
2026-08-16 14:36:17,99,Highly Attentive,Forward,True,693,13.4
2026-08-16 14:36:18,98,Highly Attentive,Forward,True,694,13.5
2026-08-16 14:36:19,100,Highly Attentive,Forward,True,694,13.5
2026-08-16 14:36:20,100,Highly Attentive,Forward,True,694,13.4
2026-08-16 14:36:21,100,Highly Attentive,Forward,True,694,13.4
2026-08-16 14:36:22,100,Highly Attentive,Forward,True,694,13.4
2026-08-16 14:36:23,100,Highly Attentive,Forward,True,694,13.4
2026-08-16 14:36:24,100,Highly Attentive,Forward,True,694,13.4
2026-08-16 14:36:25,100,Highly Attentive,Forward,True,694,13.4
2026-08-16 14:36:26,100,Highly Attentive,Forward,True,694,13.4
2026-08-16 14:36:27,100,Highly Attentive,Forward,True,694,13.4
2026-08-16 14:36:28,100,Highly Attentive,Forward,True,694,13.4
2026-08-16 14:36:29,100,Highly Attentive,Forward,True,694,13.4
2026-08-16 14:36:30,99,Highly Attentive,Forward,True,694,13.4
2026-08-16 14:36:31,98,Highly Attentive,Forward,True,695,13.4
2026-08-16 14:36:32,100,Highly Attentive,Forward,True,695,13.4
2026-08-16 14:36:33,100,Highly Attentive,Forward,True,695,13.4
2026-08-16 14:36:34,100,Highly Attentive,Forward,True,695,13.4
2026-08-16 14:36:35,100,Highly Attentive,Forward,True,695,13.4
2026-08-16 14:36:36,100,Highly Attentive,Forward,True,695,13.4
2026-08-16 14:36:37,100,Highly Attentive,Forward,True,695,13.4
2026-08-16 14:36:38,100,Highly Attentive,Forward,True,695,13.4
2026-08-16 14:36:39,100,Highly Attentive,Forward,True,695,13.4
2026-08-16 14:36:40,100,Highly Attentive,Forward,True,695,13.4
2026-08-16 14:36:41,100,Highly Attentive,Forward,True,695,13.4
2026-08-16 14:36:42,98,Highly Attentive,Forward,True,696,13.4
2026-08-16 14:36:43,100,Highly Attentive,Forward,True,696,13.4
2026-08-16 14:36:44,100,Highly Attentive,Forward,True,696,13.4
2026-08-16 14:36:45,100,Highly Attentive,Forward,True,696,13.4
2026-08-16 14:36:46,100,Highly Attentive,Forward,True,696,13.4
2026-08-16 14:36:47,100,Highly Attentive,Forward,True,696,13.4
2026-08-16 14:36:48,98,Highly Attentive,Forward,True,697,13.4
2026-08-16 14:36:49,100,Highly Attentive,Forward,True,697,13.4
2026-08-16 14:36:50,100,Highly Attentive,Forward,True,697,13.4
2026-08-16 14:36:51,100,Highly Attentive,Forward,True,697,13.4
2026-08-16 14:36:52,100,Highly Attentive,Forward,True,697,13.4
2026-08-16 14:36:53,100,Highly Attentive,Forward,True,697,13.4
2026-08-16 14:36:54,70,Slightly Distracted,Left,True,697,13.4
2026-08-16 14:36:55,65,Slightly Distracted,Left,True,697,13.4
2026-08-16 14:36:56,65,Slightly Distracted,Left,True,697,13.3
2026-08-16 14:36:57,65,Slightly Distracted,Left,True,697,13.3
2026-08-16 14:36:58,65,Slightly Distracted,Left,True,697,13.3
2026-08-16 14:36:59,65,Slightly Distracted,Left,True,697,13.3
2026-08-16 14:37:00,65,Slightly Distracted,Left,True,697,13.3
2026-08-16 14:37:01,65,Slightly Distracted,Left,True,697,13.3
2026-08-16 14:37:02,74,Attentive,Forward,True,697,13.3
2026-08-16 14:37:03,99,Highly Attentive,Left,True,697,13.3
2026-08-16 14:37:05,65,Slightly Distracted,Left,True,697,13.3
2026-08-16 14:37:06,93,Highly Attentive,Forward,True,697,13.3
2026-08-16 14:37:07,100,Highly Attentive,Forward,True,697,13.3
2026-08-16 14:37:08,91,Highly Attentive,Down,True,697,13.3
2026-08-16 14:37:09,83,Attentive,Forward,True,698,13.3
2026-08-16 14:37:10,100,Highly Attentive,Forward,True,698,13.3
2026-08-16 14:37:11,100,Highly Attentive,Forward,True,698,13.3
2026-08-16 14:37:12,100,Highly Attentive,Forward,True,698,13.3
2026-08-16 14:37:13,100,Highly Attentive,Forward,True,698,13.3
2026-08-16 14:37:14,100,Highly Attentive,Forward,True,698,13.3
2026-08-16 14:37:15,100,Highly Attentive,Forward,True,698,13.3
2026-08-16 14:37:16,100,Highly Attentive,Forward,True,698,13.3
2026-08-16 14:37:17,89,Highly Attentive,Down,True,699,13.3
2026-08-16 14:37:18,66,Slightly Distracted,Down,True,699,13.3
2026-08-16 14:37:19,90,Highly Attentive,Forward,True,699,13.3
2026-08-16 14:37:20,100,Highly Attentive,Forward,True,699,13.3
2026-08-16 14:37:21,100,Highly Attentive,Forward,True,699,13.3
2026-08-16 14:37:22,100,Highly Attentive,Forward,True,699,13.3
2026-08-16 14:37:23,100,Highly Attentive,Forward,True,699,13.3
2026-08-16 14:37:24,97,Highly Attentive,Forward,True,700,13.3
2026-08-16 14:37:25,100,Highly Attentive,Forward,True,700,13.3
2026-08-16 14:37:26,100,Highly Attentive,Forward,True,700,13.3
2026-08-16 14:37:27,100,Highly Attentive,Forward,True,700,13.3
2026-08-16 14:37:28,100,Highly Attentive,Forward,True,700,13.3
2026-08-16 14:37:29,87,Highly Attentive,Left,True,700,13.3
2026-08-16 14:37:30,81,Attentive,Forward,True,700,13.3
2026-08-16 14:37:31,100,Highly Attentive,Forward,True,700,13.3
2026-08-16 14:37:32,80,Attentive,Forward,True,700,13.3
2026-08-16 14:37:33,100,Highly Attentive,Forward,True,700,13.2
2026-08-16 14:37:34,100,Highly Attentive,Forward,True,700,13.2
2026-08-16 14:37:35,100,Highly Attentive,Forward,True,700,13.2
2026-08-16 14:37:36,100,Highly Attentive,Forward,True,700,13.2
2026-08-16 14:37:37,100,Highly Attentive,Forward,True,700,13.2
2026-08-16 14:37:38,100,Highly Attentive,Forward,True,700,13.2
2026-08-16 14:37:39,100,Highly Attentive,Forward,True,700,13.2
2026-08-16 14:37:40,100,Highly Attentive,Forward,True,700,13.2
2026-08-16 14:37:41,100,Highly Attentive,Forward,True,700,13.2
2026-08-16 14:37:42,100,Highly Attentive,Forward,True,700,13.2
2026-08-16 14:37:43,100,Highly Attentive,Forward,True,700,13.2
2026-08-16 14:37:44,97,Highly Attentive,Forward,True,701,13.2
2026-08-16 14:37:45,100,Highly Attentive,Forward,True,701,13.2
2026-08-16 14:37:46,100,Highly Attentive,Forward,True,701,13.2
2026-08-16 14:37:47,100,Highly Attentive,Forward,True,701,13.2
2026-08-16 14:37:48,100,Highly Attentive,Forward,True,701,13.2
2026-08-16 14:37:49,100,Highly Attentive,Forward,True,701,13.2
2026-08-16 14:37:50,100,Highly Attentive,Forward,True,701,13.2
2026-08-16 14:37:51,100,Highly Attentive,Forward,True,701,13.2
2026-08-16 14:37:52,100,Highly Attentive,Forward,True,701,13.2
2026-08-16 14:37:53,100,Highly Attentive,Forward,True,701,13.2
2026-08-16 14:37:54,100,Highly Attentive,Forward,True,701,13.2
2026-08-16 14:37:56,100,Highly Attentive,Forward,True,701,13.2
2026-08-16 14:37:57,98,Highly Attentive,Forward,True,702,13.2
2026-08-16 14:37:58,100,Highly Attentive,Forward,True,702,13.2
2026-08-16 14:37:59,100,Highly Attentive,Forward,True,702,13.2
2026-08-16 14:38:00,100,Highly Attentive,Forward,True,702,13.2
2026-08-16 14:38:01,100,Highly Attentive,Forward,True,702,13.2
2026-08-16 14:38:02,100,Highly Attentive,Forward,True,702,13.2
2026-08-16 14:38:03,100,Highly Attentive,Forward,True,702,13.2
2026-08-16 14:38:04,100,Highly Attentive,Forward,True,702,13.2
2026-08-16 14:38:05,100,Highly Attentive,Forward,True,702,13.2
2026-08-16 14:38:06,100,Highly Attentive,Forward,True,702,13.2
2026-08-16 14:38:07,100,Highly Attentive,Forward,True,702,13.1
2026-08-16 14:38:08,100,Highly Attentive,Forward,True,702,13.1
2026-08-16 14:38:09,100,Highly Attentive,Forward,True,702,13.1
2026-08-16 14:38:10,100,Highly Attentive,Forward,True,702,13.1
2026-08-16 14:38:11,100,Highly Attentive,Forward,True,702,13.1
2026-08-16 14:38:12,100,Highly Attentive,Forward,True,702,13.1
2026-08-16 14:38:13,100,Highly Attentive,Forward,True,702,13.1
2026-08-16 14:38:14,100,Highly Attentive,Forward,True,702,13.1
2026-08-16 14:38:15,100,Highly Attentive,Forward,True,702,13.1
2026-08-16 14:38:16,100,Highly Attentive,Forward,True,702,13.1
2026-08-16 14:38:17,100,Highly Attentive,Forward,True,702,13.1
2026-08-16 14:38:18,100,Highly Attentive,Forward,True,702,13.1
2026-08-16 14:38:19,100,Highly Attentive,Forward,True,702,13.1
2026-08-16 14:38:20,100,Highly Attentive,Forward,True,702,13.1
2026-08-16 14:38:21,99,Highly Attentive,Forward,True,702,13.1
2026-08-16 14:38:22,100,Highly Attentive,Forward,True,702,13.1
2026-08-16 14:38:23,100,Highly Attentive,Forward,True,702,13.1
2026-08-16 14:38:24,100,Highly Attentive,Forward,True,702,13.1
2026-08-16 14:38:27,84,Attentive,Left,True,703,13.1
2026-08-16 14:38:28,62,Slightly Distracted,Left,False,703,13.1
2026-08-16 14:38:29,90,Highly Attentive,Forward,True,704,13.1
2026-08-16 14:38:30,100,Highly Attentive,Forward,True,704,13.1
2026-08-16 14:38:31,99,Highly Attentive,Forward,False,704,13.1
2026-08-16 14:38:32,100,Highly Attentive,Forward,True,705,13.1
2026-08-16 14:38:33,98,Highly Attentive,Forward,True,706,13.1
2026-08-16 14:38:34,100,Highly Attentive,Forward,True,706,13.1
2026-08-16 14:38:35,68,Slightly Distracted,Left,True,706,13.1
2026-08-16 14:38:36,51,Slightly Distracted,Left,False,707,13.1
2026-08-16 14:38:37,85,Highly Attentive,Forward,True,708,13.1
2026-08-16 14:38:38,100,Highly Attentive,Forward,True,708,13.1
2026-08-16 14:38:39,100,Highly Attentive,Forward,True,708,13.1
2026-08-16 14:38:40,100,Highly Attentive,Forward,True,708,13.1
2026-08-16 14:38:41,100,Highly Attentive,Forward,True,708,13.1
2026-08-16 14:38:42,100,Highly Attentive,Forward,True,708,13.1
2026-08-16 14:38:43,100,Highly Attentive,Forward,True,708,13.1
2026-08-16 14:38:44,100,Highly Attentive,Forward,True,708,13.1
2026-08-16 14:38:45,99,Highly Attentive,Forward,True,708,13.1
2026-08-16 14:38:46,100,Highly Attentive,Forward,True,708,13.1
2026-08-16 14:38:47,100,Highly Attentive,Forward,True,708,13.1
2026-08-16 14:38:48,100,Highly Attentive,Forward,True,708,13.1
2026-08-16 14:38:49,100,Highly Attentive,Forward,True,708,13.1
2026-08-16 14:38:50,100,Highly Attentive,Forward,True,708,13.1
2026-08-16 14:38:51,100,Highly Attentive,Forward,True,708,13.1
2026-08-16 14:38:52,100,Highly Attentive,Forward,True,708,13.1
2026-08-16 14:38:53,99,Highly Attentive,Forward,False,708,13.1
2026-08-16 14:38:54,100,Highly Attentive,Forward,True,709,13.1
2026-08-16 14:39:09,98,Highly Attentive,Forward,True,709,13.0
2026-08-16 14:39:10,100,Highly Attentive,Forward,True,709,13.0
2026-08-16 14:39:11,100,Highly Attentive,Forward,True,709,13.0
2026-08-16 14:39:13,100,Highly Attentive,Forward,True,709,13.0
2026-08-16 14:39:14,100,Highly Attentive,Forward,True,709,13.0
2026-08-16 14:39:15,100,Highly Attentive,Forward,True,709,13.0
2026-08-16 14:39:16,100,Highly Attentive,Forward,True,709,13.0
2026-08-16 14:39:17,100,Highly Attentive,Forward,True,709,13.0
2026-08-16 14:39:18,100,Highly Attentive,Forward,True,709,13.0
2026-08-16 14:39:19,100,Highly Attentive,Forward,True,709,13.0
2026-08-16 14:39:20,100,Highly Attentive,Forward,True,709,13.0
2026-08-16 14:39:21,100,Highly Attentive,Forward,True,709,13.0
2026-08-16 14:39:22,100,Highly Attentive,Forward,True,709,13.0
2026-08-16 15:11:45,97,Highly Attentive,Forward,True,709,8.1
2026-08-16 15:11:46,96,Highly Attentive,Forward,False,709,8.1
2026-08-16 15:11:47,92,Highly Attentive,Forward,True,711,8.2
2026-08-16 15:11:48,99,Highly Attentive,Forward,True,711,8.2
2026-08-16 15:11:49,93,Highly Attentive,Forward,True,714,8.2
2026-08-16 15:11:50,96,Highly Attentive,Forward,False,714,8.2
2026-08-16 15:11:51,68,Slightly Distracted,Forward,True,715,8.2
2026-08-16 15:11:52,100,Highly Attentive,Forward,True,715,8.2
2026-08-16 15:11:53,100,Highly Attentive,Forward,True,715,8.2
2026-08-16 15:11:54,98,Highly Attentive,Forward,True,716,8.2
2026-08-16 15:11:55,91,Highly Attentive,Forward,False,716,8.2
2026-08-16 15:11:56,90,Highly Attentive,Forward,True,717,8.2
2026-08-16 15:11:57,90,Highly Attentive,Forward,True,718,8.2
2026-08-16 15:11:58,95,Highly Attentive,Forward,True,719,8.2
2026-08-16 15:11:59,81,Attentive,Forward,False,719,8.2
2026-08-16 15:12:00,99,Highly Attentive,Forward,True,720,8.2
2026-08-16 15:12:01,94,Highly Attentive,Forward,True,721,8.3
2026-08-16 15:12:02,97,Highly Attentive,Forward,True,721,8.3
2026-08-16 15:12:04,68,Slightly Distracted,Down,True,721,8.3
2026-08-16 15:12:05,65,Slightly Distracted,Down,True,721,8.3
2026-08-16 15:12:06,64,Slightly Distracted,Down,False,721,8.3
2026-08-16 15:12:07,63,Slightly Distracted,Down,True,722,8.3
2026-08-16 15:12:08,63,Slightly Distracted,Down,True,723,8.3
2026-08-16 15:12:09,64,Slightly Distracted,Down,True,723,8.3
2026-08-16 15:12:10,65,Slightly Distracted,Down,True,723,8.3
2026-08-16 15:12:11,65,Slightly Distracted,Down,True,723,8.3
2026-08-16 15:12:12,65,Slightly Distracted,Down,True,723,8.3
2026-08-16 15:12:13,65,Slightly Distracted,Down,True,723,8.3
2026-08-16 15:12:14,91,Highly Attentive,Forward,True,723,8.3
2026-08-16 15:12:15,93,Highly Attentive,Forward,False,723,8.3
2026-08-16 15:12:16,74,Attentive,Down,False,724,8.3
2026-08-16 15:12:17,52,Slightly Distracted,Down,True,725,8.3
2026-08-16 15:12:18,65,Slightly Distracted,Down,True,725,8.3
2026-08-16 15:12:19,65,Slightly Distracted,Down,True,725,8.3
2026-08-16 15:12:20,65,Slightly Distracted,Down,True,725,8.3
2026-08-16 15:12:21,62,Slightly Distracted,Down,True,726,8.3
2026-08-16 15:12:22,65,Slightly Distracted,Down,True,726,8.3
2026-08-16 15:12:26,65,Slightly Distracted,Down,True,726,8.3
2026-08-16 15:12:27,65,Slightly Distracted,Down,True,726,8.3
2026-08-16 15:12:28,60,Slightly Distracted,Down,True,727,8.3
2026-08-16 15:12:29,65,Slightly Distracted,Down,True,727,8.3
2026-08-16 15:12:34,65,Slightly Distracted,Down,True,727,8.3
2026-08-16 15:12:35,68,Slightly Distracted,Forward,False,728,8.3
2026-08-16 15:12:36,83,Attentive,Forward,False,730,8.3
2026-08-16 15:12:37,95,Highly Attentive,Forward,True,731,8.3
2026-08-16 15:12:38,96,Highly Attentive,Forward,True,732,8.3
2026-08-16 15:12:39,74,Attentive,Down,True,732,8.3
2026-08-16 15:12:40,57,Slightly Distracted,Down,True,733,8.3
2026-08-16 15:12:41,46,Distracted,Down,False,733,8.3
2026-08-16 15:12:42,45,Distracted,Down,False,733,8.3
2026-08-16 15:12:43,45,Distracted,Down,False,733,8.3
2026-08-16 15:12:44,45,Distracted,Down,False,733,8.3
2026-08-16 15:12:45,45,Distracted,Down,False,733,8.3
2026-08-16 15:12:46,48,Distracted,Down,True,734,8.3
2026-08-16 15:12:47,64,Slightly Distracted,Down,False,734,8.3
2026-08-16 15:12:48,79,Attentive,Down,False,735,8.3
2026-08-16 15:12:49,45,Distracted,Down,False,735,8.3
2026-08-16 15:12:50,45,Distracted,Down,False,735,8.3
2026-08-16 15:12:51,45,Distracted,Down,False,735,8.3
2026-08-16 15:12:52,47,Distracted,Down,True,736,8.3
2026-08-16 15:12:53,64,Slightly Distracted,Down,True,736,8.3
2026-08-16 15:12:54,65,Slightly Distracted,Down,True,736,8.3
2026-08-16 15:12:57,64,Slightly Distracted,Forward,False,736,8.3
2026-08-16 15:13:00,55,Slightly Distracted,Forward,False,738,8.4
2026-08-16 15:13:01,58,Slightly Distracted,Forward,False,739,8.4
2026-08-16 15:13:02,82,Attentive,Left,False,739,8.4
2026-08-16 15:13:04,74,Attentive,Down,False,741,8.4
2026-08-16 15:13:05,62,Slightly Distracted,Down,True,742,8.4
2026-08-16 15:13:10,59,Slightly Distracted,Down,False,742,8.4
2026-08-16 15:13:11,62,Slightly Distracted,Down,True,742,8.4
2026-08-16 15:13:12,46,Distracted,Down,False,742,8.4
2026-08-16 15:13:13,50,Slightly Distracted,Down,False,747,8.4
2026-08-16 15:13:14,56,Slightly Distracted,Down,False,749,8.5
2026-08-16 15:13:15,60,Slightly Distracted,Down,True,750,8.5
2026-08-16 15:13:16,60,Slightly Distracted,Down,False,751,8.5
2026-08-16 15:13:17,53,Slightly Distracted,Down,True,754,8.5
2026-08-16 15:13:18,54,Slightly Distracted,Down,True,757,8.5
2026-08-16 15:13:19,59,Slightly Distracted,Down,True,759,8.6
2026-08-16 15:13:20,61,Slightly Distracted,Down,True,760,8.6
2026-08-16 15:13:21,51,Slightly Distracted,Down,False,760,8.6
2026-08-16 15:13:22,59,Slightly Distracted,Down,False,762,8.6
2026-08-16 15:13:23,58,Slightly Distracted,Down,True,763,8.6
2026-08-16 15:13:24,50,Slightly Distracted,Down,True,765,8.6
2026-08-16 15:13:25,57,Slightly Distracted,Down,False,766,8.6
2026-08-16 15:13:26,54,Slightly Distracted,Down,False,768,8.7
2026-08-16 15:13:27,67,Slightly Distracted,Forward,True,770,8.7
2026-08-16 15:13:28,92,Highly Attentive,Forward,True,771,8.7
2026-08-16 15:13:29,71,Attentive,Left,True,771,8.7
2026-08-16 15:13:30,65,Slightly Distracted,Left,True,771,8.7
2026-08-16 15:13:31,65,Slightly Distracted,Left,True,771,8.7
2026-08-16 15:13:32,65,Slightly Distracted,Left,True,771,8.7
2026-08-16 15:13:33,65,Slightly Distracted,Left,True,771,8.7
2026-08-16 15:13:34,65,Slightly Distracted,Left,True,771,8.7
2026-08-16 15:13:36,65,Slightly Distracted,Left,True,771,8.7
2026-08-16 15:13:37,76,Attentive,Forward,False,771,8.7
2026-08-16 15:13:38,67,Slightly Distracted,Right,True,773,8.7
2026-08-16 15:13:39,68,Slightly Distracted,Right,True,773,8.7
2026-08-16 15:13:40,65,Slightly Distracted,Right,True,773,8.7
2026-08-16 15:13:41,65,Slightly Distracted,Right,True,773,8.7
2026-08-16 15:13:42,68,Slightly Distracted,Right,True,773,8.7
2026-08-16 15:13:43,72,Attentive,Right,True,773,8.7
2026-08-16 15:13:44,65,Slightly Distracted,Right,True,773,8.7
2026-08-16 15:13:45,65,Slightly Distracted,Right,True,773,8.7
2026-08-16 15:13:46,65,Slightly Distracted,Right,True,773,8.7
2026-08-16 15:13:47,80,Attentive,Forward,True,773,8.7
2026-08-16 15:13:48,88,Highly Attentive,Forward,True,773,8.7
2026-08-16 15:13:49,88,Highly Attentive,Down,True,773,8.7
2026-08-16 15:13:50,68,Slightly Distracted,Down,True,773,8.7
2026-08-16 15:13:51,67,Slightly Distracted,Right,True,773,8.7
2026-08-16 15:13:52,65,Slightly Distracted,Down,True,773,8.7
2026-08-16 15:13:53,65,Slightly Distracted,Down,True,773,8.7
2026-08-16 15:13:54,65,Slightly Distracted,Down,True,773,8.7
2026-08-16 15:13:55,65,Slightly Distracted,Down,True,773,8.7
2026-08-16 15:13:56,65,Slightly Distracted,Down,True,773,8.7
2026-08-16 15:13:57,65,Slightly Distracted,Down,True,773,8.7
2026-08-16 15:13:58,58,Slightly Distracted,Down,False,773,8.7
2026-08-16 15:14:16,50,Distracted,Down,True,774,8.6
2026-08-16 15:14:17,52,Slightly Distracted,Down,False,775,8.7
2026-08-16 15:14:43,54,Slightly Distracted,Down,True,775,8.6
2026-08-16 15:14:44,47,Distracted,Down,False,776,8.6
2026-08-16 15:14:45,46,Distracted,Down,False,778,8.6
2026-08-16 15:14:46,55,Slightly Distracted,Down,False,780,8.7
2026-08-16 15:14:47,52,Slightly Distracted,Down,False,782,8.7
2026-08-16 15:14:48,51,Slightly Distracted,Down,False,784,8.7
2026-08-16 15:14:49,63,Slightly Distracted,Down,True,785,8.7
2026-08-16 15:14:50,64,Slightly Distracted,Down,True,785,8.7
2026-08-16 15:14:51,58,Slightly Distracted,Down,True,786,8.7
2026-08-16 15:14:52,50,Slightly Distracted,Down,False,786,8.7
2026-08-16 15:14:53,45,Distracted,Right,False,786,8.7
2026-08-16 15:14:54,45,Distracted,Down,False,786,8.7
2026-08-16 15:14:55,52,Slightly Distracted,Down,False,787,8.7
2026-08-16 15:14:56,51,Slightly Distracted,Right,True,790,8.8
2026-08-16 15:15:06,50,Slightly Distracted,Right,False,791,8.8
2026-08-16 15:15:07,63,Slightly Distracted,Down,True,791,8.7
2026-08-16 15:15:08,63,Slightly Distracted,Down,False,791,8.7
2026-08-16 15:15:09,63,Slightly Distracted,Down,True,792,8.8
2026-08-16 15:15:10,64,Slightly Distracted,Down,True,792,8.8
2026-08-16 15:15:11,59,Slightly Distracted,Down,False,793,8.8
2026-08-16 15:15:12,56,Slightly Distracted,Down,False,795,8.8
2026-08-16 15:15:13,55,Slightly Distracted,Down,True,798,8.8
2026-08-16 15:15:14,58,Slightly Distracted,Down,False,799,8.8
2026-08-16 15:15:16,50,Distracted,Down,True,800,8.8
2026-08-16 15:15:17,50,Slightly Distracted,Down,True,800,8.8
2026-08-16 15:15:20,52,Slightly Distracted,Down,True,800,8.8
2026-08-16 15:15:21,72,Attentive,Forward,True,802,8.8
2026-08-16 15:15:22,81,Attentive,Left,True,804,8.9
2026-08-16 15:15:23,57,Slightly Distracted,Left,False,805,8.9
2026-08-16 15:15:24,65,Slightly Distracted,Left,True,806,8.9
2026-08-16 15:15:25,65,Slightly Distracted,Left,True,806,8.9
2026-08-16 15:15:26,64,Slightly Distracted,Right,False,807,8.9
2026-08-16 15:15:27,45,Distracted,Right,False,807,8.9
2026-08-16 15:15:30,48,Distracted,Right,False,808,8.9
2026-08-16 15:15:31,64,Slightly Distracted,Left,False,810,8.9
2026-08-16 15:15:32,53,Slightly Distracted,Left,True,811,8.9
2026-08-16 15:15:33,63,Slightly Distracted,Left,False,811,8.9
2026-08-16 15:15:34,64,Slightly Distracted,Left,True,812,8.9
2026-08-16 15:15:35,65,Slightly Distracted,Down,True,812,8.9
2026-08-16 15:15:36,65,Slightly Distracted,Down,True,812,8.9
2026-08-16 15:15:37,65,Slightly Distracted,Down,True,812,8.9
2026-08-16 15:15:38,65,Slightly Distracted,Left,True,812,8.9
2026-08-16 15:15:39,65,Slightly Distracted,Left,True,812,8.9
2026-08-16 15:15:40,65,Slightly Distracted,Left,True,812,8.9
2026-08-16 15:15:41,64,Slightly Distracted,Down,False,813,8.9
2026-08-16 15:15:55,61,Slightly Distracted,Down,False,813,8.9
2026-08-16 15:15:56,53,Slightly Distracted,Forward,True,815,8.9
2026-08-16 15:15:57,62,Slightly Distracted,Down,True,817,9.0
2026-08-16 15:15:58,64,Slightly Distracted,Down,True,817,9.0
2026-08-16 15:15:59,65,Slightly Distracted,Down,True,817,9.0
2026-08-16 15:16:00,65,Slightly Distracted,Down,True,817,9.0
2026-08-16 15:16:01,65,Slightly Distracted,Down,True,817,8.9
2026-08-16 15:16:02,65,Slightly Distracted,Down,True,817,8.9
2026-08-16 15:16:03,52,Slightly Distracted,Down,False,818,9.0
2026-08-16 15:16:04,62,Slightly Distracted,Forward,False,819,9.0
2026-08-16 15:16:05,68,Slightly Distracted,Forward,False,822,9.0
2026-08-16 15:16:06,58,Slightly Distracted,Down,False,823,9.0
2026-08-16 15:16:07,45,Distracted,Down,False,823,9.0
2026-08-16 15:16:08,58,Slightly Distracted,Down,False,824,9.0
2026-08-16 15:16:09,46,Distracted,Down,False,825,9.0
2026-08-16 15:16:10,46,Distracted,Down,False,826,9.0
2026-08-16 15:16:11,62,Slightly Distracted,Down,True,827,9.0
2026-08-16 15:16:12,62,Slightly Distracted,Down,True,827,9.0
2026-08-16 15:16:13,48,Distracted,Down,False,829,9.1
2026-08-16 15:16:14,45,Distracted,Down,False,829,9.1
2026-08-16 15:16:15,45,Distracted,Down,False,829,9.1
2026-08-16 15:16:16,45,Distracted,Down,False,829,9.1
2026-08-16 15:16:17,45,Distracted,Down,False,829,9.1
2026-08-16 15:16:18,45,Distracted,Down,False,829,9.1
2026-08-16 15:16:19,45,Distracted,Down,False,829,9.1
2026-08-16 15:16:20,45,Distracted,Down,False,829,9.0
2026-08-16 15:16:21,45,Distracted,Down,False,829,9.0
2026-08-16 15:16:22,45,Distracted,Down,False,829,9.0
2026-08-16 15:16:23,46,Distracted,Down,True,830,9.1
2026-08-16 15:16:26,46,Distracted,Down,False,830,9.0
2026-08-16 15:16:27,48,Distracted,Down,True,832,9.1
2026-08-16 15:16:28,73,Attentive,Forward,False,832,9.1
2026-08-16 15:16:29,71,Attentive,Left,True,833,9.1
2026-08-16 15:16:30,65,Slightly Distracted,Left,True,833,9.1
2026-08-16 15:16:31,55,Slightly Distracted,Down,False,833,9.1
2026-08-16 15:16:32,48,Distracted,Down,False,836,9.1
2026-08-16 15:16:33,48,Distracted,Down,False,837,9.1
2026-08-16 15:16:34,45,Distracted,Down,False,837,9.1
2026-08-16 15:16:35,45,Distracted,Down,False,837,9.1
2026-08-16 15:16:36,46,Distracted,Down,True,838,9.1
2026-08-16 15:16:37,46,Distracted,Down,False,838,9.1
2026-08-16 15:16:38,46,Distracted,Down,False,838,9.1
2026-08-16 15:16:39,46,Distracted,Down,False,839,9.1
2026-08-16 15:16:48,46,Distracted,Down,False,839,9.1
2026-08-16 15:16:49,48,Distracted,Left,False,840,9.1
2026-08-16 15:16:50,57,Slightly Distracted,Left,True,841,9.1
2026-08-16 15:16:51,64,Slightly Distracted,Left,False,841,9.1
2026-08-16 15:16:52,62,Slightly Distracted,Down,True,842,9.1
2026-08-16 15:16:53,62,Slightly Distracted,Down,True,843,9.1
2026-08-16 15:16:54,57,Slightly Distracted,Down,True,844,9.2
2026-08-16 15:16:55,61,Slightly Distracted,Down,True,844,9.2
2026-08-16 15:16:58,62,Slightly Distracted,Down,True,844,9.1
2026-08-16 15:16:59,62,Slightly Distracted,Down,True,844,9.1
2026-08-16 15:17:01,64,Slightly Distracted,Down,True,844,9.1
2026-08-16 15:17:08,62,Slightly Distracted,Down,True,844,9.1
2026-08-16 15:17:12,62,Slightly Distracted,Down,False,844,9.1
2026-08-16 15:17:13,62,Slightly Distracted,Down,True,844,9.1
2026-08-16 15:17:14,68,Slightly Distracted,Left,True,845,9.1
2026-08-16 15:17:15,64,Slightly Distracted,Left,True,845,9.1
2026-08-16 15:17:16,65,Slightly Distracted,Down,True,845,9.1
2026-08-16 15:17:17,65,Slightly Distracted,Down,True,845,9.1
2026-08-16 15:17:18,57,Slightly Distracted,Down,False,846,9.1
2026-08-16 15:17:19,49,Distracted,Down,True,849,9.2
2026-08-16 15:17:20,58,Slightly Distracted,Down,False,850,9.2
2026-08-16 15:17:21,46,Distracted,Down,False,851,9.2
2026-08-16 15:17:22,47,Distracted,Down,False,853,9.2
2026-08-16 15:17:23,50,Slightly Distracted,Down,True,857,9.2
2026-08-16 15:17:24,55,Slightly Distracted,Down,True,858,9.3
2026-08-16 15:17:25,58,Slightly Distracted,Left,False,858,9.3
2026-08-16 15:17:26,47,Distracted,Left,False,860,9.3
2026-08-16 15:17:27,62,Slightly Distracted,Down,True,861,9.3
2026-08-16 15:17:28,64,Slightly Distracted,Down,True,861,9.3
2026-08-16 15:17:29,62,Slightly Distracted,Down,True,862,9.3
2026-08-16 15:17:30,65,Slightly Distracted,Down,True,862,9.3
2026-08-16 15:17:31,55,Slightly Distracted,Left,False,862,9.3
2026-08-16 15:17:32,63,Slightly Distracted,Left,True,865,9.3
2026-08-16 15:17:33,64,Slightly Distracted,Left,True,865,9.3
2026-08-16 15:17:34,53,Slightly Distracted,Down,False,866,9.3
2026-08-16 15:17:35,45,Distracted,Down,False,866,9.3
2026-08-16 15:17:36,45,Distracted,Down,False,866,9.3
2026-08-16 15:17:37,45,Distracted,Down,False,866,9.3
2026-08-16 15:17:38,45,Distracted,Down,False,866,9.3
2026-08-16 15:17:39,45,Distracted,Down,False,866,9.3
2026-08-16 15:17:40,45,Distracted,Down,False,866,9.3
2026-08-16 15:17:41,45,Distracted,Down,False,866,9.3
2026-08-16 15:17:42,45,Distracted,Left,False,866,9.3
2026-08-16 15:17:44,70,Slightly Distracted,Left,False,867,9.3
2026-08-16 15:17:45,56,Slightly Distracted,Down,False,867,9.3
2026-08-16 15:17:46,46,Distracted,Left,True,868,9.3
2026-08-16 15:17:48,51,Slightly Distracted,Down,True,868,9.3
2026-08-16 15:17:49,65,Slightly Distracted,Left,True,868,9.3
2026-08-16 15:17:50,54,Slightly Distracted,Down,False,869,9.3
2026-08-16 15:17:51,54,Slightly Distracted,Down,True,870,9.3
2026-08-16 15:17:52,56,Slightly Distracted,Down,False,872,9.4
2026-08-16 15:17:53,46,Distracted,Down,False,873,9.4
2026-08-16 15:17:54,46,Distracted,Down,True,874,9.4
2026-08-16 15:17:55,50,Slightly Distracted,Down,False,874,9.4
2026-08-16 15:17:56,45,Distracted,Down,False,874,9.4
2026-08-16 15:17:57,45,Distracted,Down,False,874,9.4
2026-08-16 15:17:58,45,Distracted,Down,False,874,9.4
2026-08-16 15:17:59,45,Distracted,Down,False,874,9.4
2026-08-16 15:18:00,45,Distracted,Down,False,874,9.4
2026-08-16 15:18:01,45,Distracted,Down,False,874,9.4
2026-08-16 15:18:02,45,Distracted,Down,False,874,9.4
2026-08-16 15:18:03,46,Distracted,Down,True,875,9.4
2026-08-16 15:18:04,45,Distracted,Down,False,875,9.4
2026-08-16 15:18:05,46,Distracted,Down,False,876,9.4
2026-08-16 15:18:06,45,Distracted,Down,False,876,9.4
2026-08-16 15:18:07,48,Distracted,Down,False,877,9.4
2026-08-16 15:18:08,45,Distracted,Down,False,877,9.4
2026-08-16 15:18:09,45,Distracted,Down,False,877,9.4
2026-08-16 15:18:10,45,Distracted,Down,False,877,9.4
2026-08-16 15:18:11,45,Distracted,Down,False,877,9.4
2026-08-16 15:18:12,45,Distracted,Down,False,877,9.4
2026-08-16 15:18:13,45,Distracted,Down,False,877,9.4
2026-08-16 15:18:14,45,Distracted,Down,False,877,9.4
2026-08-16 15:18:15,45,Distracted,Down,False,877,9.4
2026-08-16 15:18:16,46,Distracted,Down,False,878,9.4
2026-08-16 15:18:17,45,Distracted,Down,False,878,9.4
2026-08-16 15:18:18,45,Distracted,Down,False,878,9.4
2026-08-16 15:18:19,45,Distracted,Down,False,878,9.4
2026-08-16 15:18:20,45,Distracted,Down,False,878,9.4
2026-08-16 15:18:21,45,Distracted,Down,False,878,9.4
2026-08-16 15:18:22,45,Distracted,Down,False,878,9.4
2026-08-16 15:18:23,45,Distracted,Down,False,878,9.4
2026-08-16 15:18:24,47,Distracted,Down,False,880,9.4
2026-08-16 15:18:25,45,Distracted,Down,False,880,9.4
2026-08-16 15:18:26,48,Distracted,Down,True,881,9.4
2026-08-16 15:18:27,50,Slightly Distracted,Down,True,882,9.4
2026-08-16 15:18:28,65,Slightly Distracted,Down,True,882,9.4
2026-08-16 15:18:29,63,Slightly Distracted,Forward,False,882,9.4
2026-08-16 15:18:30,80,Attentive,Forward,False,882,9.4
2026-08-16 15:18:31,71,Attentive,Forward,False,882,9.4
2026-08-16 15:18:32,59,Slightly Distracted,Down,False,882,9.4
2026-08-16 15:18:33,46,Distracted,Forward,False,882,9.4
2026-08-16 15:18:34,78,Attentive,Forward,False,882,9.4
2026-08-16 15:18:35,91,Highly Attentive,Forward,True,883,9.4
2026-08-16 15:18:36,94,Highly Attentive,Forward,True,883,9.4
2026-08-16 15:18:38,79,Attentive,Down,True,883,9.4
2026-08-16 15:18:39,58,Slightly Distracted,Down,True,884,9.4
2026-08-16 15:18:40,55,Slightly Distracted,Down,True,885,9.4
2026-08-16 15:18:41,71,Attentive,Down,True,885,9.4
2026-08-16 15:18:42,60,Slightly Distracted,Down,False,885,9.4
2026-08-16 15:18:43,45,Distracted,Down,False,885,9.4
2026-08-16 15:18:44,45,Distracted,Down,False,885,9.4
2026-08-16 15:18:45,45,Distracted,Left,False,885,9.4
2026-08-16 15:18:46,45,Distracted,Left,False,885,9.4
2026-08-16 15:18:47,45,Distracted,Down,False,885,9.4
2026-08-16 15:18:49,47,Distracted,Down,False,886,9.4
2026-08-16 15:18:50,56,Slightly Distracted,Left,True,887,9.4
2026-08-16 15:18:51,47,Distracted,Left,False,888,9.4
2026-08-16 15:18:52,52,Slightly Distracted,Left,True,890,9.5
2026-08-16 15:18:53,49,Distracted,Left,False,891,9.5
2026-08-16 15:18:54,56,Slightly Distracted,Left,False,892,9.5
2026-08-16 15:18:55,45,Distracted,Left,False,892,9.5
2026-08-16 15:18:56,45,Distracted,Left,False,892,9.5
2026-08-16 15:18:57,45,Distracted,Left,False,892,9.5
2026-08-16 15:18:58,45,Distracted,Left,False,892,9.5
2026-08-16 15:18:59,45,Distracted,Left,False,892,9.5
2026-08-16 15:19:00,54,Slightly Distracted,Left,True,893,9.5
2026-08-16 15:19:01,57,Slightly Distracted,Left,False,894,9.5
2026-08-16 15:19:02,55,Slightly Distracted,Left,True,896,9.5
2026-08-16 15:19:03,48,Distracted,Left,False,899,9.5
2026-08-16 15:19:15,49,Distracted,Left,True,900,9.5
2026-08-16 15:19:16,62,Slightly Distracted,Left,True,901,9.5
2026-08-16 15:19:17,60,Slightly Distracted,Down,False,901,9.5
2026-08-16 15:19:36,58,Slightly Distracted,Down,True,902,9.5
2026-08-16 15:19:37,64,Slightly Distracted,Down,True,902,9.5
2026-08-16 15:19:38,57,Slightly Distracted,Down,True,903,9.5
2026-08-16 15:19:39,58,Slightly Distracted,Forward,True,905,9.5
2026-08-16 15:19:40,89,Highly Attentive,Forward,True,905,9.5
2026-08-16 15:19:41,90,Highly Attentive,Forward,True,905,9.5
2026-08-16 15:19:42,94,Highly Attentive,Forward,True,905,9.5
2026-08-16 15:19:43,69,Slightly Distracted,Down,True,905,9.5
2026-08-16 15:19:44,65,Slightly Distracted,Down,True,905,9.5
2026-08-16 15:19:45,65,Slightly Distracted,Down,True,905,9.5
2026-08-16 15:19:54,65,Slightly Distracted,Down,True,905,9.5
2026-08-16 15:19:55,64,Slightly Distracted,Left,False,905,9.5
2026-08-16 15:19:56,58,Slightly Distracted,Left,False,906,9.5
2026-08-16 15:19:57,48,Distracted,Left,False,906,9.5
2026-08-16 15:19:58,58,Slightly Distracted,Left,True,907,9.5
2026-08-16 15:19:59,65,Slightly Distracted,Down,True,907,9.5
2026-08-16 15:20:00,64,Slightly Distracted,Down,True,907,9.5
2026-08-16 15:20:01,51,Slightly Distracted,Down,False,907,9.5
2026-08-16 15:20:02,53,Slightly Distracted,Down,True,908,9.5
2026-08-16 15:20:03,64,Slightly Distracted,Down,True,908,9.5
2026-08-16 15:20:04,65,Slightly Distracted,Down,True,908,9.5
2026-08-16 15:20:05,61,Slightly Distracted,Down,True,909,9.5
2026-08-16 15:20:06,64,Slightly Distracted,Left,True,909,9.5
2026-08-16 15:20:07,49,Distracted,Left,False,909,9.5
2026-08-16 15:20:08,60,Slightly Distracted,Left,False,911,9.5
2026-08-16 15:20:09,45,Distracted,Left,False,911,9.5
2026-08-16 15:20:10,45,Distracted,Left,False,911,9.5
2026-08-16 15:20:11,54,Slightly Distracted,Left,False,912,9.6
2026-08-16 15:20:12,54,Slightly Distracted,Left,False,912,9.6
2026-08-16 15:20:13,45,Distracted,Left,False,912,9.5
2026-08-16 15:20:14,45,Distracted,Left,False,912,9.5
2026-08-16 15:20:15,45,Distracted,Left,False,912,9.5
2026-08-16 15:20:16,53,Slightly Distracted,Left,True,914,9.6
2026-08-16 15:20:17,62,Slightly Distracted,Left,False,914,9.6
2026-08-16 15:20:19,53,Slightly Distracted,Left,True,917,9.6
2026-08-16 15:20:20,61,Slightly Distracted,Left,True,918,9.6
2026-08-16 15:20:21,62,Slightly Distracted,Left,False,918,9.6
2026-08-16 15:20:22,46,Distracted,Left,False,919,9.6
2026-08-16 15:20:23,58,Slightly Distracted,Left,False,921,9.6
2026-08-16 15:20:24,49,Distracted,Left,False,923,9.6
2026-08-16 15:20:25,45,Distracted,Left,False,923,9.6
2026-08-16 15:20:26,46,Distracted,Left,False,924,9.7
2026-08-16 15:20:27,49,Distracted,Left,False,927,9.7
2026-08-16 15:20:28,45,Distracted,Left,False,927,9.7
2026-08-16 15:20:29,45,Distracted,Left,False,927,9.7
2026-08-16 15:20:30,45,Distracted,Left,False,927,9.7
2026-08-16 15:20:31,45,Distracted,Left,False,927,9.7
2026-08-16 15:20:32,45,Distracted,Left,False,927,9.7
2026-08-16 15:20:33,46,Distracted,Left,False,928,9.7
2026-08-16 15:20:34,45,Distracted,Left,False,928,9.7
2026-08-16 15:20:35,45,Distracted,Left,False,928,9.7
2026-08-16 15:20:36,45,Distracted,Left,False,928,9.7
2026-08-16 15:20:37,45,Distracted,Left,False,928,9.7
2026-08-16 15:20:38,45,Distracted,Left,False,928,9.7
2026-08-16 15:20:39,45,Distracted,Left,False,928,9.7
2026-08-16 15:20:40,45,Distracted,Left,False,928,9.7
2026-08-16 15:20:41,45,Distracted,Left,False,928,9.7
2026-08-16 15:20:42,45,Distracted,Left,False,928,9.7
2026-08-16 15:20:43,45,Distracted,Left,False,928,9.7
2026-08-16 15:21:28,46,Distracted,Left,False,930,9.6
2026-08-16 15:21:29,52,Slightly Distracted,Left,True,932,9.6
2026-08-16 15:21:30,65,Slightly Distracted,Left,True,932,9.6
2026-08-16 15:21:31,65,Slightly Distracted,Left,True,932,9.6
2026-08-16 15:21:32,64,Slightly Distracted,Left,True,932,9.6
2026-08-16 15:21:33,65,Slightly Distracted,Left,True,932,9.6
2026-08-16 15:21:34,65,Slightly Distracted,Left,True,932,9.6
2026-08-16 15:21:36,65,Slightly Distracted,Left,True,932,9.6
2026-08-16 15:21:37,65,Slightly Distracted,Left,True,932,9.6
2026-08-16 15:21:38,65,Slightly Distracted,Left,True,932,9.6
2026-08-16 15:21:39,65,Slightly Distracted,Left,True,932,9.6
2026-08-16 15:21:40,63,Slightly Distracted,Left,True,933,9.6
2026-08-16 15:21:41,65,Slightly Distracted,Left,True,933,9.6
2026-08-16 15:21:42,65,Slightly Distracted,Left,True,933,9.6
2026-08-16 15:21:43,65,Slightly Distracted,Left,True,933,9.6
2026-08-16 15:21:44,65,Slightly Distracted,Left,True,933,9.6
2026-08-16 15:21:45,65,Slightly Distracted,Left,True,933,9.6
2026-08-16 15:21:46,65,Slightly Distracted,Left,True,933,9.6
2026-08-16 15:21:47,65,Slightly Distracted,Left,True,933,9.6
2026-08-16 15:21:48,65,Slightly Distracted,Left,True,933,9.6
2026-08-16 15:21:49,64,Slightly Distracted,Left,False,933,9.6
2026-08-16 15:21:50,62,Slightly Distracted,Left,True,934,9.6
2026-08-16 15:21:51,65,Slightly Distracted,Left,True,934,9.6
2026-08-16 15:21:52,65,Slightly Distracted,Left,True,934,9.6
2026-08-16 15:21:53,65,Slightly Distracted,Left,True,934,9.6
2026-08-16 15:21:54,65,Slightly Distracted,Left,True,934,9.6
2026-08-16 15:21:55,65,Slightly Distracted,Left,True,934,9.6
2026-08-16 15:21:56,65,Slightly Distracted,Left,True,934,9.6
2026-08-16 15:21:57,65,Slightly Distracted,Left,True,934,9.6
2026-08-16 15:21:58,65,Slightly Distracted,Left,True,934,9.6
2026-08-16 15:21:59,65,Slightly Distracted,Left,True,934,9.6
2026-08-16 15:22:00,65,Slightly Distracted,Left,True,934,9.6
2026-08-16 15:22:01,60,Slightly Distracted,Left,True,935,9.6
2026-08-16 15:22:02,65,Slightly Distracted,Left,True,935,9.6
2026-08-16 15:22:03,65,Slightly Distracted,Left,True,935,9.6
2026-08-16 15:22:04,65,Slightly Distracted,Left,True,935,9.6
2026-08-16 15:22:05,65,Slightly Distracted,Left,True,935,9.6
2026-08-16 15:22:06,58,Slightly Distracted,Forward,False,935,9.6
2026-08-16 15:22:07,80,Attentive,Forward,False,935,9.6
2026-08-16 15:22:08,46,Distracted,Down,False,935,9.6
2026-08-16 15:22:12,48,Distracted,Down,True,936,9.6
2026-08-16 15:22:13,65,Slightly Distracted,Down,True,936,9.6
2026-08-16 15:22:14,65,Slightly Distracted,Down,True,936,9.6
2026-08-16 15:22:15,52,Slightly Distracted,Down,False,937,9.6
2026-08-16 15:22:16,45,Distracted,Down,False,937,9.6
2026-08-16 15:22:17,62,Slightly Distracted,Down,True,938,9.6
2026-08-16 15:22:18,55,Slightly Distracted,Down,False,938,9.6
2026-08-16 15:22:19,76,Attentive,Forward,False,939,9.6
2026-08-16 15:22:20,80,Attentive,Forward,False,939,9.6
2026-08-16 15:22:21,80,Attentive,Forward,False,939,9.6
2026-08-16 15:22:22,53,Slightly Distracted,Down,False,939,9.6
2026-08-16 15:22:23,52,Slightly Distracted,Down,False,940,9.6
2026-08-16 15:22:24,45,Distracted,Down,False,940,9.6
2026-08-16 15:22:25,45,Distracted,Down,False,940,9.6
2026-08-16 15:22:26,56,Slightly Distracted,Down,False,941,9.6
2026-08-16 15:22:27,46,Distracted,Down,False,941,9.6
2026-08-16 15:22:28,74,Attentive,Down,False,941,9.6
2026-08-16 15:22:29,62,Slightly Distracted,Down,False,941,9.6
2026-08-16 15:22:30,51,Slightly Distracted,Forward,False,942,9.6
2026-08-16 15:22:31,56,Slightly Distracted,Down,True,943,9.6
2026-08-16 15:22:32,64,Slightly Distracted,Down,True,943,9.6
2026-08-16 15:22:33,65,Slightly Distracted,Down,True,943,9.6
2026-08-16 15:22:34,64,Slightly Distracted,Down,True,943,9.6
2026-08-16 15:22:35,65,Slightly Distracted,Down,True,943,9.6
2026-08-16 15:22:36,65,Slightly Distracted,Down,True,943,9.6
2026-08-16 15:22:37,65,Slightly Distracted,Down,True,943,9.6
2026-08-16 15:22:38,65,Slightly Distracted,Down,True,943,9.6
2026-08-16 15:22:39,64,Slightly Distracted,Down,True,943,9.6
2026-08-16 15:22:40,65,Slightly Distracted,Down,True,943,9.6
2026-08-16 15:22:41,60,Slightly Distracted,Down,False,943,9.6
2026-08-16 15:22:42,51,Slightly Distracted,Down,True,947,9.7
2026-08-16 15:22:43,65,Slightly Distracted,Down,True,947,9.7
2026-08-16 15:22:44,65,Slightly Distracted,Down,True,947,9.7
2026-08-16 15:22:45,65,Slightly Distracted,Down,True,947,9.7
2026-08-16 15:22:46,65,Slightly Distracted,Down,True,947,9.7
2026-08-16 15:22:47,50,Slightly Distracted,Down,True,949,9.7
2026-08-16 15:22:48,54,Slightly Distracted,Down,False,949,9.7
2026-08-16 15:22:49,45,Distracted,Right,False,949,9.7
2026-08-16 15:22:51,46,Distracted,Down,False,951,9.7
2026-08-16 15:22:53,47,Distracted,Right,False,952,9.7
2026-08-16 15:22:54,45,Distracted,Right,False,953,9.7
2026-08-16 15:22:55,46,Distracted,Right,False,955,9.7
2026-08-16 15:22:56,46,Distracted,Right,False,956,9.7
2026-08-16 15:22:57,50,Distracted,Down,True,958,9.8
2026-08-16 15:22:58,58,Slightly Distracted,Down,False,960,9.8
2026-08-16 15:22:59,48,Distracted,Down,True,962,9.8
2026-08-16 15:23:00,50,Slightly Distracted,Down,False,964,9.8
2026-08-16 15:23:01,55,Slightly Distracted,Down,False,966,9.8
2026-08-16 15:23:02,55,Slightly Distracted,Down,False,969,9.9
2026-08-16 15:23:03,52,Slightly Distracted,Down,False,970,9.9
2026-08-16 15:23:07,50,Slightly Distracted,Down,False,973,9.9
2026-08-16 15:23:08,52,Slightly Distracted,Down,False,974,9.9
2026-08-16 15:23:46,55,Slightly Distracted,Down,True,975,9.8
2026-08-16 15:23:47,75,Attentive,Forward,True,976,9.9
2026-08-16 15:23:48,81,Attentive,Forward,True,976,9.9
2026-08-16 15:23:49,76,Attentive,Left,True,976,9.8
2026-08-16 15:23:50,62,Slightly Distracted,Left,True,976,9.8
2026-08-16 15:23:51,59,Slightly Distracted,Left,False,977,9.9
2026-08-16 15:23:52,60,Slightly Distracted,Left,True,980,9.9
2026-08-16 15:23:53,65,Slightly Distracted,Left,True,980,9.9
2026-08-16 15:23:54,65,Slightly Distracted,Left,True,980,9.9
2026-08-16 15:23:55,65,Slightly Distracted,Left,True,980,9.9
2026-08-16 15:23:56,65,Slightly Distracted,Left,True,980,9.9
2026-08-16 15:23:57,59,Slightly Distracted,Left,False,980,9.9
2026-08-16 15:23:58,79,Attentive,Down,False,980,9.9
2026-08-16 15:23:59,56,Slightly Distracted,Forward,False,980,9.9
2026-08-16 15:24:00,80,Attentive,Forward,False,980,9.9
2026-08-16 15:24:01,80,Attentive,Forward,False,980,9.9
2026-08-16 15:24:02,80,Attentive,Forward,False,980,9.9
2026-08-16 15:24:03,80,Attentive,Forward,False,980,9.9
2026-08-16 15:24:04,80,Attentive,Forward,False,980,9.9
2026-08-16 15:24:05,54,Slightly Distracted,Down,False,980,9.9
2026-08-16 15:24:06,61,Slightly Distracted,Forward,False,980,9.9
2026-08-16 15:24:07,58,Slightly Distracted,Down,False,980,9.9
2026-08-16 15:24:09,45,Distracted,Down,False,980,9.9
2026-08-16 15:24:10,45,Distracted,Down,False,980,9.9
2026-08-16 15:24:11,45,Distracted,Down,False,980,9.9
2026-08-16 15:24:12,45,Distracted,Down,False,980,9.9
2026-08-16 15:24:13,45,Distracted,Down,False,980,9.8
2026-08-16 15:24:14,45,Distracted,Down,False,980,9.8
2026-08-16 15:24:15,45,Distracted,Down,False,980,9.8
2026-08-16 15:24:16,45,Distracted,Down,False,980,9.8
2026-08-16 15:24:17,45,Distracted,Down,False,980,9.8
2026-08-16 15:24:18,45,Distracted,Down,False,980,9.8
2026-08-16 15:24:19,45,Distracted,Down,False,980,9.8
2026-08-16 15:24:20,45,Distracted,Down,False,980,9.8
2026-08-16 15:24:21,45,Distracted,Down,False,980,9.8
2026-08-16 15:24:22,45,Distracted,Down,False,980,9.8
2026-08-16 15:24:23,45,Distracted,Down,False,980,9.8
2026-08-16 15:24:24,45,Distracted,Down,False,980,9.8
2026-08-16 15:24:25,45,Distracted,Down,False,980,9.8
2026-08-16 15:24:26,47,Distracted,Down,True,981,9.8
2026-08-16 15:24:27,58,Slightly Distracted,Down,False,982,9.8
2026-08-16 15:24:28,45,Distracted,Down,False,982,9.8
2026-08-16 15:24:29,45,Distracted,Down,False,982,9.8
2026-08-16 15:24:30,45,Distracted,Down,False,982,9.8
2026-08-16 15:24:31,45,Distracted,Down,False,982,9.8
2026-08-16 15:24:32,45,Distracted,Down,False,982,9.8
2026-08-16 15:24:33,45,Distracted,Down,False,982,9.8
2026-08-16 15:24:34,45,Distracted,Down,False,982,9.8
2026-08-16 15:24:35,45,Distracted,Down,False,982,9.8
2026-08-16 15:24:36,60,Slightly Distracted,Right,True,983,9.8
2026-08-16 15:24:37,62,Slightly Distracted,Right,True,984,9.8
2026-08-16 15:24:38,61,Slightly Distracted,Right,False,984,9.8
2026-08-16 15:24:39,79,Attentive,Forward,False,984,9.8
2026-08-16 15:24:40,80,Attentive,Forward,False,984,9.8
2026-08-16 15:24:41,80,Attentive,Forward,False,984,9.8
2026-08-16 15:24:42,80,Attentive,Forward,False,984,9.8
2026-08-16 15:24:43,80,Attentive,Forward,False,984,9.8
2026-08-16 15:24:44,80,Attentive,Forward,False,984,9.8
2026-08-16 15:24:45,80,Attentive,Forward,False,984,9.8
2026-08-16 15:24:46,80,Attentive,Forward,False,984,9.8
2026-08-16 15:24:47,80,Attentive,Forward,False,984,9.8
2026-08-16 15:24:48,80,Attentive,Forward,False,984,9.8
2026-08-16 15:24:49,80,Attentive,Forward,False,984,9.8
2026-08-16 15:24:50,80,Attentive,Forward,False,984,9.8
2026-08-16 15:24:51,80,Attentive,Forward,False,984,9.8
2026-08-16 15:24:52,80,Attentive,Forward,False,984,9.8
2026-08-16 15:24:53,80,Attentive,Forward,False,984,9.8
2026-08-16 15:24:54,80,Attentive,Forward,False,984,9.8
2026-08-16 15:24:55,80,Attentive,Forward,False,984,9.8
2026-08-16 15:24:56,80,Attentive,Forward,False,984,9.8
2026-08-16 15:24:58,79,Attentive,Forward,False,984,9.8
2026-08-16 15:24:59,73,Attentive,Forward,False,984,9.8
2026-08-16 15:25:00,75,Attentive,Forward,False,984,9.8
2026-08-16 15:25:01,80,Attentive,Forward,False,984,9.8
2026-08-16 15:25:02,72,Attentive,Down,False,984,9.8
2026-08-16 15:25:03,45,Distracted,Down,False,984,9.8
2026-08-16 15:25:04,46,Distracted,Down,False,984,9.8
2026-08-16 15:25:05,45,Distracted,Down,False,984,9.8
2026-08-16 15:25:06,45,Distracted,Down,False,984,9.8
2026-08-16 15:25:07,45,Distracted,Down,False,984,9.8
2026-08-16 15:25:08,45,Distracted,Down,False,984,9.8
2026-08-16 15:25:09,45,Distracted,Down,False,984,9.8
2026-08-16 15:25:10,45,Distracted,Down,False,984,9.8
2026-08-16 15:25:11,45,Distracted,Down,False,984,9.8
2026-08-16 15:25:12,75,Attentive,Forward,False,984,9.8
2026-08-16 15:25:13,80,Attentive,Forward,False,984,9.8
2026-08-16 15:25:14,80,Attentive,Forward,False,984,9.8
2026-08-16 15:25:15,82,Attentive,Forward,True,985,9.8
2026-08-16 15:25:16,82,Attentive,Forward,True,987,9.8
2026-08-16 15:25:17,78,Attentive,Forward,True,987,9.8
2026-08-16 15:25:18,94,Highly Attentive,Forward,True,987,9.8
2026-08-16 15:25:19,87,Highly Attentive,Forward,True,987,9.8
2026-08-16 15:25:20,88,Highly Attentive,Forward,False,987,9.8
2026-08-16 15:25:21,73,Attentive,Left,True,988,9.8
2026-08-16 15:25:22,66,Slightly Distracted,Left,True,989,9.8
2026-08-16 15:25:23,66,Slightly Distracted,Forward,False,989,9.8
2026-08-16 15:25:24,80,Attentive,Forward,False,989,9.8
2026-08-16 15:25:25,80,Attentive,Forward,False,989,9.8
2026-08-16 15:25:26,80,Attentive,Forward,False,989,9.8
2026-08-16 15:25:27,80,Attentive,Forward,False,989,9.8
2026-08-16 15:25:28,80,Attentive,Forward,False,989,9.8
2026-08-16 15:25:29,80,Attentive,Forward,False,989,9.8
2026-08-16 15:25:30,80,Attentive,Forward,False,989,9.8
2026-08-16 15:25:31,80,Attentive,Forward,False,989,9.8
2026-08-16 15:25:32,80,Attentive,Forward,False,989,9.8
2026-08-16 15:25:33,68,Slightly Distracted,Forward,False,989,9.8
2026-08-16 15:25:34,80,Attentive,Forward,False,989,9.8
2026-08-16 15:25:35,80,Attentive,Forward,False,989,9.8
2026-08-16 15:25:36,81,Attentive,Forward,False,990,9.8
2026-08-16 15:25:37,80,Attentive,Forward,False,990,9.8
2026-08-16 15:25:38,80,Attentive,Forward,False,990,9.8
2026-08-16 15:25:39,72,Attentive,Down,False,990,9.8
2026-08-16 15:25:40,45,Distracted,Down,False,990,9.8
2026-08-16 15:25:41,45,Distracted,Down,False,990,9.8
2026-08-16 15:25:42,45,Distracted,Down,False,990,9.8
2026-08-16 15:25:43,45,Distracted,Down,False,990,9.8
2026-08-16 15:25:44,45,Distracted,Down,False,990,9.8
2026-08-16 15:25:45,45,Distracted,Down,False,990,9.8
2026-08-16 15:25:46,45,Distracted,Down,False,990,9.8
2026-08-16 15:25:47,45,Distracted,Down,False,990,9.8
2026-08-16 15:25:49,45,Distracted,Down,False,990,9.8
2026-08-16 15:25:50,45,Distracted,Down,False,990,9.8
2026-08-16 15:25:51,50,Distracted,Down,False,990,9.8
2026-08-16 15:25:52,45,Distracted,Down,False,990,9.8
2026-08-16 15:25:53,45,Distracted,Down,False,990,9.8
2026-08-16 15:25:54,45,Distracted,Down,False,990,9.8
2026-08-16 15:25:55,45,Distracted,Down,False,990,9.8
2026-08-16 15:25:56,45,Distracted,Down,False,990,9.8
2026-08-16 15:25:57,45,Distracted,Down,False,990,9.8
2026-08-16 15:25:58,45,Distracted,Down,False,990,9.8
2026-08-16 15:25:59,45,Distracted,Down,False,990,9.8
2026-08-16 15:26:00,45,Distracted,Down,False,990,9.8
2026-08-16 15:26:01,45,Distracted,Down,False,990,9.8
2026-08-16 15:26:02,45,Distracted,Down,False,990,9.8
2026-08-16 15:26:03,45,Distracted,Down,False,990,9.8
2026-08-16 15:26:04,46,Distracted,Down,False,991,9.8
2026-08-16 15:26:05,45,Distracted,Down,False,991,9.8
2026-08-16 15:26:06,45,Distracted,Down,False,991,9.8
2026-08-16 15:26:07,50,Distracted,Forward,False,991,9.8
2026-08-16 15:26:08,59,Slightly Distracted,Forward,False,991,9.8
2026-08-16 15:26:09,73,Attentive,Down,False,991,9.8
2026-08-16 15:26:10,45,Distracted,Down,False,991,9.8
2026-08-16 15:26:11,45,Distracted,Down,False,991,9.8
2026-08-16 15:26:12,45,Distracted,Down,False,991,9.8
2026-08-16 15:26:13,87,Highly Attentive,Forward,True,992,9.8
2026-08-16 15:26:14,87,Highly Attentive,Forward,False,992,9.8
2026-08-16 15:26:15,80,Attentive,Forward,False,992,9.8
2026-08-16 15:26:16,61,Slightly Distracted,Down,False,992,9.8
2026-08-16 15:26:17,56,Slightly Distracted,Down,False,992,9.8
2026-08-16 15:26:18,71,Attentive,Forward,False,992,9.8
2026-08-16 15:26:19,46,Distracted,Down,False,992,9.8
2026-08-16 15:26:20,46,Distracted,Down,False,992,9.8
2026-08-16 15:26:21,46,Distracted,Down,False,992,9.8
2026-08-16 15:26:22,45,Distracted,Down,False,992,9.8
2026-08-16 15:26:23,48,Distracted,Forward,False,992,9.8
2026-08-16 15:26:24,80,Attentive,Forward,False,992,9.8
2026-08-16 15:26:25,80,Attentive,Forward,False,992,9.8
2026-08-16 15:26:26,80,Attentive,Forward,False,992,9.8
2026-08-16 15:26:27,80,Attentive,Forward,False,992,9.8
2026-08-16 15:26:28,80,Attentive,Forward,False,992,9.7
2026-08-16 15:26:29,80,Attentive,Forward,False,992,9.7
2026-08-16 15:26:30,80,Attentive,Forward,False,992,9.7
2026-08-16 15:26:31,80,Attentive,Forward,False,992,9.7
2026-08-16 15:26:32,80,Attentive,Forward,False,992,9.7
2026-08-16 15:26:33,80,Attentive,Forward,False,992,9.7
2026-08-16 15:26:34,80,Attentive,Forward,False,992,9.7
2026-08-16 15:26:35,80,Attentive,Forward,False,992,9.7
2026-08-16 15:26:36,80,Attentive,Forward,False,992,9.7
2026-08-16 15:26:38,80,Attentive,Forward,False,992,9.7
2026-08-16 15:26:39,80,Attentive,Forward,False,992,9.7
2026-08-16 15:26:40,80,Attentive,Forward,False,992,9.7
2026-08-16 15:26:41,80,Attentive,Forward,False,992,9.7
2026-08-16 15:26:42,65,Slightly Distracted,Down,False,992,9.7
2026-08-16 15:26:43,45,Distracted,Down,False,992,9.7
2026-08-16 15:26:44,52,Slightly Distracted,Forward,False,992,9.7
2026-08-16 15:26:45,78,Attentive,Forward,False,992,9.7
2026-08-16 15:26:46,56,Slightly Distracted,Down,False,992,9.7
2026-08-16 15:26:47,45,Distracted,Down,False,992,9.7
2026-08-16 15:26:48,50,Distracted,Down,False,992,9.7
2026-08-16 15:26:49,45,Distracted,Down,False,992,9.7
2026-08-16 15:26:50,45,Distracted,Down,False,992,9.7
2026-08-16 15:26:51,45,Distracted,Down,False,992,9.7
2026-08-16 15:26:52,45,Distracted,Down,False,992,9.7
2026-08-16 15:26:53,45,Distracted,Down,False,992,9.7
2026-08-16 15:26:54,45,Distracted,Down,False,992,9.7
2026-08-16 15:26:55,52,Slightly Distracted,Forward,False,992,9.7
2026-08-16 15:26:56,80,Attentive,Forward,False,992,9.7
2026-08-16 15:26:57,80,Attentive,Forward,False,992,9.7
2026-08-16 15:26:58,80,Attentive,Forward,False,992,9.7
2026-08-16 15:26:59,80,Attentive,Forward,False,992,9.7
2026-08-16 15:27:00,80,Attentive,Forward,False,992,9.7
2026-08-16 15:27:01,80,Attentive,Forward,False,992,9.7
2026-08-16 15:27:02,80,Attentive,Forward,False,992,9.7
2026-08-16 15:27:03,80,Attentive,Forward,False,992,9.7
2026-08-16 15:27:04,75,Attentive,Forward,False,992,9.7
2026-08-16 15:27:05,75,Attentive,Forward,False,992,9.7
2026-08-16 15:27:06,65,Slightly Distracted,Down,False,992,9.7
2026-08-16 15:27:07,45,Distracted,Down,False,992,9.7
2026-08-16 15:27:08,45,Distracted,Down,False,992,9.7
2026-08-16 15:27:09,45,Distracted,Down,False,992,9.7
2026-08-16 15:27:10,45,Distracted,Down,False,992,9.7
2026-08-16 15:27:11,74,Attentive,Left,True,993,9.7
2026-08-16 15:27:12,57,Slightly Distracted,Left,False,993,9.7
2026-08-16 15:27:13,45,Distracted,Left,False,993,9.7
2026-08-16 15:27:14,45,Distracted,Left,False,993,9.7
2026-08-16 15:27:15,45,Distracted,Left,False,993,9.7
2026-08-16 15:27:16,45,Distracted,Left,False,993,9.7
2026-08-16 15:27:17,46,Distracted,Left,False,994,9.7
2026-08-16 15:27:18,60,Slightly Distracted,Left,True,995,9.7
2026-08-16 15:27:19,65,Slightly Distracted,Left,True,995,9.7
2026-08-16 15:27:20,65,Slightly Distracted,Left,True,995,9.7
2026-08-16 15:27:21,65,Slightly Distracted,Left,True,995,9.7
2026-08-16 15:27:22,67,Slightly Distracted,Forward,False,995,9.7
2026-08-16 15:27:23,53,Slightly Distracted,Down,False,995,9.7
2026-08-16 15:27:24,45,Distracted,Down,False,995,9.7
2026-08-16 15:27:25,45,Distracted,Down,False,995,9.7
2026-08-16 15:27:27,45,Distracted,Down,False,995,9.7
2026-08-16 15:27:28,45,Distracted,Down,False,995,9.7
2026-08-16 15:27:29,45,Distracted,Down,False,995,9.7
2026-08-16 15:27:30,46,Distracted,Down,False,996,9.7
2026-08-16 15:27:31,45,Distracted,Down,False,996,9.7
2026-08-16 15:27:32,45,Distracted,Down,False,996,9.7
2026-08-16 15:27:33,45,Distracted,Down,False,996,9.7
2026-08-16 15:27:34,49,Distracted,Down,True,997,9.7
2026-08-16 15:27:35,65,Slightly Distracted,Down,True,997,9.7
2026-08-16 15:27:36,64,Slightly Distracted,Down,True,997,9.7
2026-08-16 15:27:37,57,Slightly Distracted,Down,False,997,9.7
2026-08-16 15:27:38,46,Distracted,Down,True,999,9.7
2026-08-16 15:27:39,50,Distracted,Down,True,1003,9.7
2026-08-16 15:27:40,62,Slightly Distracted,Down,True,1004,9.8
2026-08-16 15:27:41,64,Slightly Distracted,Down,True,1004,9.8
2026-08-16 15:27:42,63,Slightly Distracted,Down,True,1004,9.7
2026-08-16 15:27:43,58,Slightly Distracted,Down,True,1005,9.8
2026-08-16 15:27:44,50,Slightly Distracted,Down,True,1008,9.8
2026-08-16 15:27:45,52,Slightly Distracted,Down,True,1009,9.8
2026-08-16 15:27:46,56,Slightly Distracted,Down,True,1011,9.8
2026-08-16 15:27:47,60,Slightly Distracted,Down,True,1012,9.8
2026-08-16 15:27:48,63,Slightly Distracted,Down,False,1012,9.8
2026-08-16 15:27:49,52,Slightly Distracted,Down,True,1015,9.8
2026-08-16 15:27:50,51,Slightly Distracted,Down,False,1017,9.9
2026-08-16 15:27:51,47,Distracted,Down,False,1020,9.9
2026-08-16 15:27:52,48,Distracted,Down,False,1022,9.9
2026-08-16 15:27:53,48,Distracted,Down,False,1023,9.9
2026-08-16 15:27:54,48,Distracted,Down,False,1025,9.9
2026-08-16 15:27:55,47,Distracted,Down,False,1027,10.0
2026-08-16 15:27:56,46,Distracted,Down,False,1028,10.0
2026-08-16 15:27:57,45,Distracted,Down,False,1028,10.0
2026-08-16 15:27:58,46,Distracted,Down,False,1029,10.0
2026-08-16 15:27:59,48,Distracted,Down,False,1030,10.0
2026-08-16 15:28:00,45,Distracted,Down,False,1030,10.0
2026-08-16 15:28:01,53,Slightly Distracted,Down,True,1032,10.0
2026-08-16 15:28:02,60,Slightly Distracted,Down,True,1033,10.0
2026-08-16 15:28:03,59,Slightly Distracted,Down,True,1034,10.0
2026-08-16 15:28:04,65,Slightly Distracted,Down,True,1034,10.0
2026-08-16 15:28:05,65,Slightly Distracted,Down,True,1034,10.0
2026-08-16 15:28:06,59,Slightly Distracted,Down,True,1035,10.0
2026-08-16 15:28:07,64,Slightly Distracted,Down,True,1035,10.0
2026-08-16 15:28:08,64,Slightly Distracted,Down,True,1035,10.0
2026-08-16 15:28:09,64,Slightly Distracted,Down,False,1035,10.0
2026-08-16 15:28:10,61,Slightly Distracted,Down,True,1036,10.0
2026-08-16 15:28:11,61,Slightly Distracted,Down,True,1037,10.0
2026-08-16 15:28:12,48,Distracted,Down,True,1039,10.0
2026-08-16 15:28:13,51,Slightly Distracted,Down,False,1042,10.1
2026-08-16 15:28:14,64,Slightly Distracted,Down,True,1042,10.1
2026-08-16 15:28:15,64,Slightly Distracted,Down,True,1042,10.1
2026-08-16 15:28:17,64,Slightly Distracted,Down,True,1042,10.1
2026-08-16 15:28:18,64,Slightly Distracted,Down,True,1042,10.1
2026-08-16 15:28:19,51,Slightly Distracted,Down,False,1043,10.1
2026-08-16 15:28:20,45,Distracted,Down,False,1043,10.1
2026-08-16 15:28:21,45,Distracted,Down,False,1043,10.1
2026-08-16 15:28:22,56,Slightly Distracted,Down,True,1044,10.1
2026-08-16 15:28:23,58,Slightly Distracted,Down,True,1046,10.1
2026-08-16 15:28:24,64,Slightly Distracted,Down,True,1046,10.1
2026-08-16 15:28:25,64,Slightly Distracted,Down,True,1046,10.1
2026-08-16 15:28:26,56,Slightly Distracted,Down,True,1048,10.1
2026-08-16 15:28:27,65,Slightly Distracted,Down,True,1048,10.1
2026-08-16 15:28:28,65,Slightly Distracted,Down,True,1048,10.1
2026-08-16 15:28:29,65,Slightly Distracted,Down,True,1048,10.1
2026-08-16 15:28:30,65,Slightly Distracted,Down,True,1048,10.1
2026-08-16 15:28:31,59,Slightly Distracted,Down,True,1049,10.1
2026-08-16 15:28:32,45,Distracted,Down,False,1049,10.1
2026-08-16 15:28:33,52,Slightly Distracted,Down,False,1050,10.1
2026-08-16 15:28:34,67,Slightly Distracted,Forward,False,1050,10.1
2026-08-16 15:28:35,83,Attentive,Forward,False,1051,10.1
2026-08-16 15:28:36,80,Attentive,Forward,False,1051,10.1
2026-08-16 15:28:37,80,Attentive,Forward,False,1051,10.1
2026-08-16 15:28:38,80,Attentive,Forward,False,1051,10.1
2026-08-16 15:28:39,79,Attentive,Forward,False,1051,10.1
2026-08-16 15:28:40,51,Slightly Distracted,Forward,False,1051,10.1
2026-08-16 15:28:41,47,Distracted,Down,False,1051,10.1
2026-08-16 15:28:42,75,Attentive,Down,False,1051,10.1
2026-08-16 15:28:43,45,Distracted,Down,False,1051,10.1
2026-08-16 15:28:44,46,Distracted,Down,False,1053,10.1
2026-08-16 15:28:45,53,Slightly Distracted,Down,True,1056,10.2
2026-08-16 15:28:46,70,Slightly Distracted,Forward,True,1056,10.1
2026-08-16 15:28:47,76,Attentive,Down,True,1056,10.1
2026-08-16 15:28:48,62,Slightly Distracted,Down,True,1057,10.2
2026-08-16 15:28:49,46,Distracted,Down,False,1057,10.2
2026-08-16 15:28:50,45,Distracted,Down,False,1057,10.2
2026-08-16 15:28:51,46,Distracted,Down,False,1058,10.2
2026-08-16 15:28:52,45,Distracted,Down,False,1058,10.2
2026-08-16 15:28:53,45,Distracted,Down,False,1058,10.2
2026-08-16 15:28:54,46,Distracted,Down,False,1059,10.2
2026-08-16 15:28:55,46,Distracted,Down,False,1060,10.2
2026-08-16 15:28:56,48,Distracted,Forward,False,1060,10.2
2026-08-16 15:28:57,78,Attentive,Forward,False,1060,10.2
2026-08-16 15:28:58,80,Attentive,Forward,False,1060,10.2
2026-08-16 15:28:59,80,Attentive,Forward,False,1060,10.2
2026-08-16 15:29:00,80,Attentive,Forward,False,1060,10.2
2026-08-16 15:29:01,80,Attentive,Forward,False,1060,10.2
2026-08-16 15:29:02,80,Attentive,Forward,False,1060,10.2
2026-08-16 15:29:03,80,Attentive,Forward,False,1060,10.2
2026-08-16 15:29:04,79,Attentive,Down,False,1060,10.2
2026-08-16 15:29:05,76,Attentive,Forward,False,1060,10.2
2026-08-16 15:29:07,71,Attentive,Forward,False,1060,10.2
2026-08-16 15:29:08,80,Attentive,Forward,False,1060,10.2
2026-08-16 15:29:09,70,Slightly Distracted,Forward,False,1060,10.2
2026-08-16 15:29:10,81,Attentive,Forward,True,1061,10.2
2026-08-16 15:29:11,94,Highly Attentive,Forward,True,1061,10.2
2026-08-16 15:29:12,87,Highly Attentive,Forward,True,1062,10.2
2026-08-16 15:29:13,92,Highly Attentive,Forward,False,1062,10.2
2026-08-16 15:29:14,83,Attentive,Forward,False,1065,10.2
2026-08-16 15:29:15,85,Highly Attentive,Forward,False,1066,10.2
2026-08-16 15:29:16,75,Attentive,Forward,False,1069,10.2
2026-08-16 15:29:17,92,Highly Attentive,Forward,True,1070,10.2
2026-08-16 15:29:18,92,Highly Attentive,Forward,False,1072,10.3
2026-08-16 15:29:19,70,Slightly Distracted,Forward,False,1072,10.2
2026-08-16 15:29:20,80,Attentive,Forward,False,1072,10.2
2026-08-16 15:29:21,80,Attentive,Forward,False,1072,10.2
2026-08-16 15:29:22,80,Attentive,Forward,False,1072,10.2
2026-08-16 15:29:23,80,Attentive,Forward,False,1072,10.2
2026-08-16 15:29:24,80,Attentive,Forward,False,1072,10.2
2026-08-16 15:29:25,80,Attentive,Forward,False,1072,10.2
2026-08-16 15:29:26,80,Attentive,Forward,False,1072,10.2
2026-08-16 15:29:27,80,Attentive,Forward,False,1072,10.2
2026-08-16 15:29:28,66,Slightly Distracted,Down,True,1073,10.2
2026-08-16 15:29:29,74,Attentive,Forward,True,1075,10.3
2026-08-16 15:29:30,66,Slightly Distracted,Down,False,1077,10.3
2026-08-16 15:29:31,45,Distracted,Left,False,1077,10.3
2026-08-16 15:29:32,45,Distracted,Left,False,1077,10.3
2026-08-16 15:29:33,45,Distracted,Left,False,1077,10.3
2026-08-16 15:29:34,45,Distracted,Left,False,1077,10.3
2026-08-16 15:29:35,45,Distracted,Left,False,1077,10.3
2026-08-16 15:29:36,46,Distracted,Left,False,1078,10.3
2026-08-16 15:29:37,77,Attentive,Down,False,1079,10.3
2026-08-16 15:29:38,52,Slightly Distracted,Down,True,1081,10.3
2026-08-16 15:29:39,51,Slightly Distracted,Down,False,1081,10.3
2026-08-16 15:29:40,50,Distracted,Down,False,1081,10.3
2026-08-16 15:29:41,61,Slightly Distracted,Forward,False,1082,10.3
2026-08-16 15:29:42,61,Slightly Distracted,Down,True,1083,10.3
2026-08-16 15:29:43,64,Slightly Distracted,Down,False,1083,10.3
2026-08-16 15:29:44,61,Slightly Distracted,Left,True,1085,10.3
2026-08-16 15:29:45,57,Slightly Distracted,Left,True,1086,10.3
2026-08-16 15:29:46,46,Distracted,Left,False,1086,10.3
2026-08-16 15:29:47,45,Distracted,Left,False,1086,10.3
2026-08-16 15:29:48,45,Distracted,Left,False,1086,10.3
2026-08-16 15:29:49,45,Distracted,Left,False,1086,10.3
2026-08-16 15:29:50,45,Distracted,Down,False,1086,10.3
2026-08-16 15:29:51,46,Distracted,Left,False,1087,10.3
2026-08-16 15:29:52,45,Distracted,Left,False,1087,10.3
2026-08-16 15:29:53,45,Distracted,Left,False,1087,10.3
2026-08-16 15:29:54,46,Distracted,Left,False,1088,10.3
2026-08-16 15:29:56,58,Slightly Distracted,Left,True,1089,10.4
2026-08-16 15:29:57,62,Slightly Distracted,Left,False,1089,10.3
2026-08-16 15:29:58,45,Distracted,Left,False,1089,10.3
2026-08-16 15:29:59,46,Distracted,Left,False,1090,10.4
2026-08-16 15:30:00,46,Distracted,Left,False,1091,10.4
2026-08-16 15:30:01,46,Distracted,Left,False,1092,10.4
2026-08-16 15:30:02,45,Distracted,Left,False,1092,10.4
2026-08-16 15:30:03,45,Distracted,Left,False,1092,10.4
2026-08-16 15:30:04,45,Distracted,Left,False,1092,10.4
2026-08-16 15:30:05,48,Distracted,Left,False,1093,10.4
2026-08-16 15:30:06,45,Distracted,Left,False,1093,10.4
2026-08-16 15:30:07,47,Distracted,Left,False,1094,10.4
2026-08-16 15:30:08,48,Distracted,Left,False,1095,10.4
2026-08-16 15:30:09,45,Distracted,Left,False,1095,10.4
2026-08-16 15:30:10,46,Distracted,Left,False,1096,10.4
2026-08-16 15:30:11,45,Distracted,Left,False,1096,10.4
2026-08-16 15:30:12,48,Distracted,Left,False,1098,10.4
2026-08-16 15:30:13,53,Slightly Distracted,Left,True,1099,10.4
2026-08-16 15:30:14,62,Slightly Distracted,Left,True,1099,10.4
2026-08-16 15:30:15,53,Slightly Distracted,Left,True,1101,10.4
2026-08-16 15:30:16,62,Slightly Distracted,Left,True,1101,10.4
2026-08-16 15:30:17,57,Slightly Distracted,Left,False,1101,10.4
2026-08-16 15:30:18,46,Distracted,Down,True,1102,10.4
2026-08-16 15:30:19,59,Slightly Distracted,Left,True,1102,10.4
2026-08-16 15:30:33,61,Slightly Distracted,Forward,False,1102,10.4
2026-08-16 15:30:34,60,Slightly Distracted,Down,True,1103,10.4
2026-08-16 15:30:35,65,Slightly Distracted,Left,True,1103,10.4
2026-08-16 15:30:36,65,Slightly Distracted,Left,True,1103,10.4
2026-08-16 15:30:37,65,Slightly Distracted,Left,True,1103,10.4
2026-08-16 15:30:38,65,Slightly Distracted,Left,True,1103,10.4
2026-08-16 15:30:39,65,Slightly Distracted,Left,True,1103,10.4
2026-08-16 15:30:40,64,Slightly Distracted,Left,True,1103,10.4
2026-08-16 15:30:41,65,Slightly Distracted,Left,True,1103,10.4
2026-08-16 15:30:42,65,Slightly Distracted,Left,True,1103,10.4
2026-08-16 15:30:43,59,Slightly Distracted,Left,True,1104,10.4
2026-08-16 15:30:44,65,Slightly Distracted,Left,True,1104,10.4
2026-08-16 15:30:45,65,Slightly Distracted,Left,True,1104,10.4
2026-08-16 15:30:46,65,Slightly Distracted,Left,True,1104,10.4
2026-08-16 15:30:47,64,Slightly Distracted,Left,True,1104,10.4
2026-08-16 15:30:48,63,Slightly Distracted,Left,True,1104,10.4
2026-08-16 15:30:49,54,Slightly Distracted,Left,False,1105,10.4
2026-08-16 15:30:50,45,Distracted,Left,False,1105,10.4
2026-08-16 15:30:51,52,Slightly Distracted,Forward,False,1106,10.4
2026-08-16 15:30:52,77,Attentive,Down,True,1107,10.4
2026-08-16 15:30:53,65,Slightly Distracted,Down,True,1107,10.4
2026-08-16 15:30:54,72,Attentive,Forward,True,1108,10.4
2026-08-16 15:30:55,95,Highly Attentive,Forward,True,1108,10.4
2026-08-16 15:30:57,89,Highly Attentive,Down,True,1109,10.4
2026-08-16 15:30:58,65,Slightly Distracted,Down,True,1109,10.4
2026-08-16 15:30:59,65,Slightly Distracted,Down,True,1109,10.4
2026-08-16 15:31:00,71,Attentive,Forward,True,1109,10.4
2026-08-16 15:31:01,85,Attentive,Forward,True,1109,10.4
2026-08-16 15:31:02,90,Highly Attentive,Forward,True,1109,10.4
2026-08-16 15:31:03,87,Highly Attentive,Forward,True,1109,10.4
2026-08-16 15:31:04,87,Highly Attentive,Forward,True,1110,10.4
2026-08-16 15:31:05,96,Highly Attentive,Forward,True,1110,10.4
2026-08-16 15:31:06,85,Highly Attentive,Forward,True,1113,10.5
2026-08-16 15:31:07,64,Slightly Distracted,Down,False,1113,10.5
2026-08-16 15:31:08,45,Distracted,Down,False,1113,10.5
2026-08-16 15:31:09,46,Distracted,Down,False,1114,10.5
2026-08-16 15:31:10,45,Distracted,Down,False,1114,10.5
2026-08-16 15:31:11,45,Distracted,Down,False,1114,10.5
2026-08-16 15:31:12,45,Distracted,Down,False,1114,10.5
2026-08-16 15:31:13,45,Distracted,Down,False,1114,10.5
2026-08-16 15:31:14,45,Distracted,Down,False,1114,10.5
2026-08-16 15:31:15,45,Distracted,Down,False,1114,10.5
2026-08-16 15:31:16,45,Distracted,Down,False,1114,10.5
2026-08-16 15:31:17,45,Distracted,Down,False,1114,10.5
2026-08-16 15:31:18,45,Distracted,Down,False,1114,10.5
2026-08-16 15:31:19,45,Distracted,Down,False,1114,10.5
2026-08-16 15:31:20,45,Distracted,Down,False,1114,10.4
2026-08-16 15:31:21,45,Distracted,Down,False,1114,10.4
2026-08-16 15:31:22,45,Distracted,Down,False,1114,10.4
2026-08-16 15:31:23,75,Attentive,Forward,False,1114,10.4
2026-08-16 15:31:24,66,Slightly Distracted,Forward,False,1114,10.4
2026-08-16 15:31:25,70,Attentive,Forward,False,1116,10.5
2026-08-16 15:31:26,55,Slightly Distracted,Forward,False,1120,10.5
2026-08-16 15:31:27,72,Attentive,Forward,False,1122,10.5
2026-08-16 15:31:28,62,Slightly Distracted,Down,False,1122,10.5
2026-08-16 15:31:29,62,Slightly Distracted,Right,True,1124,10.5
2026-08-16 15:31:30,57,Slightly Distracted,Right,True,1126,10.5
2026-08-16 15:31:33,60,Slightly Distracted,Down,False,1126,10.5
2026-08-16 15:31:34,54,Slightly Distracted,Down,False,1126,10.5
2026-08-16 15:31:35,61,Slightly Distracted,Forward,False,1127,10.5
2026-08-16 15:31:36,78,Attentive,Forward,False,1128,10.6
2026-08-16 15:31:37,73,Attentive,Down,False,1129,10.6
2026-08-16 15:31:38,46,Distracted,Down,False,1130,10.6
2026-08-16 15:31:39,59,Slightly Distracted,Right,False,1132,10.6
2026-08-16 15:31:40,64,Slightly Distracted,Down,True,1133,10.6
2026-08-16 15:31:41,64,Slightly Distracted,Down,False,1133,10.6
2026-08-16 15:31:42,64,Slightly Distracted,Down,True,1134,10.6
2026-08-16 15:31:43,65,Slightly Distracted,Down,True,1134,10.6
2026-08-16 15:31:44,63,Slightly Distracted,Right,False,1134,10.6
2026-08-16 15:31:47,62,Slightly Distracted,Right,False,1134,10.6
2026-08-16 15:31:53,60,Slightly Distracted,Right,True,1134,10.6
2026-08-16 15:31:54,56,Slightly Distracted,Right,True,1135,10.6
2026-08-16 15:31:55,60,Slightly Distracted,Down,True,1136,10.6
2026-08-16 15:31:56,65,Slightly Distracted,Right,True,1136,10.6
2026-08-16 15:31:57,64,Slightly Distracted,Right,True,1136,10.6
2026-08-16 15:31:58,46,Distracted,Down,False,1136,10.6
2026-08-16 15:31:59,45,Distracted,Down,False,1136,10.6
2026-08-16 15:32:00,67,Slightly Distracted,Forward,False,1136,10.6
2026-08-16 15:32:01,68,Slightly Distracted,Left,True,1138,10.6
2026-08-16 15:32:02,58,Slightly Distracted,Forward,True,1140,10.6
2026-08-16 15:32:03,63,Slightly Distracted,Forward,False,1141,10.6
2026-08-16 15:32:04,57,Slightly Distracted,Down,False,1141,10.6
2026-08-16 15:32:05,45,Distracted,Right,False,1141,10.6
2026-08-16 15:32:06,45,Distracted,Right,False,1141,10.6
2026-08-16 15:32:07,45,Distracted,Right,False,1141,10.6
2026-08-16 15:32:08,45,Distracted,Down,False,1141,10.6
2026-08-16 15:32:09,56,Slightly Distracted,Down,False,1141,10.6
2026-08-16 15:32:10,45,Distracted,Down,False,1141,10.6
2026-08-16 15:32:11,45,Distracted,Down,False,1141,10.6
2026-08-16 15:32:12,45,Distracted,Down,False,1141,10.6
2026-08-16 15:32:13,45,Distracted,Down,False,1141,10.6
2026-08-16 15:32:14,45,Distracted,Down,False,1141,10.6
2026-08-16 15:32:15,45,Distracted,Down,False,1141,10.6
2026-08-16 15:32:17,45,Distracted,Down,False,1141,10.6
2026-08-16 15:32:18,45,Distracted,Down,False,1141,10.6
2026-08-16 15:32:19,52,Slightly Distracted,Down,True,1142,10.6
2026-08-16 15:32:20,65,Slightly Distracted,Down,True,1142,10.6
2026-08-16 15:32:21,62,Slightly Distracted,Down,False,1142,10.6
2026-08-16 15:32:22,63,Slightly Distracted,Down,True,1143,10.6
2026-08-16 15:32:23,50,Distracted,Down,False,1143,10.6
2026-08-16 15:32:24,45,Distracted,Down,False,1143,10.6
2026-08-16 15:32:25,45,Distracted,Down,False,1143,10.6
2026-08-16 15:32:26,45,Distracted,Down,False,1143,10.6
2026-08-16 15:32:27,52,Slightly Distracted,Down,False,1144,10.6
2026-08-16 15:32:28,45,Distracted,Down,False,1144,10.6
2026-08-16 15:32:29,50,Slightly Distracted,Down,True,1145,10.6
2026-08-16 15:32:30,50,Slightly Distracted,Down,False,1145,10.6
2026-08-16 15:32:31,45,Distracted,Down,False,1145,10.6
2026-08-16 15:32:32,45,Distracted,Down,False,1145,10.6
2026-08-16 15:32:33,45,Distracted,Down,False,1145,10.6
2026-08-16 15:32:34,45,Distracted,Down,False,1145,10.6
2026-08-16 15:32:35,45,Distracted,Down,False,1145,10.6
2026-08-16 15:32:36,45,Distracted,Down,False,1145,10.6
2026-08-16 15:32:37,45,Distracted,Down,False,1145,10.6
2026-08-16 15:32:38,45,Distracted,Down,False,1145,10.6
2026-08-16 15:32:39,45,Distracted,Down,False,1145,10.6
2026-08-16 15:32:40,51,Slightly Distracted,Down,False,1147,10.6
2026-08-16 15:32:41,45,Distracted,Down,False,1147,10.6
2026-08-16 15:32:42,45,Distracted,Down,False,1147,10.6
2026-08-16 15:32:43,45,Distracted,Down,False,1147,10.6
2026-08-16 15:32:44,45,Distracted,Down,False,1147,10.6
2026-08-16 15:32:45,45,Distracted,Down,False,1147,10.6
2026-08-16 15:32:46,46,Distracted,Down,False,1148,10.6
2026-08-16 15:32:47,45,Distracted,Down,False,1148,10.6
2026-08-16 15:32:48,45,Distracted,Down,False,1148,10.6
2026-08-16 15:32:49,45,Distracted,Down,False,1148,10.6
2026-08-16 15:32:50,45,Distracted,Down,False,1148,10.6
2026-08-16 15:32:51,48,Distracted,Forward,True,1150,10.6
2026-08-16 15:32:52,78,Attentive,Left,True,1152,10.7
2026-08-16 15:32:53,78,Attentive,Left,True,1153,10.7
2026-08-16 15:32:54,74,Attentive,Forward,False,1153,10.7
2026-08-16 15:32:55,81,Attentive,Down,False,1155,10.7
2026-08-16 15:32:56,69,Slightly Distracted,Forward,False,1158,10.7
2026-08-16 15:32:57,80,Attentive,Forward,False,1159,10.7
2026-08-16 15:32:58,59,Slightly Distracted,Forward,False,1159,10.7
2026-08-16 15:32:59,92,Highly Attentive,Forward,True,1161,10.7
2026-08-16 15:33:00,84,Attentive,Left,False,1161,10.7
2026-08-16 15:33:01,50,Distracted,Left,True,1162,10.7
2026-08-16 15:33:02,64,Slightly Distracted,Left,True,1162,10.7
2026-08-16 15:33:03,65,Slightly Distracted,Left,True,1162,10.7
2026-08-16 15:33:04,65,Slightly Distracted,Left,True,1162,10.7
2026-08-16 15:33:05,65,Slightly Distracted,Left,True,1162,10.7
2026-08-16 15:33:07,65,Slightly Distracted,Left,True,1162,10.7
2026-08-16 15:33:08,65,Slightly Distracted,Left,True,1162,10.7
2026-08-16 15:33:09,65,Slightly Distracted,Left,True,1162,10.7
2026-08-16 15:33:10,65,Slightly Distracted,Left,True,1162,10.7
2026-08-16 15:33:11,65,Slightly Distracted,Left,True,1162,10.7
2026-08-16 15:33:12,65,Slightly Distracted,Left,True,1162,10.7
2026-08-16 15:33:13,65,Slightly Distracted,Left,True,1162,10.7
2026-08-16 15:33:14,64,Slightly Distracted,Left,True,1162,10.7
2026-08-16 15:33:21,63,Slightly Distracted,Left,False,1162,10.7
2026-08-16 15:33:22,65,Slightly Distracted,Left,True,1163,10.7
2026-08-16 15:33:23,65,Slightly Distracted,Left,True,1163,10.7
2026-08-16 15:33:24,71,Attentive,Forward,False,1163,10.7
2026-08-16 15:33:25,70,Slightly Distracted,Down,True,1166,10.7
2026-08-16 15:33:26,46,Distracted,Down,False,1167,10.7
2026-08-16 15:33:27,48,Distracted,Down,True,1170,10.8
2026-08-16 15:33:28,54,Slightly Distracted,Forward,False,1171,10.8
2026-08-16 15:33:29,61,Slightly Distracted,Down,False,1172,10.8
2026-08-16 15:33:30,49,Distracted,Down,False,1172,10.8
2026-08-16 15:33:31,60,Slightly Distracted,Forward,False,1172,10.8
2026-08-16 15:33:32,63,Slightly Distracted,Forward,False,1172,10.8
2026-08-16 15:33:33,66,Slightly Distracted,Forward,False,1172,10.8
2026-08-16 15:33:34,67,Slightly Distracted,Forward,False,1174,10.8
2026-08-16 15:33:37,70,Attentive,Forward,True,1175,10.8
2026-08-16 15:33:38,64,Slightly Distracted,Down,False,1176,10.8
2026-08-16 15:33:39,45,Distracted,Down,False,1176,10.8
2026-08-16 15:33:40,66,Slightly Distracted,Forward,False,1176,10.8
2026-08-16 15:33:41,80,Attentive,Forward,False,1176,10.8
2026-08-16 15:33:42,80,Attentive,Forward,False,1176,10.8
2026-08-16 15:33:43,80,Attentive,Forward,False,1176,10.8
2026-08-16 15:33:44,80,Attentive,Forward,False,1176,10.8
2026-08-16 15:33:45,80,Attentive,Forward,False,1176,10.8
2026-08-16 15:33:46,83,Attentive,Forward,True,1178,10.8
2026-08-16 15:33:47,74,Attentive,Down,False,1178,10.8
2026-08-16 15:33:48,45,Distracted,Down,False,1178,10.8
2026-08-16 15:33:49,47,Distracted,Down,False,1179,10.8
2026-08-16 15:33:50,45,Distracted,Down,False,1179,10.8
2026-08-16 15:33:51,45,Distracted,Down,False,1179,10.8
2026-08-16 15:33:52,52,Slightly Distracted,Down,False,1180,10.8
2026-08-16 15:33:54,57,Slightly Distracted,Down,False,1181,10.8
2026-08-16 15:33:55,52,Slightly Distracted,Down,False,1181,10.8
2026-08-16 15:33:56,53,Slightly Distracted,Down,False,1183,10.8
2026-08-16 15:33:57,50,Distracted,Down,True,1185,10.8
2026-08-16 15:33:58,45,Distracted,Down,False,1185,10.8
2026-08-16 15:33:59,45,Distracted,Down,False,1185,10.8
2026-08-16 15:34:00,51,Slightly Distracted,Forward,False,1185,10.8
2026-08-16 15:34:01,64,Slightly Distracted,Down,False,1185,10.8
2026-08-16 15:34:02,47,Distracted,Down,False,1186,10.8
2026-08-16 15:34:03,45,Distracted,Down,False,1186,10.8
2026-08-16 15:34:04,51,Slightly Distracted,Down,True,1187,10.9
2026-08-16 15:34:05,65,Slightly Distracted,Down,True,1187,10.9
2026-08-16 15:34:06,54,Slightly Distracted,Down,False,1187,10.9
2026-08-16 15:34:07,45,Distracted,Down,False,1187,10.8
2026-08-16 15:34:08,47,Distracted,Down,True,1189,10.9
2026-08-16 15:34:09,65,Slightly Distracted,Down,True,1189,10.9
2026-08-16 15:34:10,65,Slightly Distracted,Down,True,1189,10.9
2026-08-16 15:34:11,56,Slightly Distracted,Down,True,1190,10.9
2026-08-16 15:34:12,60,Slightly Distracted,Down,False,1191,10.9
2026-08-16 15:34:13,51,Slightly Distracted,Down,False,1193,10.9
2026-08-16 15:34:14,45,Distracted,Down,False,1193,10.9
2026-08-16 15:34:15,56,Slightly Distracted,Down,False,1194,10.9
2026-08-16 15:34:16,45,Distracted,Down,False,1194,10.9
2026-08-16 15:34:17,59,Slightly Distracted,Down,True,1195,10.9
2026-08-16 15:34:18,54,Slightly Distracted,Down,False,1196,10.9
2026-08-16 15:34:19,62,Slightly Distracted,Down,True,1198,10.9
2026-08-16 15:34:22,64,Slightly Distracted,Down,True,1198,10.9
2026-08-16 15:34:23,64,Slightly Distracted,Down,True,1198,10.9
2026-08-16 15:34:24,65,Slightly Distracted,Down,True,1198,10.9
2026-08-16 15:34:25,58,Slightly Distracted,Down,True,1199,10.9
2026-08-16 15:34:26,52,Slightly Distracted,Down,False,1200,10.9
2026-08-16 15:34:28,57,Slightly Distracted,Left,True,1201,10.9
2026-08-16 15:34:29,49,Distracted,Left,False,1202,11.0
2026-08-16 15:34:30,45,Distracted,Down,False,1202,10.9
2026-08-16 15:34:31,52,Slightly Distracted,Left,True,1205,11.0
2026-08-16 15:34:32,62,Slightly Distracted,Left,False,1205,11.0
2026-08-16 15:34:33,52,Slightly Distracted,Left,True,1207,11.0
2026-08-16 15:34:34,58,Slightly Distracted,Left,False,1207,11.0
2026-08-16 15:34:35,58,Slightly Distracted,Left,True,1209,11.0
2026-08-16 15:34:36,62,Slightly Distracted,Left,False,1209,11.0
2026-08-16 15:34:37,45,Distracted,Left,False,1209,11.0
2026-08-16 15:34:38,46,Distracted,Left,False,1210,11.0
2026-08-16 15:34:39,58,Slightly Distracted,Down,True,1211,11.0
2026-08-16 15:34:40,62,Slightly Distracted,Down,True,1212,11.0
2026-08-16 15:34:41,65,Slightly Distracted,Down,True,1212,11.0
2026-08-16 15:34:42,45,Distracted,Down,False,1212,11.0
2026-08-16 15:34:43,55,Slightly Distracted,Down,True,1214,11.0
2026-08-16 15:34:44,62,Slightly Distracted,Left,True,1214,11.0
2026-08-16 15:34:45,58,Slightly Distracted,Left,True,1214,11.0
2026-08-16 15:34:47,58,Slightly Distracted,Left,True,1214,11.0
2026-08-16 15:34:48,58,Slightly Distracted,Left,False,1215,11.0
2026-08-16 15:34:49,46,Distracted,Left,False,1215,11.0
2026-08-16 15:34:51,45,Distracted,Left,False,1215,11.0
2026-08-16 15:34:52,59,Slightly Distracted,Left,True,1217,11.0
2026-08-16 15:34:53,65,Slightly Distracted,Down,True,1217,11.0
2026-08-16 15:34:54,65,Slightly Distracted,Down,True,1217,11.0
2026-08-16 15:35:00,65,Slightly Distracted,Down,True,1217,11.0
2026-08-16 15:35:01,64,Slightly Distracted,Down,False,1217,11.0
2026-08-16 15:35:02,65,Slightly Distracted,Down,True,1217,11.0
2026-08-16 15:35:03,65,Slightly Distracted,Down,True,1217,11.0
2026-08-16 15:35:05,65,Slightly Distracted,Down,True,1217,11.0
2026-08-16 15:35:06,65,Slightly Distracted,Down,True,1217,11.0
2026-08-16 15:35:07,65,Slightly Distracted,Down,True,1217,11.0
2026-08-16 15:35:08,53,Slightly Distracted,Down,True,1218,11.0
2026-08-16 15:35:09,65,Slightly Distracted,Down,True,1218,11.0
2026-08-16 15:35:10,65,Slightly Distracted,Down,True,1218,11.0
2026-08-16 15:35:11,65,Slightly Distracted,Down,True,1218,11.0
2026-08-16 15:35:12,65,Slightly Distracted,Down,True,1218,11.0
2026-08-16 15:35:13,64,Slightly Distracted,Down,True,1218,11.0
2026-08-16 15:35:14,59,Slightly Distracted,Down,True,1219,11.0
2026-08-16 15:35:15,65,Slightly Distracted,Down,True,1219,11.0
2026-08-16 15:35:16,65,Slightly Distracted,Down,True,1219,11.0
2026-08-16 15:35:17,62,Slightly Distracted,Down,False,1220,11.0
2026-08-16 15:35:18,48,Distracted,Down,False,1221,11.0
2026-08-16 15:35:19,50,Slightly Distracted,Down,True,1223,11.1
2026-08-16 15:35:20,64,Slightly Distracted,Left,True,1223,11.1
2026-08-16 15:35:21,65,Slightly Distracted,Left,True,1223,11.1
2026-08-16 15:35:22,65,Slightly Distracted,Left,True,1223,11.1
2026-08-16 15:35:24,65,Slightly Distracted,Left,True,1223,11.0
2026-08-16 15:35:25,64,Slightly Distracted,Down,True,1223,11.0
2026-08-16 15:35:27,64,Slightly Distracted,Right,True,1223,11.0
2026-08-16 15:35:28,65,Slightly Distracted,Right,True,1223,11.0
2026-08-16 15:35:30,64,Slightly Distracted,Right,False,1223,11.0
2026-08-16 15:35:35,63,Slightly Distracted,Down,True,1224,11.0
2026-08-16 15:35:36,61,Slightly Distracted,Down,True,1225,11.0
2026-08-16 15:35:37,76,Attentive,Forward,False,1226,11.1
2026-08-16 15:35:38,80,Attentive,Forward,False,1226,11.1
2026-08-16 15:35:39,81,Attentive,Forward,True,1227,11.1
2026-08-16 15:35:40,66,Slightly Distracted,Down,True,1228,11.1
2026-08-16 15:35:41,68,Slightly Distracted,Down,True,1228,11.1
2026-08-16 15:35:42,66,Slightly Distracted,Down,True,1228,11.1
2026-08-16 15:35:43,77,Attentive,Down,True,1228,11.1
2026-08-16 15:35:44,66,Slightly Distracted,Down,True,1228,11.1
2026-08-16 15:35:45,65,Slightly Distracted,Down,True,1228,11.1
2026-08-16 15:35:46,64,Slightly Distracted,Down,True,1228,11.1
2026-08-16 15:35:47,65,Slightly Distracted,Down,True,1228,11.1
2026-08-16 15:35:48,64,Slightly Distracted,Left,True,1228,11.1
2026-08-16 15:35:49,64,Slightly Distracted,Left,True,1228,11.1
2026-08-16 15:35:50,65,Slightly Distracted,Left,True,1228,11.1
2026-08-16 15:35:51,63,Slightly Distracted,Down,True,1228,11.0
2026-08-16 15:35:52,65,Slightly Distracted,Down,True,1228,11.0
2026-08-16 15:35:53,65,Slightly Distracted,Down,True,1228,11.0
2026-08-16 15:35:54,65,Slightly Distracted,Down,True,1228,11.0
2026-08-16 15:35:56,65,Slightly Distracted,Down,True,1228,11.0
2026-08-16 15:35:57,65,Slightly Distracted,Down,True,1228,11.0
2026-08-16 15:35:58,65,Slightly Distracted,Down,True,1228,11.0
2026-08-16 15:35:59,60,Slightly Distracted,Down,True,1229,11.0
2026-08-16 15:36:00,57,Slightly Distracted,Down,False,1231,11.1
2026-08-16 15:36:01,62,Slightly Distracted,Left,True,1232,11.1
2026-08-16 15:36:02,57,Slightly Distracted,Down,False,1233,11.1
2026-08-16 15:36:03,52,Slightly Distracted,Down,False,1235,11.1
2026-08-16 15:36:04,63,Slightly Distracted,Down,False,1236,11.1
2026-08-16 15:36:05,60,Slightly Distracted,Down,False,1236,11.1
2026-08-16 15:36:06,50,Slightly Distracted,Down,True,1237,11.1
2026-08-16 15:36:07,61,Slightly Distracted,Down,True,1237,11.1
2026-08-16 15:36:08,62,Slightly Distracted,Down,False,1237,11.1
2026-08-16 15:36:09,46,Distracted,Left,False,1238,11.1
2026-08-16 15:36:10,45,Distracted,Down,False,1238,11.1
2026-08-16 15:36:11,45,Distracted,Down,False,1238,11.1
2026-08-16 15:36:12,47,Distracted,Down,True,1240,11.1
2026-08-16 15:36:13,48,Distracted,Down,True,1241,11.1
2026-08-16 15:36:14,52,Slightly Distracted,Down,False,1241,11.1
2026-08-16 15:36:15,53,Slightly Distracted,Down,False,1243,11.1
2026-08-16 15:36:16,48,Distracted,Down,False,1245,11.2
2026-08-16 15:36:17,46,Distracted,Left,False,1246,11.2
2026-08-16 15:36:18,46,Distracted,Left,True,1248,11.2
2026-08-16 15:36:19,45,Distracted,Left,False,1248,11.2
2026-08-16 15:36:20,45,Distracted,Left,False,1248,11.2
2026-08-16 15:36:21,46,Distracted,Left,False,1249,11.2
2026-08-16 15:36:22,47,Distracted,Left,False,1250,11.2
2026-08-16 15:36:23,45,Distracted,Left,False,1250,11.2
2026-08-16 15:36:24,46,Distracted,Left,False,1251,11.2
2026-08-16 15:36:25,52,Slightly Distracted,Left,True,1254,11.2
2026-08-16 15:36:26,47,Distracted,Left,False,1254,11.2
2026-08-16 15:36:27,48,Distracted,Down,False,1256,11.2
2026-08-16 15:36:28,50,Slightly Distracted,Down,False,1258,11.3
2026-08-16 15:36:29,47,Distracted,Down,True,1259,11.3
2026-08-16 15:36:30,64,Slightly Distracted,Down,True,1259,11.3
2026-08-16 15:36:31,57,Slightly Distracted,Down,False,1259,11.3
2026-08-16 15:36:32,45,Distracted,Down,False,1259,11.3
2026-08-16 15:36:33,48,Distracted,Down,False,1260,11.3
2026-08-16 15:36:34,52,Slightly Distracted,Down,True,1262,11.3
2026-08-16 15:36:35,63,Slightly Distracted,Down,False,1262,11.3
2026-08-16 15:36:36,63,Slightly Distracted,Down,True,1263,11.3
2026-08-16 15:36:37,65,Slightly Distracted,Down,True,1263,11.3
2026-08-16 15:36:38,65,Slightly Distracted,Down,True,1263,11.3
2026-08-16 15:36:39,65,Slightly Distracted,Down,True,1263,11.3
2026-08-16 15:36:40,65,Slightly Distracted,Down,True,1263,11.3
2026-08-16 15:36:41,64,Slightly Distracted,Down,True,1263,11.3
2026-08-16 15:36:42,65,Slightly Distracted,Down,True,1263,11.3
2026-08-16 15:36:43,56,Slightly Distracted,Down,False,1264,11.3
2026-08-16 15:36:52,52,Slightly Distracted,Down,True,1265,11.3
2026-08-16 15:36:53,54,Slightly Distracted,Down,False,1266,11.3
2026-08-16 15:36:54,45,Distracted,Down,False,1266,11.3
2026-08-16 15:36:55,45,Distracted,Down,False,1266,11.3
2026-08-16 15:36:56,52,Slightly Distracted,Down,False,1267,11.3
2026-08-16 15:36:57,45,Distracted,Down,False,1267,11.3
2026-08-16 15:36:58,45,Distracted,Down,False,1267,11.3
2026-08-16 15:36:59,45,Distracted,Down,False,1267,11.3
2026-08-16 15:37:00,48,Distracted,Down,True,1268,11.3
2026-08-16 15:37:01,64,Slightly Distracted,Down,False,1268,11.3
2026-08-16 15:37:02,62,Slightly Distracted,Down,True,1269,11.3
2026-08-16 15:37:03,48,Distracted,Down,False,1269,11.3
2026-08-16 15:37:04,48,Distracted,Down,False,1271,11.3
2026-08-16 15:37:05,61,Slightly Distracted,Down,True,1272,11.3
2026-08-16 15:37:06,65,Slightly Distracted,Down,True,1272,11.3
2026-08-16 15:37:07,62,Slightly Distracted,Down,False,1273,11.3
2026-08-16 15:37:08,64,Slightly Distracted,Down,True,1273,11.3
2026-08-16 15:37:09,64,Slightly Distracted,Down,True,1273,11.3
2026-08-16 15:37:10,65,Slightly Distracted,Down,True,1273,11.3
2026-08-16 15:37:11,65,Slightly Distracted,Down,True,1273,11.3
2026-08-16 15:37:12,65,Slightly Distracted,Down,True,1273,11.3
2026-08-16 15:37:13,64,Slightly Distracted,Down,True,1273,11.3
2026-08-16 15:37:17,64,Slightly Distracted,Down,True,1273,11.3
2026-08-16 15:37:18,65,Slightly Distracted,Down,True,1273,11.3
2026-08-16 15:37:19,65,Slightly Distracted,Down,True,1273,11.3
2026-08-16 15:37:20,62,Slightly Distracted,Down,True,1274,11.3
2026-08-16 15:37:21,65,Slightly Distracted,Down,True,1274,11.3
2026-08-16 15:37:22,47,Distracted,Down,False,1274,11.3
2026-08-16 15:37:23,45,Distracted,Down,False,1274,11.3
2026-08-16 15:37:24,46,Distracted,Down,True,1275,11.3
2026-08-16 15:37:25,54,Slightly Distracted,Down,False,1276,11.3
2026-08-16 15:37:26,56,Slightly Distracted,Down,False,1277,11.3
2026-08-16 15:37:27,47,Distracted,Down,True,1278,11.3
2026-08-16 15:37:28,65,Slightly Distracted,Down,True,1278,11.3
2026-08-16 15:37:29,59,Slightly Distracted,Down,True,1280,11.4
2026-08-16 15:37:30,64,Slightly Distracted,Down,False,1280,11.3
2026-08-16 15:37:31,63,Slightly Distracted,Down,True,1281,11.4
2026-08-16 15:37:32,59,Slightly Distracted,Down,False,1281,11.4
2026-08-16 15:37:40,55,Slightly Distracted,Down,True,1282,11.4
2026-08-16 15:37:41,48,Distracted,Down,False,1283,11.4
2026-08-16 15:37:46,52,Slightly Distracted,Down,True,1284,11.4
2026-08-16 15:37:47,55,Slightly Distracted,Down,True,1285,11.4
2026-08-16 15:37:48,59,Slightly Distracted,Down,False,1286,11.4
2026-08-16 15:37:49,65,Slightly Distracted,Down,True,1286,11.4
2026-08-16 15:37:50,50,Slightly Distracted,Down,False,1286,11.4
2026-08-16 15:37:51,63,Slightly Distracted,Down,True,1287,11.4
2026-08-16 15:37:52,54,Slightly Distracted,Down,False,1287,11.4
2026-08-16 15:37:53,55,Slightly Distracted,Down,True,1289,11.4
2026-08-16 15:37:54,65,Slightly Distracted,Down,True,1289,11.4
2026-08-16 15:37:56,62,Slightly Distracted,Down,False,1289,11.4
2026-08-16 15:37:59,62,Slightly Distracted,Down,True,1290,11.4
2026-08-16 15:38:00,65,Slightly Distracted,Down,True,1290,11.4
2026-08-16 15:38:01,65,Slightly Distracted,Down,True,1290,11.4
2026-08-16 15:38:02,65,Slightly Distracted,Down,True,1290,11.4
2026-08-16 15:38:03,65,Slightly Distracted,Down,True,1290,11.4
2026-08-16 15:38:04,65,Slightly Distracted,Down,True,1290,11.4
2026-08-16 15:38:05,65,Slightly Distracted,Down,True,1290,11.4
2026-08-16 15:38:06,62,Slightly Distracted,Down,False,1291,11.4
2026-08-16 15:38:07,64,Slightly Distracted,Down,True,1291,11.4
2026-08-16 15:38:08,64,Slightly Distracted,Down,True,1291,11.4
2026-08-16 15:38:09,65,Slightly Distracted,Down,True,1291,11.4
2026-08-16 15:38:10,65,Slightly Distracted,Down,True,1291,11.4
2026-08-16 15:38:11,65,Slightly Distracted,Down,True,1291,11.4
2026-08-16 15:38:12,65,Slightly Distracted,Down,True,1291,11.4
2026-08-16 15:38:16,65,Slightly Distracted,Down,True,1291,11.4
2026-08-16 15:38:17,58,Slightly Distracted,Down,False,1291,11.4
2026-08-16 15:38:18,58,Slightly Distracted,Down,True,1294,11.4
2026-08-16 15:38:19,65,Slightly Distracted,Down,True,1294,11.4
2026-08-16 15:38:25,65,Slightly Distracted,Down,True,1294,11.4
2026-08-16 15:38:26,65,Slightly Distracted,Down,True,1294,11.4
2026-08-16 15:38:27,65,Slightly Distracted,Down,True,1294,11.4
2026-08-16 15:38:28,64,Slightly Distracted,Down,True,1294,11.4
2026-08-16 15:38:29,60,Slightly Distracted,Down,False,1295,11.4
2026-08-16 15:38:30,46,Distracted,Down,False,1296,11.4
2026-08-16 15:38:31,53,Slightly Distracted,Down,True,1297,11.4
2026-08-16 15:38:32,65,Slightly Distracted,Down,True,1297,11.4
2026-08-16 15:38:33,59,Slightly Distracted,Down,True,1299,11.4
2026-08-16 15:38:34,63,Slightly Distracted,Down,False,1299,11.4
2026-08-16 15:38:35,54,Slightly Distracted,Down,False,1301,11.4
2026-08-16 15:38:36,57,Slightly Distracted,Down,False,1304,11.5
2026-08-16 15:39:07,56,Slightly Distracted,Down,True,1304,11.4
2026-08-16 15:39:08,45,Distracted,Left,False,1304,11.4
2026-08-16 15:39:09,45,Distracted,Left,False,1304,11.4
2026-08-16 15:39:10,45,Distracted,Left,False,1304,11.4
2026-08-16 15:39:11,45,Distracted,Down,False,1304,11.4
2026-08-16 15:39:12,46,Distracted,Down,False,1305,11.4
2026-08-16 15:39:13,64,Slightly Distracted,Down,True,1305,11.4
2026-08-16 15:39:14,62,Slightly Distracted,Down,True,1306,11.4
2026-08-16 15:39:15,64,Slightly Distracted,Down,True,1306,11.4
2026-08-16 15:39:16,63,Slightly Distracted,Down,True,1307,11.4
2026-08-16 15:39:17,65,Slightly Distracted,Down,True,1307,11.4
2026-08-16 15:39:18,60,Slightly Distracted,Down,False,1307,11.4
2026-08-16 15:39:19,59,Slightly Distracted,Down,True,1309,11.4
2026-08-16 15:39:20,62,Slightly Distracted,Down,True,1309,11.4
2026-08-16 15:39:21,65,Slightly Distracted,Down,True,1309,11.4
2026-08-16 15:39:22,65,Slightly Distracted,Down,True,1309,11.4
2026-08-16 15:39:23,65,Slightly Distracted,Down,True,1309,11.4
2026-08-16 15:39:25,55,Slightly Distracted,Down,True,1310,11.4
2026-08-16 15:39:26,65,Slightly Distracted,Down,True,1310,11.4
2026-08-16 15:39:27,63,Slightly Distracted,Down,False,1310,11.4
2026-08-16 15:39:28,48,Distracted,Down,True,1313,11.4
2026-08-16 15:39:29,65,Slightly Distracted,Down,True,1313,11.4
2026-08-16 15:39:30,61,Slightly Distracted,Down,True,1314,11.4
2026-08-16 15:39:31,64,Slightly Distracted,Down,True,1314,11.4
2026-08-16 15:39:32,65,Slightly Distracted,Down,True,1314,11.4
2026-08-16 15:39:33,60,Slightly Distracted,Down,True,1315,11.5
2026-08-16 15:39:34,62,Slightly Distracted,Down,True,1315,11.5
2026-08-16 15:39:35,64,Slightly Distracted,Down,False,1315,11.4
2026-08-16 15:39:36,46,Distracted,Down,False,1316,11.5
2026-08-16 15:39:37,60,Slightly Distracted,Down,True,1317,11.5
2026-08-16 15:39:38,56,Slightly Distracted,Down,False,1318,11.5
2026-08-16 15:39:39,60,Slightly Distracted,Down,True,1319,11.5
2026-08-16 15:39:40,65,Slightly Distracted,Down,True,1319,11.5
2026-08-16 15:39:41,46,Distracted,Left,False,1319,11.5
2026-08-16 15:39:42,56,Slightly Distracted,Down,True,1320,11.5
2026-08-16 15:39:43,60,Slightly Distracted,Down,True,1322,11.5
2026-08-16 15:39:44,65,Slightly Distracted,Down,True,1322,11.5
2026-08-16 15:39:49,65,Slightly Distracted,Down,True,1322,11.5
2026-08-16 15:39:50,65,Slightly Distracted,Down,True,1322,11.5
2026-08-16 15:39:51,64,Slightly Distracted,Down,True,1322,11.5
2026-08-16 15:39:52,65,Slightly Distracted,Down,True,1322,11.5
2026-08-16 15:39:54,62,Slightly Distracted,Down,True,1323,11.5
2026-08-16 15:39:55,64,Slightly Distracted,Down,True,1323,11.5
2026-08-16 15:39:57,65,Slightly Distracted,Down,True,1323,11.5
2026-08-16 15:39:58,65,Slightly Distracted,Down,True,1323,11.5
2026-08-16 15:39:59,65,Slightly Distracted,Down,True,1323,11.5
2026-08-16 15:40:00,56,Slightly Distracted,Down,False,1323,11.5
2026-08-16 15:40:01,63,Slightly Distracted,Down,True,1324,11.5
2026-08-16 15:40:02,57,Slightly Distracted,Down,True,1325,11.5
2026-08-16 15:40:03,57,Slightly Distracted,Down,False,1326,11.5
2026-08-16 15:40:04,45,Distracted,Down,False,1326,11.5
2026-08-16 15:40:05,64,Slightly Distracted,Down,True,1327,11.5
2026-08-16 15:40:06,65,Slightly Distracted,Down,True,1327,11.5
2026-08-16 15:40:07,58,Slightly Distracted,Down,True,1328,11.5
2026-08-16 15:40:08,63,Slightly Distracted,Down,True,1328,11.5
2026-08-16 15:40:09,60,Slightly Distracted,Down,False,1328,11.5
2026-08-16 15:40:10,55,Slightly Distracted,Down,True,1329,11.5
2026-08-16 15:40:11,65,Slightly Distracted,Down,True,1329,11.5
2026-08-16 15:40:12,64,Slightly Distracted,Down,True,1329,11.5
2026-08-16 15:40:13,61,Slightly Distracted,Down,True,1330,11.5
2026-08-16 15:40:14,65,Slightly Distracted,Down,True,1330,11.5
2026-08-16 15:40:15,65,Slightly Distracted,Down,True,1330,11.5
2026-08-16 15:40:16,62,Slightly Distracted,Down,True,1331,11.5
2026-08-16 15:40:17,65,Slightly Distracted,Down,True,1331,11.5
2026-08-16 15:40:18,65,Slightly Distracted,Down,True,1331,11.5
2026-08-16 15:40:19,45,Distracted,Down,False,1331,11.5
2026-08-16 15:40:20,45,Distracted,Down,False,1331,11.5
2026-08-16 15:40:21,52,Slightly Distracted,Down,True,1332,11.5
2026-08-16 15:40:22,64,Slightly Distracted,Down,True,1332,11.5
2026-08-16 15:40:23,55,Slightly Distracted,Down,False,1333,11.5
2026-08-16 15:40:24,62,Slightly Distracted,Down,True,1334,11.5
2026-08-16 15:40:25,65,Slightly Distracted,Down,True,1334,11.5
2026-08-16 15:40:26,65,Slightly Distracted,Down,True,1334,11.5
2026-08-16 15:40:27,61,Slightly Distracted,Down,True,1335,11.5
2026-08-16 15:40:28,54,Slightly Distracted,Down,False,1335,11.5
2026-08-16 15:40:29,51,Slightly Distracted,Down,False,1336,11.5
2026-08-16 15:40:30,64,Slightly Distracted,Down,True,1337,11.5
2026-08-16 15:40:31,57,Slightly Distracted,Down,True,1338,11.6
2026-08-16 15:40:32,61,Slightly Distracted,Down,True,1339,11.6
2026-08-16 15:40:33,54,Slightly Distracted,Down,False,1341,11.6
2026-08-16 15:40:34,46,Distracted,Down,False,1342,11.6
2026-08-16 15:40:36,64,Slightly Distracted,Down,True,1343,11.6
2026-08-16 15:40:37,65,Slightly Distracted,Down,True,1343,11.6
2026-08-16 15:40:38,55,Slightly Distracted,Down,True,1344,11.6
2026-08-16 15:40:39,65,Slightly Distracted,Down,True,1344,11.6
2026-08-16 15:40:40,60,Slightly Distracted,Down,True,1345,11.6
2026-08-16 15:40:41,65,Slightly Distracted,Down,True,1345,11.6
2026-08-16 15:40:42,52,Slightly Distracted,Down,False,1345,11.6
2026-08-16 15:40:43,45,Distracted,Down,False,1345,11.6
2026-08-16 15:40:44,57,Slightly Distracted,Forward,False,1346,11.6
2026-08-16 15:40:45,86,Highly Attentive,Forward,True,1347,11.6
2026-08-16 15:40:46,85,Highly Attentive,Forward,True,1347,11.6
2026-08-16 15:40:47,85,Highly Attentive,Forward,True,1347,11.6
2026-08-16 15:40:48,90,Highly Attentive,Forward,True,1347,11.6
2026-08-16 15:40:49,92,Highly Attentive,Left,True,1347,11.6
2026-08-16 15:40:50,63,Slightly Distracted,Left,True,1347,11.6
2026-08-16 15:40:51,65,Slightly Distracted,Left,True,1347,11.6
2026-08-16 15:40:52,65,Slightly Distracted,Left,True,1347,11.6
2026-08-16 15:40:53,65,Slightly Distracted,Left,True,1347,11.6
2026-08-16 15:40:54,65,Slightly Distracted,Left,True,1347,11.6
2026-08-16 15:42:40,66,Slightly Distracted,Forward,False,1347,11.4
2026-08-16 15:42:41,80,Attentive,Forward,False,1348,11.4
2026-08-16 15:42:42,81,Attentive,Forward,True,1350,11.4
2026-08-16 15:42:44,83,Attentive,Forward,True,1350,11.4
2026-08-16 15:42:45,96,Highly Attentive,Forward,True,1351,11.4
2026-08-16 15:42:46,91,Highly Attentive,Forward,False,1352,11.5
2026-08-16 15:42:47,81,Attentive,Forward,False,1353,11.5
2026-08-16 15:42:48,82,Attentive,Forward,False,1354,11.5
2026-08-16 15:42:49,93,Highly Attentive,Forward,False,1355,11.5
2026-08-16 15:42:50,80,Attentive,Forward,False,1355,11.5
2026-08-16 15:42:51,83,Attentive,Forward,False,1356,11.5
2026-08-16 15:42:52,80,Attentive,Forward,False,1356,11.5
2026-08-16 15:42:53,80,Attentive,Forward,False,1356,11.5
2026-08-16 15:42:54,80,Attentive,Forward,False,1356,11.5
2026-08-16 15:42:55,94,Highly Attentive,Forward,False,1357,11.5
2026-08-16 15:42:56,80,Attentive,Forward,False,1357,11.5
2026-08-16 15:42:57,80,Attentive,Forward,False,1357,11.5
2026-08-16 15:42:58,80,Attentive,Forward,False,1357,11.5
2026-08-16 15:42:59,87,Highly Attentive,Forward,True,1360,11.5
2026-08-16 15:43:00,86,Highly Attentive,Forward,True,1364,11.5
2026-08-16 15:43:01,88,Highly Attentive,Forward,True,1366,11.5
2026-08-16 15:43:02,87,Highly Attentive,Forward,False,1366,11.5
2026-08-16 15:43:03,80,Attentive,Forward,False,1366,11.5
2026-08-16 15:43:04,82,Attentive,Forward,False,1367,11.6
2026-08-16 15:43:05,99,Highly Attentive,Forward,True,1368,11.6
2026-08-16 15:43:06,92,Highly Attentive,Forward,True,1370,11.6
2026-08-16 15:43:07,93,Highly Attentive,Forward,False,1370,11.6
2026-08-16 15:43:08,93,Highly Attentive,Forward,False,1371,11.6
2026-08-16 15:43:09,80,Attentive,Forward,False,1371,11.6
2026-08-16 15:43:10,80,Attentive,Forward,False,1371,11.6
2026-08-16 15:43:11,80,Attentive,Forward,False,1371,11.6
2026-08-16 15:43:12,80,Attentive,Forward,False,1371,11.6
2026-08-16 15:43:13,80,Attentive,Forward,False,1371,11.6
2026-08-16 15:43:14,80,Attentive,Forward,False,1371,11.6
2026-08-16 15:43:15,83,Attentive,Forward,True,1373,11.6
2026-08-16 15:43:16,83,Attentive,Forward,False,1373,11.6
2026-08-16 15:43:17,89,Highly Attentive,Forward,False,1374,11.6
2026-08-16 15:43:18,87,Highly Attentive,Forward,False,1376,11.6
2026-08-16 15:43:19,98,Highly Attentive,Forward,True,1376,11.6
2026-08-16 15:43:20,100,Highly Attentive,Forward,True,1376,11.6
2026-08-16 15:43:21,100,Highly Attentive,Forward,True,1376,11.6
2026-08-16 15:43:22,100,Highly Attentive,Forward,True,1376,11.6
2026-08-16 15:43:23,91,Highly Attentive,Forward,False,1376,11.6
2026-08-16 15:43:24,80,Attentive,Forward,False,1376,11.6
2026-08-16 15:43:25,81,Attentive,Forward,False,1377,11.6
2026-08-16 15:43:26,80,Attentive,Forward,False,1377,11.6
2026-08-16 15:43:27,80,Attentive,Forward,False,1377,11.6
2026-08-16 15:43:28,80,Attentive,Forward,False,1377,11.6
2026-08-16 15:43:29,80,Attentive,Forward,False,1377,11.6
2026-08-16 15:43:30,99,Highly Attentive,Forward,True,1378,11.6
2026-08-16 15:43:32,94,Highly Attentive,Forward,True,1379,11.6
2026-08-16 15:43:33,81,Attentive,Forward,False,1379,11.6
2026-08-16 15:43:34,87,Highly Attentive,Forward,False,1381,11.6
2026-08-16 15:43:35,92,Highly Attentive,Forward,False,1382,11.6
2026-08-16 15:43:36,97,Highly Attentive,Forward,True,1382,11.6
2026-08-16 15:43:37,97,Highly Attentive,Forward,True,1382,11.6
2026-08-16 15:43:38,95,Highly Attentive,Forward,False,1382,11.6
2026-08-16 15:43:39,95,Highly Attentive,Forward,True,1383,11.6
2026-08-16 15:43:40,99,Highly Attentive,Forward,True,1383,11.6
2026-08-16 15:43:41,87,Highly Attentive,Forward,True,1386,11.7
2026-08-16 15:43:42,98,Highly Attentive,Forward,True,1386,11.6
2026-08-16 15:43:43,91,Highly Attentive,Forward,True,1388,11.7
2026-08-16 15:43:44,90,Highly Attentive,Forward,False,1390,11.7
2026-08-16 15:43:45,82,Attentive,Forward,False,1392,11.7
2026-08-16 15:43:46,80,Attentive,Forward,False,1392,11.7
2026-08-16 15:43:47,80,Attentive,Forward,False,1392,11.7
2026-08-16 15:43:48,80,Attentive,Forward,False,1392,11.7
2026-08-16 15:43:49,80,Attentive,Forward,False,1392,11.7
2026-08-16 15:43:50,83,Attentive,Forward,True,1393,11.7
2026-08-16 15:43:51,91,Highly Attentive,Forward,True,1394,11.7
2026-08-16 15:43:52,93,Highly Attentive,Forward,True,1395,11.7
2026-08-16 15:43:53,91,Highly Attentive,Forward,False,1395,11.7
2026-08-16 15:43:54,84,Attentive,Forward,False,1398,11.7
2026-08-16 15:43:55,85,Highly Attentive,Forward,False,1399,11.7
2026-08-16 15:43:56,80,Attentive,Forward,False,1399,11.7
2026-08-16 15:43:57,80,Attentive,Forward,False,1399,11.7
2026-08-16 15:43:58,80,Attentive,Forward,False,1399,11.7
2026-08-16 15:43:59,80,Attentive,Forward,False,1399,11.7
2026-08-16 15:44:00,84,Attentive,Forward,False,1400,11.7
2026-08-16 15:44:01,80,Attentive,Forward,False,1400,11.7
2026-08-16 15:44:02,89,Highly Attentive,Forward,True,1401,11.7
2026-08-16 15:44:03,95,Highly Attentive,Forward,True,1402,11.7
2026-08-16 15:44:04,81,Attentive,Forward,False,1402,11.7
2026-08-16 15:44:05,81,Attentive,Forward,False,1403,11.8
2026-08-16 15:44:06,87,Highly Attentive,Forward,False,1405,11.8
2026-08-16 15:44:07,83,Attentive,Forward,False,1406,11.8
2026-08-16 15:44:08,89,Highly Attentive,Forward,False,1407,11.8
2026-08-16 15:44:09,93,Highly Attentive,Forward,True,1410,11.8
2026-08-16 15:44:10,83,Attentive,Forward,False,1411,11.8
2026-08-16 15:44:11,80,Attentive,Forward,False,1411,11.8
2026-08-16 15:44:12,80,Attentive,Forward,False,1411,11.8
2026-08-16 15:44:13,89,Highly Attentive,Forward,False,1412,11.8
2026-08-16 15:44:14,95,Highly Attentive,Forward,True,1413,11.8
2026-08-16 15:44:15,81,Attentive,Forward,False,1413,11.8
2026-08-16 15:44:16,82,Attentive,Forward,False,1414,11.8
2026-08-16 15:44:17,83,Attentive,Forward,False,1416,11.8
2026-08-16 15:44:18,83,Attentive,Forward,True,1417,11.8
2026-08-16 15:44:19,91,Highly Attentive,Forward,False,1417,11.8
2026-08-16 15:44:20,80,Attentive,Forward,False,1417,11.8
2026-08-16 15:44:22,80,Attentive,Forward,False,1417,11.8
2026-08-16 15:44:23,80,Attentive,Forward,False,1417,11.8
2026-08-16 15:44:24,80,Attentive,Forward,False,1417,11.8
2026-08-16 15:44:25,80,Attentive,Forward,False,1417,11.8
2026-08-16 15:44:26,80,Attentive,Forward,False,1417,11.8
2026-08-16 15:44:27,80,Attentive,Forward,False,1417,11.8
2026-08-16 15:44:28,80,Attentive,Forward,False,1417,11.8
2026-08-16 15:44:29,80,Attentive,Forward,False,1417,11.8
2026-08-16 15:44:30,80,Attentive,Forward,False,1417,11.8
2026-08-16 15:44:31,80,Attentive,Forward,False,1417,11.8
2026-08-16 15:44:32,80,Attentive,Forward,False,1417,11.8
2026-08-16 15:44:33,80,Attentive,Forward,False,1417,11.8
2026-08-16 15:44:34,80,Attentive,Forward,False,1417,11.8
2026-08-16 15:44:35,80,Attentive,Forward,False,1417,11.8
2026-08-16 15:44:36,80,Attentive,Forward,False,1417,11.8
2026-08-16 15:44:37,80,Attentive,Forward,False,1417,11.8
2026-08-16 15:44:38,80,Attentive,Forward,False,1417,11.8
2026-08-16 15:44:39,81,Attentive,Forward,False,1418,11.8
2026-08-16 15:44:40,81,Attentive,Forward,False,1419,11.8
2026-08-16 15:44:41,91,Highly Attentive,Forward,False,1420,11.8
2026-08-16 15:44:42,98,Highly Attentive,Forward,True,1421,11.8
2026-08-16 15:44:43,89,Highly Attentive,Forward,False,1421,11.8
2026-08-16 15:44:44,80,Attentive,Forward,False,1421,11.8
2026-08-16 15:44:45,80,Attentive,Forward,False,1421,11.8
2026-08-16 15:44:46,80,Attentive,Forward,False,1421,11.8
2026-08-16 15:44:47,97,Highly Attentive,Forward,False,1422,11.8
2026-08-16 15:44:48,80,Attentive,Forward,False,1422,11.8
2026-08-16 15:44:49,80,Attentive,Forward,False,1422,11.8
2026-08-16 15:44:50,80,Attentive,Forward,False,1422,11.8
2026-08-16 15:44:51,80,Attentive,Forward,False,1422,11.8
2026-08-16 15:44:52,80,Attentive,Forward,False,1422,11.8
2026-08-16 15:44:53,81,Attentive,Forward,True,1423,11.8
2026-08-16 15:44:54,80,Attentive,Forward,False,1423,11.8
2026-08-16 15:44:55,80,Attentive,Forward,False,1423,11.8
2026-08-16 15:44:56,80,Attentive,Forward,False,1423,11.8
2026-08-16 15:44:57,87,Highly Attentive,Forward,True,1424,11.8
2026-08-16 15:44:58,87,Highly Attentive,Forward,False,1424,11.8
2026-08-16 15:44:59,82,Attentive,Forward,False,1425,11.8
2026-08-16 15:45:00,80,Attentive,Forward,False,1425,11.8
2026-08-16 15:45:01,89,Highly Attentive,Forward,True,1426,11.9
2026-08-16 15:45:02,100,Highly Attentive,Forward,True,1426,11.9
2026-08-16 15:45:03,100,Highly Attentive,Forward,True,1426,11.8
2026-08-16 15:45:04,93,Highly Attentive,Forward,True,1427,11.9
2026-08-16 15:45:05,100,Highly Attentive,Forward,True,1427,11.9
2026-08-16 15:45:06,98,Highly Attentive,Forward,False,1427,11.9
2026-08-16 15:45:07,93,Highly Attentive,Forward,True,1429,11.9
2026-08-16 15:45:08,99,Highly Attentive,Forward,True,1429,11.9
2026-08-16 15:45:09,100,Highly Attentive,Forward,True,1429,11.9
2026-08-16 15:45:11,100,Highly Attentive,Forward,True,1429,11.9
2026-08-16 15:45:12,100,Highly Attentive,Forward,True,1429,11.9
2026-08-16 15:45:13,100,Highly Attentive,Forward,True,1429,11.9
2026-08-16 15:45:14,99,Highly Attentive,Forward,True,1429,11.9
2026-08-16 15:45:15,82,Attentive,Forward,True,1430,11.9
2026-08-16 15:45:16,100,Highly Attentive,Forward,True,1430,11.9
2026-08-16 15:45:17,100,Highly Attentive,Forward,True,1430,11.9
2026-08-16 15:45:18,100,Highly Attentive,Forward,True,1430,11.9
2026-08-16 15:45:19,95,Highly Attentive,Forward,True,1431,11.9
2026-08-16 15:45:20,100,Highly Attentive,Forward,True,1431,11.9
2026-08-16 15:45:21,100,Highly Attentive,Forward,True,1431,11.9
2026-08-16 15:45:22,100,Highly Attentive,Forward,True,1431,11.9
2026-08-16 15:45:23,100,Highly Attentive,Forward,True,1431,11.9
2026-08-16 15:45:24,100,Highly Attentive,Forward,True,1431,11.9
2026-08-16 15:45:25,100,Highly Attentive,Forward,True,1431,11.9
2026-08-16 15:45:26,99,Highly Attentive,Forward,True,1431,11.9
2026-08-16 15:45:27,100,Highly Attentive,Forward,True,1431,11.9
2026-08-16 15:45:28,100,Highly Attentive,Forward,True,1431,11.9
2026-08-16 15:45:29,100,Highly Attentive,Forward,True,1431,11.8
2026-08-16 15:45:30,100,Highly Attentive,Forward,True,1431,11.8
2026-08-16 15:45:31,100,Highly Attentive,Forward,True,1431,11.8
2026-08-16 15:45:32,100,Highly Attentive,Forward,True,1431,11.8
2026-08-16 15:45:33,100,Highly Attentive,Forward,True,1431,11.8
2026-08-16 15:45:34,100,Highly Attentive,Forward,True,1431,11.8
2026-08-16 15:45:35,100,Highly Attentive,Forward,True,1431,11.8
2026-08-16 15:45:36,100,Highly Attentive,Forward,True,1431,11.8
2026-08-16 15:45:37,95,Highly Attentive,Forward,True,1433,11.9
2026-08-16 15:45:38,95,Highly Attentive,Forward,True,1433,11.9
2026-08-16 15:45:39,89,Highly Attentive,Forward,True,1433,11.8
2026-08-16 15:45:40,92,Highly Attentive,Forward,True,1433,11.8
2026-08-16 15:45:41,86,Highly Attentive,Forward,True,1433,11.8
2026-08-16 15:45:42,99,Highly Attentive,Forward,True,1433,11.8
2026-08-16 15:45:43,100,Highly Attentive,Forward,True,1433,11.8
2026-08-16 15:45:44,100,Highly Attentive,Forward,True,1433,11.8
2026-08-16 15:45:45,100,Highly Attentive,Forward,True,1433,11.8
2026-08-16 15:45:46,100,Highly Attentive,Forward,True,1433,11.8
2026-08-16 15:45:47,100,Highly Attentive,Forward,True,1433,11.8
2026-08-16 15:45:48,100,Highly Attentive,Forward,True,1433,11.8
2026-08-16 15:45:49,100,Highly Attentive,Forward,True,1433,11.8
2026-08-16 15:45:50,99,Highly Attentive,Forward,True,1433,11.8
2026-08-16 15:45:51,100,Highly Attentive,Forward,True,1433,11.8
2026-08-16 15:45:52,100,Highly Attentive,Forward,True,1433,11.8
2026-08-16 15:45:53,97,Highly Attentive,Forward,False,1433,11.8
2026-08-16 15:45:54,80,Attentive,Forward,False,1433,11.8
2026-08-16 15:45:55,80,Attentive,Forward,False,1433,11.8
2026-08-16 15:45:56,80,Attentive,Forward,False,1433,11.8
2026-08-16 15:45:57,81,Attentive,Forward,False,1434,11.8
2026-08-16 15:45:58,83,Attentive,Forward,False,1434,11.8
2026-08-16 15:46:00,80,Attentive,Forward,False,1434,11.8
2026-08-16 15:46:01,87,Highly Attentive,Forward,True,1436,11.8
2026-08-16 15:46:02,83,Attentive,Forward,False,1439,11.9
2026-08-16 15:46:03,82,Attentive,Forward,False,1440,11.9
2026-08-16 15:46:04,80,Attentive,Forward,False,1440,11.9
2026-08-16 15:46:05,80,Attentive,Forward,False,1440,11.9
2026-08-16 15:46:06,80,Attentive,Forward,False,1440,11.9
2026-08-16 15:46:07,80,Attentive,Forward,False,1440,11.9
2026-08-16 15:46:08,80,Attentive,Forward,False,1440,11.9
2026-08-16 15:46:09,80,Attentive,Forward,False,1440,11.9
2026-08-16 15:46:10,80,Attentive,Forward,False,1440,11.9
2026-08-16 15:46:11,80,Attentive,Forward,False,1440,11.9
2026-08-16 15:46:12,80,Attentive,Forward,False,1440,11.9
2026-08-16 15:46:13,80,Attentive,Forward,False,1440,11.9
2026-08-16 15:46:14,80,Attentive,Forward,False,1440,11.9
2026-08-16 15:46:15,80,Attentive,Forward,False,1440,11.8
2026-08-16 15:46:16,80,Attentive,Forward,False,1440,11.8
2026-08-16 15:46:17,80,Attentive,Forward,False,1440,11.8
2026-08-16 15:46:18,80,Attentive,Forward,False,1440,11.8
2026-08-16 15:46:19,80,Attentive,Forward,False,1440,11.8
2026-08-16 15:46:20,80,Attentive,Forward,False,1440,11.8
2026-08-16 15:46:21,80,Attentive,Forward,False,1440,11.8
2026-08-16 15:46:22,80,Attentive,Forward,False,1440,11.8
2026-08-16 15:46:23,80,Attentive,Forward,False,1440,11.8
2026-08-16 15:46:24,80,Attentive,Forward,False,1440,11.8
2026-08-16 15:46:25,80,Attentive,Forward,False,1440,11.8
2026-08-16 15:46:26,80,Attentive,Forward,False,1440,11.8
2026-08-16 15:46:27,80,Attentive,Forward,False,1440,11.8
2026-08-16 15:46:28,80,Attentive,Forward,False,1440,11.8
2026-08-16 15:46:29,80,Attentive,Forward,False,1440,11.8
2026-08-16 15:46:30,80,Attentive,Forward,False,1440,11.8
2026-08-16 15:46:31,80,Attentive,Forward,False,1440,11.8
2026-08-16 15:46:32,80,Attentive,Forward,False,1440,11.8
2026-08-16 15:46:33,80,Attentive,Forward,False,1440,11.8
2026-08-16 15:46:34,80,Attentive,Forward,False,1440,11.8
2026-08-16 15:46:35,80,Attentive,Forward,False,1440,11.8
2026-08-16 15:46:36,80,Attentive,Forward,False,1440,11.8
2026-08-16 15:46:37,80,Attentive,Forward,False,1440,11.8
2026-08-16 15:46:38,80,Attentive,Forward,False,1440,11.8
2026-08-16 15:46:39,80,Attentive,Forward,False,1440,11.8
2026-08-16 15:46:40,80,Attentive,Forward,False,1440,11.8
2026-08-16 15:46:41,80,Attentive,Forward,False,1440,11.8
2026-08-16 15:46:42,80,Attentive,Forward,False,1440,11.8
2026-08-16 15:46:43,80,Attentive,Forward,False,1440,11.8
2026-08-16 15:46:44,80,Attentive,Forward,False,1440,11.8
2026-08-16 15:46:45,80,Attentive,Forward,False,1440,11.8
2026-08-16 15:46:46,78,Attentive,Forward,False,1440,11.8
2026-08-16 15:46:47,67,Slightly Distracted,Forward,False,1441,11.8
2026-08-16 15:46:48,84,Attentive,Forward,False,1442,11.8
2026-08-16 15:46:50,80,Attentive,Forward,False,1443,11.8
2026-08-16 15:46:51,80,Attentive,Forward,False,1444,11.8
2026-08-16 15:46:52,80,Attentive,Forward,False,1444,11.8
2026-08-16 15:46:53,80,Attentive,Forward,False,1444,11.8
2026-08-16 15:46:54,80,Attentive,Forward,False,1444,11.8
2026-08-16 15:46:55,80,Attentive,Forward,False,1444,11.8
2026-08-16 15:46:56,80,Attentive,Forward,False,1444,11.8
2026-08-16 15:46:57,80,Attentive,Forward,False,1444,11.8
2026-08-16 15:46:58,80,Attentive,Forward,False,1444,11.8
2026-08-16 15:46:59,80,Attentive,Forward,False,1444,11.8
2026-08-16 15:47:00,80,Attentive,Forward,False,1444,11.8
2026-08-16 15:47:01,80,Attentive,Forward,False,1444,11.8
2026-08-16 15:47:02,84,Attentive,Forward,True,1445,11.8
2026-08-16 15:47:03,80,Attentive,Forward,False,1445,11.8
2026-08-16 15:47:04,80,Attentive,Forward,False,1445,11.8
2026-08-16 15:47:05,80,Attentive,Forward,False,1445,11.8
2026-08-16 15:47:06,80,Attentive,Forward,False,1445,11.8
2026-08-16 15:47:07,80,Attentive,Forward,False,1445,11.8
2026-08-16 15:47:08,80,Attentive,Forward,False,1445,11.8
2026-08-16 15:47:09,80,Attentive,Forward,False,1445,11.8
2026-08-16 15:47:10,80,Attentive,Forward,False,1445,11.8
2026-08-16 15:47:11,80,Attentive,Forward,False,1445,11.8
2026-08-16 15:47:12,80,Attentive,Forward,False,1445,11.8
2026-08-16 15:47:13,80,Attentive,Forward,False,1445,11.8
2026-08-16 15:47:14,80,Attentive,Forward,False,1445,11.8
2026-08-16 15:47:15,80,Attentive,Forward,False,1445,11.8
2026-08-16 15:47:16,97,Highly Attentive,Forward,True,1446,11.8
2026-08-16 15:47:17,89,Highly Attentive,Forward,False,1446,11.8
2026-08-16 15:47:18,80,Attentive,Forward,False,1446,11.8
2026-08-16 15:47:19,80,Attentive,Forward,False,1446,11.8
2026-08-16 15:47:20,80,Attentive,Forward,False,1446,11.8
2026-08-16 15:47:21,80,Attentive,Forward,False,1446,11.8
2026-08-16 15:47:22,80,Attentive,Forward,False,1446,11.8
2026-08-16 15:47:23,80,Attentive,Forward,False,1446,11.8
2026-08-16 15:51:54,85,Highly Attentive,Down,True,1449,11.4
2026-08-16 15:51:55,63,Slightly Distracted,Down,False,1452,11.4
2026-08-16 15:51:56,58,Slightly Distracted,Down,True,1454,11.4
2026-08-16 15:51:57,45,Distracted,Down,False,1454,11.4
2026-08-16 15:51:58,45,Distracted,Down,False,1454,11.4
2026-08-16 15:51:59,45,Distracted,Down,False,1454,11.4
2026-08-16 15:52:00,61,Slightly Distracted,Forward,False,1454,11.4
2026-08-16 15:52:01,68,Slightly Distracted,Down,False,1454,11.4
2026-08-16 15:52:02,45,Distracted,Down,False,1454,11.4
2026-08-16 15:52:03,45,Distracted,Down,False,1454,11.4
2026-08-16 15:52:04,45,Distracted,Down,False,1454,11.4
2026-08-16 15:52:05,45,Distracted,Down,False,1454,11.4
2026-08-16 15:52:06,46,Distracted,Down,False,1455,11.4
2026-08-16 15:52:07,45,Distracted,Down,False,1455,11.4
2026-08-16 15:52:08,45,Distracted,Down,False,1455,11.4
2026-08-16 15:52:09,45,Distracted,Down,False,1455,11.4
2026-08-16 15:52:10,45,Distracted,Right,False,1455,11.4
2026-08-16 15:52:11,45,Distracted,Right,False,1455,11.4
2026-08-16 15:52:12,45,Distracted,Right,False,1455,11.4
2026-08-16 15:52:13,45,Distracted,Down,False,1455,11.4
2026-08-16 15:52:14,45,Distracted,Down,False,1455,11.4
2026-08-16 15:52:15,45,Distracted,Down,False,1455,11.4
2026-08-16 15:52:16,45,Distracted,Down,False,1455,11.4
2026-08-16 15:52:17,45,Distracted,Down,False,1455,11.4
2026-08-16 15:52:18,45,Distracted,Down,False,1455,11.4
2026-08-16 15:52:19,45,Distracted,Down,False,1455,11.4
2026-08-16 15:52:20,45,Distracted,Right,False,1455,11.4
2026-08-16 15:52:21,45,Distracted,Down,False,1455,11.4
2026-08-16 15:52:22,46,Distracted,Right,False,1456,11.4
2026-08-16 15:52:23,45,Distracted,Right,False,1456,11.4
2026-08-16 15:52:24,46,Distracted,Right,True,1457,11.4
2026-08-16 15:52:25,46,Distracted,Right,False,1457,11.4
2026-08-16 15:52:27,46,Distracted,Right,False,1457,11.4
2026-08-16 15:52:28,45,Distracted,Right,False,1457,11.4
2026-08-16 15:52:29,45,Distracted,Right,False,1457,11.4
2026-08-16 15:52:30,46,Distracted,Right,False,1458,11.4
2026-08-16 15:52:31,46,Distracted,Right,False,1459,11.4
2026-08-16 15:52:32,46,Distracted,Right,False,1460,11.4
2026-08-16 15:52:34,46,Distracted,Right,False,1460,11.4
2026-08-16 15:52:35,46,Distracted,Right,False,1460,11.4
2026-08-16 15:52:36,45,Distracted,Right,False,1460,11.4
2026-08-16 15:52:37,58,Slightly Distracted,Right,False,1461,11.4
2026-08-16 15:52:38,52,Slightly Distracted,Right,False,1462,11.4
2026-08-16 15:52:39,56,Slightly Distracted,Right,False,1463,11.4
2026-08-16 15:52:40,45,Distracted,Right,False,1463,11.4
2026-08-16 15:52:41,45,Distracted,Right,False,1463,11.4
2026-08-16 15:52:42,51,Slightly Distracted,Right,False,1464,11.4
2026-08-16 15:52:43,55,Slightly Distracted,Right,True,1466,11.5
2026-08-16 15:52:44,68,Slightly Distracted,Right,True,1467,11.5
2026-08-16 15:52:45,62,Slightly Distracted,Right,True,1467,11.5
2026-08-16 15:52:46,71,Attentive,Right,True,1467,11.5
2026-08-16 15:52:47,69,Slightly Distracted,Forward,True,1467,11.5
2026-08-16 15:52:48,66,Slightly Distracted,Forward,True,1467,11.5
2026-08-16 15:52:49,64,Slightly Distracted,Forward,True,1468,11.5
2026-08-16 15:52:50,68,Slightly Distracted,Forward,True,1468,11.5
2026-08-16 15:52:51,62,Slightly Distracted,Forward,True,1470,11.5
2026-08-16 15:52:52,61,Slightly Distracted,Right,True,1472,11.5
2026-08-16 15:52:53,64,Slightly Distracted,Right,False,1473,11.5
2026-08-16 15:52:54,63,Slightly Distracted,Forward,True,1474,11.5
2026-08-16 15:52:55,46,Distracted,Down,False,1474,11.5
2026-08-16 15:52:56,45,Distracted,Down,False,1474,11.5
2026-08-16 15:52:57,45,Distracted,Down,False,1474,11.5
2026-08-16 15:52:58,45,Distracted,Left,False,1474,11.5
2026-08-16 15:52:59,45,Distracted,Left,False,1474,11.5
2026-08-16 15:53:02,45,Distracted,Down,False,1474,11.5
2026-08-16 15:53:03,45,Distracted,Down,False,1474,11.5
2026-08-16 15:53:04,51,Slightly Distracted,Down,False,1476,11.5
2026-08-16 15:53:05,56,Slightly Distracted,Down,True,1478,11.5
2026-08-16 15:53:07,63,Slightly Distracted,Forward,False,1479,11.5
2026-08-16 15:53:21,62,Slightly Distracted,Down,True,1479,11.5
2026-08-16 15:53:22,61,Slightly Distracted,Down,True,1479,11.5
2026-08-16 15:53:25,63,Slightly Distracted,Down,True,1479,11.5
2026-08-16 15:53:27,63,Slightly Distracted,Down,True,1479,11.5
2026-08-16 15:53:28,46,Distracted,Left,False,1480,11.5
2026-08-16 15:53:29,45,Distracted,Left,False,1480,11.5
2026-08-16 15:53:30,45,Distracted,Left,False,1480,11.5
2026-08-16 15:53:31,45,Distracted,Left,False,1480,11.5
2026-08-16 15:53:32,45,Distracted,Left,False,1480,11.5
2026-08-16 15:53:33,45,Distracted,Left,False,1480,11.5
2026-08-16 15:53:34,45,Distracted,Left,False,1480,11.5
2026-08-16 15:53:45,47,Distracted,Down,True,1481,11.5
2026-08-16 15:53:46,60,Slightly Distracted,Down,False,1481,11.5
2026-08-16 15:53:47,45,Distracted,Down,False,1481,11.5
2026-08-16 15:53:48,45,Distracted,Down,False,1481,11.5
2026-08-16 15:53:49,45,Distracted,Down,False,1481,11.5
2026-08-16 15:53:52,47,Distracted,Down,True,1482,11.5
2026-08-16 15:53:53,51,Slightly Distracted,Down,False,1482,11.5
2026-08-16 15:53:54,45,Distracted,Down,False,1482,11.5
2026-08-16 15:53:55,45,Distracted,Down,False,1482,11.5
2026-08-16 15:53:56,45,Distracted,Down,False,1482,11.5
2026-08-16 15:53:57,45,Distracted,Down,False,1482,11.5
2026-08-16 15:53:58,45,Distracted,Down,False,1482,11.5
2026-08-16 15:53:59,45,Distracted,Down,False,1482,11.5
2026-08-16 15:54:00,50,Slightly Distracted,Down,False,1483,11.5
2026-08-16 15:54:01,45,Distracted,Down,False,1483,11.5
2026-08-16 15:54:02,45,Distracted,Down,False,1483,11.5
2026-08-16 15:54:03,45,Distracted,Down,False,1483,11.5
2026-08-16 15:54:04,50,Slightly Distracted,Down,True,1485,11.5
2026-08-16 15:54:05,65,Slightly Distracted,Down,True,1485,11.5
2026-08-16 15:54:06,65,Slightly Distracted,Down,True,1485,11.5
2026-08-16 15:54:07,46,Distracted,Down,False,1485,11.5
2026-08-16 15:54:08,45,Distracted,Down,False,1485,11.5
2026-08-16 15:54:09,56,Slightly Distracted,Forward,True,1486,11.5
2026-08-16 15:55:37,85,Highly Attentive,Left,True,1486,11.4
2026-08-16 15:55:38,80,Attentive,Forward,False,1487,11.4
2026-08-16 15:55:39,80,Attentive,Forward,False,1487,11.4
2026-08-16 15:55:40,80,Attentive,Forward,False,1487,11.4
2026-08-16 15:55:41,80,Attentive,Forward,False,1487,11.4
2026-08-16 15:55:42,80,Attentive,Forward,False,1487,11.4
2026-08-16 15:55:43,80,Attentive,Forward,False,1487,11.4
2026-08-16 15:55:44,80,Attentive,Forward,False,1487,11.3
2026-08-16 15:55:45,80,Attentive,Forward,False,1487,11.3
2026-08-16 15:55:46,80,Attentive,Forward,False,1487,11.3
2026-08-16 15:55:47,80,Attentive,Forward,False,1487,11.3
2026-08-16 15:55:48,80,Attentive,Forward,False,1487,11.3
2026-08-16 15:55:49,80,Attentive,Forward,False,1487,11.3
2026-08-16 15:55:50,80,Attentive,Forward,False,1487,11.3
2026-08-16 15:55:51,80,Attentive,Forward,False,1487,11.3
2026-08-16 15:55:52,80,Attentive,Forward,False,1487,11.3
2026-08-16 15:55:53,80,Attentive,Forward,False,1487,11.3
2026-08-16 15:55:54,80,Attentive,Forward,False,1487,11.3
2026-08-16 15:55:55,80,Attentive,Forward,False,1487,11.3
2026-08-16 15:55:56,80,Attentive,Forward,False,1487,11.3
2026-08-16 15:55:57,80,Attentive,Forward,False,1487,11.3
2026-08-16 15:55:59,80,Attentive,Forward,False,1487,11.3
2026-08-16 15:56:00,80,Attentive,Forward,False,1487,11.3
2026-08-16 15:56:01,80,Attentive,Forward,False,1487,11.3
2026-08-16 15:56:02,80,Attentive,Forward,False,1487,11.3
2026-08-16 15:56:03,80,Attentive,Forward,False,1487,11.3
2026-08-16 15:56:04,80,Attentive,Forward,False,1487,11.3
2026-08-16 15:56:05,80,Attentive,Forward,False,1487,11.3
2026-08-16 15:56:06,80,Attentive,Forward,False,1487,11.3
2026-08-16 15:56:07,80,Attentive,Forward,False,1487,11.3
2026-08-16 15:56:08,80,Attentive,Forward,False,1487,11.3
2026-08-16 15:56:09,80,Attentive,Forward,False,1487,11.3
2026-08-16 15:56:10,80,Attentive,Forward,False,1487,11.3
2026-08-16 15:56:11,80,Attentive,Forward,False,1487,11.3
2026-08-16 15:56:12,80,Attentive,Forward,False,1487,11.3
2026-08-16 15:56:13,80,Attentive,Forward,False,1487,11.3
2026-08-16 15:56:14,80,Attentive,Forward,False,1487,11.3
2026-08-16 15:56:15,80,Attentive,Forward,False,1487,11.3
2026-08-16 15:56:16,80,Attentive,Forward,False,1487,11.3
2026-08-16 15:56:17,80,Attentive,Forward,False,1487,11.3
2026-08-16 15:56:18,80,Attentive,Forward,False,1487,11.3
2026-08-16 15:56:19,80,Attentive,Forward,False,1487,11.3
2026-08-16 15:56:20,80,Attentive,Forward,False,1487,11.3
2026-08-16 15:56:21,80,Attentive,Forward,False,1487,11.3
2026-08-16 15:56:22,80,Attentive,Forward,False,1487,11.3
2026-08-16 15:56:23,80,Attentive,Forward,False,1487,11.3
2026-08-16 15:56:24,80,Attentive,Forward,False,1487,11.3
2026-08-16 15:56:25,80,Attentive,Forward,False,1487,11.3
2026-08-16 15:56:26,80,Attentive,Forward,False,1487,11.3
2026-08-16 15:56:27,80,Attentive,Forward,False,1487,11.3
2026-08-16 15:56:28,80,Attentive,Forward,False,1487,11.3
2026-08-16 15:56:29,80,Attentive,Forward,False,1487,11.3
2026-08-16 15:56:30,80,Attentive,Forward,False,1487,11.3
2026-08-16 15:56:31,80,Attentive,Forward,False,1487,11.3
2026-08-16 15:56:32,80,Attentive,Forward,False,1487,11.3
2026-08-16 15:56:33,80,Attentive,Forward,False,1487,11.3
2026-08-16 15:56:34,80,Attentive,Forward,False,1487,11.3
2026-08-16 15:56:35,80,Attentive,Forward,False,1487,11.3
2026-08-16 15:56:36,80,Attentive,Forward,False,1487,11.3
2026-08-16 15:56:37,80,Attentive,Forward,False,1487,11.3
2026-08-16 15:56:38,80,Attentive,Forward,False,1487,11.3
2026-08-16 15:56:39,80,Attentive,Forward,False,1487,11.3
2026-08-16 15:56:40,80,Attentive,Forward,False,1487,11.3
2026-08-16 15:56:41,80,Attentive,Forward,False,1487,11.3
2026-08-16 15:56:42,80,Attentive,Forward,False,1487,11.3
2026-08-16 15:56:43,80,Attentive,Forward,False,1487,11.3
2026-08-16 15:56:44,80,Attentive,Forward,False,1487,11.3
2026-08-16 15:56:45,80,Attentive,Forward,False,1487,11.3
2026-08-16 15:56:46,80,Attentive,Forward,False,1487,11.3
2026-08-16 15:56:47,80,Attentive,Forward,False,1487,11.3
2026-08-16 15:56:49,80,Attentive,Forward,False,1487,11.3
2026-08-16 15:56:50,80,Attentive,Forward,False,1487,11.3
2026-08-16 15:56:51,80,Attentive,Forward,False,1487,11.3
2026-08-16 15:56:52,80,Attentive,Forward,False,1487,11.3
2026-08-16 15:56:53,80,Attentive,Forward,False,1487,11.3
2026-08-16 15:56:54,80,Attentive,Forward,False,1487,11.3
2026-08-16 15:56:55,80,Attentive,Forward,False,1487,11.2
2026-08-16 15:56:56,80,Attentive,Forward,False,1487,11.2
2026-08-16 15:56:57,80,Attentive,Forward,False,1487,11.2
2026-08-16 15:56:58,80,Attentive,Forward,False,1487,11.2
2026-08-16 15:56:59,80,Attentive,Forward,False,1487,11.2
2026-08-16 15:57:00,80,Attentive,Forward,False,1487,11.2
2026-08-16 15:57:01,80,Attentive,Forward,False,1487,11.2
2026-08-16 15:57:02,80,Attentive,Forward,False,1487,11.2
2026-08-16 15:57:03,80,Attentive,Forward,False,1487,11.2
2026-08-16 15:57:04,80,Attentive,Forward,False,1487,11.2
2026-08-16 15:57:05,80,Attentive,Forward,False,1487,11.2
2026-08-16 15:57:06,80,Attentive,Forward,False,1487,11.2
2026-08-16 15:57:07,80,Attentive,Forward,False,1487,11.2
2026-08-16 15:57:08,80,Attentive,Forward,False,1487,11.2
2026-08-16 15:57:09,80,Attentive,Forward,False,1487,11.2
2026-08-16 15:57:10,80,Attentive,Forward,False,1487,11.2
2026-08-16 15:57:11,80,Attentive,Forward,False,1487,11.2
2026-08-16 15:57:12,80,Attentive,Forward,False,1487,11.2
2026-08-16 15:57:13,80,Attentive,Forward,False,1487,11.2
2026-08-16 15:57:14,80,Attentive,Forward,False,1487,11.2
2026-08-16 15:57:15,80,Attentive,Forward,False,1487,11.2
2026-08-16 15:57:16,80,Attentive,Forward,False,1487,11.2
2026-08-16 15:57:17,80,Attentive,Forward,False,1487,11.2
2026-08-16 15:57:18,80,Attentive,Forward,False,1487,11.2
2026-08-16 15:57:19,80,Attentive,Forward,False,1487,11.2
2026-08-16 15:57:20,80,Attentive,Forward,False,1487,11.2
2026-08-16 15:57:21,80,Attentive,Forward,False,1487,11.2
2026-08-16 15:57:22,80,Attentive,Forward,False,1487,11.2
2026-08-16 15:57:23,80,Attentive,Forward,False,1487,11.2
2026-08-16 15:57:24,80,Attentive,Forward,False,1487,11.2
2026-08-16 15:57:25,80,Attentive,Forward,False,1487,11.2
2026-08-16 15:57:26,80,Attentive,Forward,False,1487,11.2
2026-08-16 15:57:27,80,Attentive,Forward,False,1487,11.2
2026-08-16 15:57:28,80,Attentive,Forward,False,1487,11.2
2026-08-16 15:57:29,80,Attentive,Forward,False,1487,11.2
2026-08-16 15:57:30,80,Attentive,Forward,False,1487,11.2
2026-08-16 15:57:31,79,Attentive,Left,True,1488,11.2
2026-08-16 15:58:38,71,Attentive,Left,False,1488,11.1
2026-08-16 15:58:39,77,Attentive,Forward,False,1489,11.1
2026-08-16 15:58:40,75,Attentive,Forward,False,1490,11.1
2026-08-16 15:58:41,74,Attentive,Forward,False,1490,11.1
2026-08-16 15:58:42,65,Slightly Distracted,Forward,False,1490,11.1
2026-08-16 15:58:43,67,Slightly Distracted,Forward,False,1490,11.1
2026-08-16 15:58:44,66,Slightly Distracted,Forward,False,1490,11.1
2026-08-16 15:58:45,65,Slightly Distracted,Forward,False,1490,11.1
2026-08-16 15:58:46,76,Attentive,Forward,False,1490,11.1
2026-08-16 15:58:47,74,Attentive,Forward,False,1490,11.1
2026-08-16 15:58:48,72,Attentive,Forward,False,1490,11.1
2026-08-16 15:58:49,80,Attentive,Forward,False,1490,11.1
2026-08-16 15:58:50,77,Attentive,Forward,False,1490,11.1
2026-08-16 15:58:51,79,Attentive,Forward,False,1490,11.1
2026-08-16 15:58:52,73,Attentive,Forward,False,1490,11.1
2026-08-16 15:58:53,72,Attentive,Forward,False,1490,11.1
2026-08-16 15:58:54,72,Attentive,Forward,False,1490,11.1
2026-08-16 15:58:55,74,Attentive,Forward,False,1490,11.1
2026-08-16 15:58:56,75,Attentive,Forward,False,1490,11.1
2026-08-16 15:58:57,71,Attentive,Forward,False,1490,11.1
2026-08-16 15:58:58,78,Attentive,Forward,False,1490,11.1
2026-08-16 15:58:59,74,Attentive,Forward,False,1490,11.1
2026-08-16 15:59:00,76,Attentive,Forward,False,1490,11.1
2026-08-16 15:59:01,78,Attentive,Forward,False,1490,11.1
2026-08-16 15:59:02,73,Attentive,Forward,False,1490,11.1
2026-08-16 15:59:03,68,Slightly Distracted,Forward,False,1490,11.1
2026-08-16 15:59:04,72,Attentive,Forward,True,1491,11.1
2026-08-16 15:59:05,83,Attentive,Forward,False,1491,11.1
2026-08-16 15:59:06,74,Attentive,Forward,False,1491,11.1
2026-08-16 15:59:07,79,Attentive,Forward,True,1492,11.1
2026-08-16 15:59:08,78,Attentive,Left,True,1493,11.1
2026-08-16 15:59:09,62,Slightly Distracted,Left,False,1493,11.1
2026-08-16 15:59:10,56,Slightly Distracted,Left,True,1496,11.1
2026-08-16 15:59:11,61,Slightly Distracted,Left,True,1497,11.1
2026-08-16 15:59:12,65,Slightly Distracted,Left,True,1497,11.1
2026-08-16 15:59:13,65,Slightly Distracted,Left,True,1497,11.1
2026-08-16 15:59:15,60,Slightly Distracted,Left,False,1498,11.1
2026-08-16 15:59:16,62,Slightly Distracted,Left,True,1500,11.1
2026-08-16 15:59:17,70,Attentive,Left,False,1500,11.1
2026-08-16 15:59:18,61,Slightly Distracted,Left,True,1501,11.2
2026-08-16 15:59:19,65,Slightly Distracted,Left,True,1501,11.2
2026-08-16 15:59:20,65,Slightly Distracted,Left,True,1501,11.2
2026-08-16 15:59:21,65,Slightly Distracted,Left,True,1501,11.1
2026-08-16 15:59:22,65,Slightly Distracted,Left,True,1501,11.1
2026-08-16 15:59:23,65,Slightly Distracted,Left,True,1501,11.1
2026-08-16 15:59:24,65,Slightly Distracted,Left,True,1501,11.1
2026-08-16 15:59:25,65,Slightly Distracted,Left,True,1501,11.1
2026-08-16 15:59:26,65,Slightly Distracted,Left,True,1501,11.1
2026-08-16 15:59:27,62,Slightly Distracted,Left,False,1501,11.1
2026-08-16 15:59:28,96,Highly Attentive,Forward,True,1503,11.2
2026-08-16 15:59:29,88,Highly Attentive,Down,True,1503,11.2
2026-08-16 15:59:30,60,Slightly Distracted,Down,False,1503,11.2
2026-08-16 15:59:31,64,Slightly Distracted,Down,True,1504,11.2
2026-08-16 15:59:32,70,Slightly Distracted,Down,True,1504,11.2
2026-08-16 15:59:33,91,Highly Attentive,Forward,True,1504,11.2
2026-08-16 15:59:34,84,Attentive,Down,False,1504,11.2
2026-08-16 15:59:35,54,Slightly Distracted,Down,True,1506,11.2
2026-08-16 15:59:36,54,Slightly Distracted,Down,False,1506,11.2
2026-08-16 15:59:37,64,Slightly Distracted,Down,True,1507,11.2
2026-08-16 15:59:38,57,Slightly Distracted,Down,True,1508,11.2
2026-08-16 15:59:39,65,Slightly Distracted,Down,True,1508,11.2
2026-08-16 15:59:40,65,Slightly Distracted,Down,True,1508,11.2
2026-08-16 15:59:41,50,Slightly Distracted,Down,True,1509,11.2
2026-08-16 15:59:42,61,Slightly Distracted,Down,True,1510,11.2
2026-08-16 15:59:43,52,Slightly Distracted,Down,True,1511,11.2
2026-08-16 15:59:44,64,Slightly Distracted,Down,True,1511,11.2
2026-08-16 15:59:45,65,Slightly Distracted,Down,True,1511,11.2
2026-08-16 15:59:46,50,Distracted,Down,False,1512,11.2
2026-08-16 15:59:47,63,Slightly Distracted,Down,True,1513,11.2
2026-08-16 15:59:48,64,Slightly Distracted,Down,False,1513,11.2
2026-08-16 15:59:49,46,Distracted,Down,False,1514,11.2
2026-08-16 15:59:50,45,Distracted,Down,False,1514,11.2
2026-08-16 15:59:51,45,Distracted,Down,False,1514,11.2
2026-08-16 15:59:52,45,Distracted,Down,False,1514,11.2
2026-08-16 15:59:53,53,Slightly Distracted,Down,True,1515,11.2
2026-08-16 15:59:54,65,Slightly Distracted,Down,True,1515,11.2
2026-08-16 15:59:55,51,Slightly Distracted,Down,False,1515,11.2
2026-08-16 15:59:56,45,Distracted,Down,False,1515,11.2
2026-08-16 15:59:57,45,Distracted,Down,False,1515,11.2
2026-08-16 15:59:58,45,Distracted,Down,False,1515,11.2
2026-08-16 15:59:59,45,Distracted,Down,False,1515,11.2
2026-08-16 16:00:01,45,Distracted,Right,False,1515,11.2
2026-08-16 16:00:02,67,Slightly Distracted,Forward,True,1516,11.2
2026-08-16 16:00:03,83,Attentive,Right,False,1517,11.2
2026-08-16 16:00:04,69,Slightly Distracted,Right,False,1517,11.2
2026-08-16 16:00:05,51,Slightly Distracted,Down,True,1518,11.2
2026-08-16 16:00:06,60,Slightly Distracted,Down,False,1518,11.2
2026-08-16 16:00:07,47,Distracted,Right,False,1520,11.2
2026-08-16 16:00:08,54,Slightly Distracted,Down,False,1522,11.2
2026-08-16 16:00:09,46,Distracted,Down,False,1523,11.2
2026-08-16 16:00:10,53,Slightly Distracted,Down,False,1525,11.3
2026-08-16 16:00:11,57,Slightly Distracted,Down,True,1526,11.3
2026-08-16 16:00:12,65,Slightly Distracted,Down,True,1526,11.3
2026-08-16 16:00:13,54,Slightly Distracted,Down,True,1527,11.3
2026-08-16 16:00:14,62,Slightly Distracted,Down,False,1527,11.3
2026-08-16 16:00:15,61,Slightly Distracted,Down,True,1527,11.3
2026-08-16 16:00:16,65,Slightly Distracted,Down,True,1527,11.3
2026-08-16 16:00:17,65,Slightly Distracted,Down,True,1527,11.3
2026-08-16 16:00:18,65,Slightly Distracted,Down,True,1527,11.3
2026-08-16 16:00:19,62,Slightly Distracted,Down,True,1528,11.3
2026-08-16 16:00:20,60,Slightly Distracted,Down,True,1529,11.3
2026-08-16 16:00:21,46,Distracted,Down,False,1529,11.3
2026-08-16 16:00:22,53,Slightly Distracted,Down,False,1530,11.3
2026-08-16 16:00:23,55,Slightly Distracted,Down,True,1532,11.3
2026-08-16 16:00:24,56,Slightly Distracted,Down,True,1534,11.3
2026-08-16 16:00:25,51,Slightly Distracted,Down,False,1534,11.3
2026-08-16 16:00:26,48,Distracted,Down,False,1536,11.3
2026-08-16 16:00:27,51,Slightly Distracted,Down,True,1538,11.3
2026-08-16 16:00:28,59,Slightly Distracted,Down,False,1538,11.3
2026-08-16 16:00:29,45,Distracted,Down,False,1538,11.3
2026-08-16 16:00:30,45,Distracted,Down,False,1538,11.3
2026-08-16 16:00:31,45,Distracted,Down,False,1538,11.3
2026-08-16 16:00:32,45,Distracted,Right,False,1538,11.3
2026-08-16 16:00:33,48,Distracted,Down,False,1539,11.3
2026-08-16 16:00:34,46,Distracted,Down,False,1540,11.3
2026-08-16 16:00:35,64,Slightly Distracted,Down,True,1541,11.3
2026-08-16 16:00:36,58,Slightly Distracted,Down,False,1541,11.3
2026-08-16 16:00:40,53,Slightly Distracted,Right,False,1541,11.3
2026-08-16 16:00:41,60,Slightly Distracted,Down,True,1543,11.3
2026-08-16 16:00:42,61,Slightly Distracted,Down,True,1544,11.4
2026-08-16 16:00:43,59,Slightly Distracted,Down,True,1545,11.4
2026-08-16 16:00:45,56,Slightly Distracted,Right,False,1545,11.4
2026-08-16 16:00:46,59,Slightly Distracted,Down,False,1546,11.4
2026-08-16 16:00:47,45,Distracted,Down,False,1546,11.4
2026-08-16 16:00:48,45,Distracted,Down,False,1546,11.4
2026-08-16 16:00:49,47,Distracted,Down,False,1547,11.4
2026-08-16 16:00:51,57,Slightly Distracted,Down,False,1548,11.4
2026-08-16 16:00:52,65,Slightly Distracted,Down,True,1549,11.4
2026-08-16 16:00:53,65,Slightly Distracted,Down,True,1549,11.4
2026-08-16 16:00:54,63,Slightly Distracted,Down,True,1550,11.4
2026-08-16 16:00:55,63,Slightly Distracted,Down,True,1550,11.4
2026-08-16 16:01:04,59,Slightly Distracted,Right,True,1552,11.4
2026-08-16 16:01:05,48,Distracted,Down,False,1553,11.4
2026-08-16 16:01:06,64,Slightly Distracted,Down,True,1554,11.4
2026-08-16 16:01:07,50,Slightly Distracted,Down,False,1555,11.4
2026-08-16 16:01:08,65,Slightly Distracted,Down,True,1556,11.4
2026-08-16 16:01:09,49,Distracted,Down,False,1556,11.4
2026-08-16 16:01:10,46,Distracted,Down,False,1557,11.4
2026-08-16 16:01:11,45,Distracted,Down,False,1557,11.4
2026-08-16 16:01:12,46,Distracted,Down,True,1558,11.4
2026-08-16 16:01:14,48,Distracted,Down,True,1560,11.4
2026-08-16 16:01:15,65,Slightly Distracted,Down,True,1560,11.4
2026-08-16 16:01:16,50,Distracted,Down,False,1561,11.4
2026-08-16 16:01:17,52,Slightly Distracted,Down,False,1562,11.4
2026-08-16 16:01:18,46,Distracted,Down,False,1563,11.4
2026-08-16 16:01:19,45,Distracted,Down,False,1563,11.4
2026-08-16 16:01:20,45,Distracted,Down,False,1563,11.4
2026-08-16 16:01:21,45,Distracted,Down,False,1563,11.4
2026-08-16 16:01:22,51,Slightly Distracted,Down,True,1564,11.4
2026-08-16 16:01:23,65,Slightly Distracted,Down,True,1564,11.4
2026-08-16 16:01:24,59,Slightly Distracted,Down,True,1565,11.4
2026-08-16 16:01:25,65,Slightly Distracted,Down,True,1565,11.4
2026-08-16 16:01:26,65,Slightly Distracted,Down,True,1565,11.4
2026-08-16 16:01:27,65,Slightly Distracted,Down,True,1565,11.4
2026-08-16 16:01:36,65,Slightly Distracted,Down,True,1565,11.4
2026-08-16 16:01:37,65,Slightly Distracted,Down,True,1565,11.4
2026-08-16 16:01:38,65,Slightly Distracted,Down,True,1565,11.4
2026-08-16 16:01:39,65,Slightly Distracted,Down,True,1565,11.4
2026-08-16 16:02:03,64,Slightly Distracted,Down,False,1565,11.4
2026-08-16 16:02:11,63,Slightly Distracted,Left,False,1565,11.4
2026-08-16 16:02:22,61,Slightly Distracted,Down,True,1565,11.4
2026-08-16 16:02:23,79,Attentive,Down,True,1565,11.4
2026-08-16 16:02:24,62,Slightly Distracted,Down,True,1566,11.4
2026-08-16 16:02:25,60,Slightly Distracted,Down,False,1566,11.4
2026-08-16 16:02:26,45,Distracted,Down,False,1566,11.4
2026-08-16 16:02:27,61,Slightly Distracted,Down,True,1567,11.4
2026-08-16 16:02:28,53,Slightly Distracted,Down,True,1571,11.4
2026-08-16 16:02:29,58,Slightly Distracted,Down,False,1571,11.4
2026-08-16 16:02:30,52,Slightly Distracted,Down,True,1572,11.4
2026-08-16 16:02:31,65,Slightly Distracted,Down,True,1572,11.4
2026-08-16 16:02:32,58,Slightly Distracted,Down,False,1572,11.4
2026-08-16 16:02:33,45,Distracted,Down,False,1572,11.4
2026-08-16 16:02:34,65,Slightly Distracted,Down,True,1573,11.4
2026-08-16 16:02:35,57,Slightly Distracted,Down,False,1573,11.4
2026-08-16 16:02:36,52,Slightly Distracted,Down,True,1574,11.4
2026-08-16 16:02:37,58,Slightly Distracted,Down,False,1574,11.4
2026-08-16 16:02:38,45,Distracted,Down,False,1575,11.4
2026-08-16 16:02:39,64,Slightly Distracted,Down,True,1576,11.4
2026-08-16 16:02:40,48,Distracted,Down,False,1576,11.4
2026-08-16 16:02:41,63,Slightly Distracted,Down,True,1577,11.4
2026-08-16 16:02:42,56,Slightly Distracted,Down,True,1580,11.5
2026-08-16 16:02:43,65,Slightly Distracted,Down,True,1580,11.4
2026-08-16 16:02:44,65,Slightly Distracted,Down,True,1580,11.4
2026-08-16 16:02:45,62,Slightly Distracted,Left,True,1581,11.5
2026-08-16 16:02:46,65,Slightly Distracted,Left,True,1581,11.5
2026-08-16 16:02:47,58,Slightly Distracted,Left,True,1582,11.5
2026-08-16 16:02:48,61,Slightly Distracted,Left,True,1583,11.5
2026-08-16 16:02:49,51,Slightly Distracted,Left,False,1584,11.5
2026-08-16 16:02:50,46,Distracted,Left,False,1585,11.5
2026-08-16 16:02:51,45,Distracted,Left,False,1585,11.5
2026-08-16 16:02:52,45,Distracted,Left,False,1585,11.5
2026-08-16 16:02:53,45,Distracted,Left,False,1585,11.5
2026-08-16 16:02:54,45,Distracted,Left,False,1585,11.5
2026-08-16 16:02:55,45,Distracted,Left,False,1585,11.5
2026-08-16 16:02:56,61,Slightly Distracted,Left,False,1586,11.5
2026-08-16 16:02:57,60,Slightly Distracted,Left,True,1587,11.5
2026-08-16 16:02:58,64,Slightly Distracted,Down,False,1587,11.5
2026-08-16 16:03:01,65,Slightly Distracted,Forward,False,1587,11.5
2026-08-16 16:03:02,81,Attentive,Up,False,1589,11.5
2026-08-16 16:03:03,66,Slightly Distracted,Forward,True,1591,11.5
2026-08-16 16:03:04,91,Highly Attentive,Forward,True,1591,11.5
2026-08-16 16:03:20,97,Highly Attentive,Right,True,1591,11.5
2026-08-16 16:03:22,81,Attentive,Down,True,1591,11.5
2026-08-16 16:03:23,78,Attentive,Forward,False,1592,11.5
2026-08-16 16:03:24,99,Highly Attentive,Forward,True,1593,11.5
2026-08-16 16:03:25,99,Highly Attentive,Forward,True,1593,11.5
2026-08-16 16:03:26,100,Highly Attentive,Forward,True,1593,11.5
2026-08-16 16:03:27,100,Highly Attentive,Forward,True,1593,11.5
2026-08-16 16:03:28,100,Highly Attentive,Forward,True,1593,11.5
2026-08-16 16:03:29,99,Highly Attentive,Forward,True,1593,11.5
2026-08-16 16:03:30,100,Highly Attentive,Forward,True,1593,11.5
2026-08-16 16:03:31,100,Highly Attentive,Forward,True,1593,11.5
2026-08-16 16:03:32,100,Highly Attentive,Forward,True,1593,11.5
2026-08-16 16:03:33,98,Highly Attentive,Forward,True,1593,11.5
2026-08-16 16:03:34,100,Highly Attentive,Forward,True,1593,11.5
2026-08-16 16:03:35,82,Attentive,Forward,False,1594,11.5
2026-08-16 16:03:36,80,Attentive,Forward,False,1594,11.5
2026-08-16 16:03:37,97,Highly Attentive,Forward,True,1595,11.5
2026-08-16 16:03:38,100,Highly Attentive,Forward,True,1595,11.5
2026-08-16 16:03:39,100,Highly Attentive,Forward,True,1595,11.5
2026-08-16 16:03:40,87,Highly Attentive,Forward,False,1595,11.5
2026-08-16 16:03:41,89,Highly Attentive,Forward,True,1598,11.5
2026-08-16 16:03:42,100,Highly Attentive,Forward,True,1598,11.5
2026-08-16 16:03:43,100,Highly Attentive,Forward,True,1598,11.5
2026-08-16 16:03:44,100,Highly Attentive,Forward,True,1598,11.5
2026-08-16 16:03:45,100,Highly Attentive,Forward,True,1598,11.5
2026-08-16 16:03:46,100,Highly Attentive,Forward,True,1598,11.5
2026-08-16 16:03:47,100,Highly Attentive,Forward,True,1598,11.5
2026-08-16 16:03:48,98,Highly Attentive,Forward,True,1599,11.5
2026-08-16 16:03:49,100,Highly Attentive,Forward,True,1599,11.5
2026-08-16 16:03:50,100,Highly Attentive,Forward,True,1599,11.5
2026-08-16 16:03:51,100,Highly Attentive,Forward,True,1599,11.5
2026-08-16 16:03:52,99,Highly Attentive,Forward,False,1599,11.5
2026-08-16 16:03:53,99,Highly Attentive,Forward,True,1600,11.5
2026-08-16 16:03:54,100,Highly Attentive,Forward,True,1600,11.5
2026-08-16 16:03:55,100,Highly Attentive,Forward,True,1600,11.5
2026-08-16 16:03:56,100,Highly Attentive,Forward,True,1600,11.5
2026-08-16 16:03:57,99,Highly Attentive,Forward,True,1600,11.5
2026-08-16 16:03:58,100,Highly Attentive,Forward,True,1600,11.5
2026-08-16 16:03:59,100,Highly Attentive,Forward,True,1600,11.5
2026-08-16 16:04:00,100,Highly Attentive,Forward,True,1600,11.5
2026-08-16 16:04:01,100,Highly Attentive,Forward,True,1600,11.5
2026-08-16 16:04:02,100,Highly Attentive,Forward,True,1600,11.5
2026-08-16 16:04:03,100,Highly Attentive,Forward,True,1600,11.5
2026-08-16 16:04:04,91,Highly Attentive,Left,True,1600,11.5
2026-08-16 16:04:05,87,Highly Attentive,Forward,True,1600,11.5
2026-08-16 16:04:06,100,Highly Attentive,Forward,True,1600,11.5
2026-08-16 16:04:08,99,Highly Attentive,Forward,True,1600,11.5
2026-08-16 16:04:09,100,Highly Attentive,Forward,True,1600,11.5
2026-08-16 16:04:10,100,Highly Attentive,Forward,True,1600,11.5
2026-08-16 16:04:11,100,Highly Attentive,Forward,True,1600,11.5
2026-08-16 16:04:12,100,Highly Attentive,Forward,True,1600,11.5
2026-08-16 16:04:13,100,Highly Attentive,Forward,True,1600,11.5
2026-08-16 16:04:14,97,Highly Attentive,Forward,True,1601,11.5
2026-08-16 16:04:15,100,Highly Attentive,Forward,True,1601,11.5
2026-08-16 16:04:16,100,Highly Attentive,Forward,True,1601,11.5
2026-08-16 16:04:17,100,Highly Attentive,Forward,True,1601,11.5
2026-08-16 16:04:18,97,Highly Attentive,Forward,True,1602,11.5
2026-08-16 16:04:19,100,Highly Attentive,Forward,True,1602,11.5
2026-08-16 16:04:20,100,Highly Attentive,Forward,True,1602,11.5
2026-08-16 16:04:21,100,Highly Attentive,Forward,True,1602,11.5
2026-08-16 16:04:22,100,Highly Attentive,Forward,True,1602,11.5
2026-08-16 16:04:23,100,Highly Attentive,Forward,True,1602,11.5
2026-08-16 16:04:24,100,Highly Attentive,Forward,True,1602,11.5
2026-08-16 16:04:25,98,Highly Attentive,Forward,True,1602,11.5
2026-08-16 16:04:26,85,Highly Attentive,Forward,True,1602,11.5
2026-08-16 16:04:27,84,Attentive,Forward,False,1602,11.5
2026-08-16 16:04:28,83,Attentive,Forward,True,1603,11.5
2026-08-16 16:04:29,83,Attentive,Forward,True,1604,11.5
2026-08-16 16:04:30,70,Attentive,Forward,True,1605,11.5
2026-08-16 16:04:31,85,Highly Attentive,Forward,True,1605,11.5
2026-08-16 16:04:32,94,Highly Attentive,Forward,True,1605,11.5
2026-08-16 16:04:33,99,Highly Attentive,Forward,True,1605,11.5
2026-08-16 16:04:34,100,Highly Attentive,Forward,True,1605,11.5
2026-08-16 16:04:35,98,Highly Attentive,Forward,True,1606,11.5
2026-08-16 16:04:36,98,Highly Attentive,Forward,True,1607,11.5
2026-08-16 16:04:37,92,Highly Attentive,Forward,True,1610,11.5
2026-08-16 16:04:38,100,Highly Attentive,Forward,True,1610,11.5
2026-08-16 16:04:39,93,Highly Attentive,Down,True,1610,11.5
2026-08-16 16:04:40,65,Slightly Distracted,Down,True,1610,11.5
2026-08-16 16:04:41,86,Highly Attentive,Forward,False,1610,11.5
2026-08-16 16:04:42,94,Highly Attentive,Forward,False,1613,11.5
2026-08-16 16:04:43,98,Highly Attentive,Forward,True,1615,11.5
2026-08-16 16:04:44,98,Highly Attentive,Forward,True,1616,11.5
2026-08-16 16:04:45,99,Highly Attentive,Forward,True,1616,11.5
2026-08-16 16:04:46,97,Highly Attentive,Forward,False,1617,11.5
2026-08-16 16:04:47,99,Highly Attentive,Forward,True,1618,11.6
2026-08-16 16:04:48,100,Highly Attentive,Forward,True,1618,11.5
2026-08-16 16:04:49,97,Highly Attentive,Forward,True,1619,11.6
2026-08-16 16:04:50,100,Highly Attentive,Forward,True,1619,11.6
2026-08-16 16:04:51,70,Slightly Distracted,Down,True,1619,11.6
2026-08-16 16:04:52,94,Highly Attentive,Forward,True,1619,11.6
2026-08-16 16:04:53,100,Highly Attentive,Forward,True,1619,11.5
2026-08-16 16:04:54,100,Highly Attentive,Forward,True,1619,11.5
2026-08-16 16:04:55,97,Highly Attentive,Forward,True,1620,11.6
2026-08-16 16:04:56,95,Highly Attentive,Forward,True,1622,11.6
2026-08-16 16:04:58,95,Highly Attentive,Forward,True,1624,11.6
2026-08-16 16:04:59,100,Highly Attentive,Forward,True,1624,11.6
2026-08-16 16:05:00,100,Highly Attentive,Forward,True,1624,11.6
2026-08-16 16:05:01,98,Highly Attentive,Forward,True,1625,11.6
2026-08-16 16:05:02,100,Highly Attentive,Forward,True,1625,11.6
2026-08-16 16:05:03,100,Highly Attentive,Forward,True,1625,11.6
2026-08-16 16:05:04,99,Highly Attentive,Forward,True,1625,11.6
2026-08-16 16:05:05,100,Highly Attentive,Forward,True,1625,11.6
2026-08-16 16:05:06,100,Highly Attentive,Forward,True,1625,11.6
2026-08-16 16:05:07,100,Highly Attentive,Forward,True,1625,11.6
2026-08-16 16:05:08,100,Highly Attentive,Forward,True,1625,11.6
2026-08-16 16:05:09,70,Slightly Distracted,Forward,True,1625,11.6
2026-08-16 16:05:10,100,Highly Attentive,Forward,True,1625,11.6
2026-08-16 16:05:11,96,Highly Attentive,Forward,False,1625,11.6
2026-08-16 16:05:12,100,Highly Attentive,Forward,True,1626,11.6
2026-08-16 16:05:13,100,Highly Attentive,Forward,True,1626,11.6
2026-08-16 16:05:14,100,Highly Attentive,Forward,True,1626,11.6
2026-08-16 16:05:15,100,Highly Attentive,Forward,True,1626,11.6
2026-08-16 16:05:16,99,Highly Attentive,Forward,False,1626,11.6
2026-08-16 16:05:17,98,Highly Attentive,Forward,True,1627,11.6
2026-08-16 16:05:18,100,Highly Attentive,Forward,True,1627,11.6
2026-08-16 16:05:19,100,Highly Attentive,Forward,True,1627,11.6
2026-08-16 16:05:20,100,Highly Attentive,Forward,True,1627,11.6
2026-08-16 16:05:21,99,Highly Attentive,Forward,True,1627,11.6
2026-08-16 16:05:22,100,Highly Attentive,Forward,True,1627,11.6
2026-08-16 16:05:23,100,Highly Attentive,Forward,True,1627,11.6
2026-08-16 16:05:24,100,Highly Attentive,Forward,True,1627,11.6
2026-08-16 16:05:25,100,Highly Attentive,Forward,True,1627,11.6
2026-08-16 16:05:26,99,Highly Attentive,Forward,True,1627,11.6
2026-08-16 16:05:27,97,Highly Attentive,Forward,True,1628,11.6
2026-08-16 16:05:28,98,Highly Attentive,Forward,True,1629,11.6
2026-08-16 16:05:29,100,Highly Attentive,Forward,True,1629,11.6
2026-08-16 16:05:30,100,Highly Attentive,Forward,True,1629,11.6
2026-08-16 16:05:31,100,Highly Attentive,Forward,True,1629,11.6
2026-08-16 16:05:32,100,Highly Attentive,Forward,True,1629,11.6
2026-08-16 16:05:33,100,Highly Attentive,Forward,True,1629,11.6
2026-08-16 16:05:34,77,Attentive,Right,True,1629,11.6
2026-08-16 16:05:35,65,Slightly Distracted,Right,True,1629,11.6
2026-08-16 16:05:36,65,Slightly Distracted,Right,True,1629,11.6
2026-08-16 16:05:37,70,Slightly Distracted,Forward,True,1629,11.6
2026-08-16 16:05:38,98,Highly Attentive,Forward,True,1629,11.6
2026-08-16 16:05:39,100,Highly Attentive,Forward,True,1629,11.6
2026-08-16 16:05:40,100,Highly Attentive,Forward,True,1629,11.6
2026-08-16 16:05:41,100,Highly Attentive,Forward,True,1629,11.6
2026-08-16 16:05:42,98,Highly Attentive,Forward,True,1630,11.6
2026-08-16 16:05:43,100,Highly Attentive,Forward,True,1630,11.6
2026-08-16 16:05:44,100,Highly Attentive,Forward,True,1630,11.6
2026-08-16 16:05:45,100,Highly Attentive,Forward,True,1630,11.6
2026-08-16 16:05:47,100,Highly Attentive,Forward,True,1630,11.6
2026-08-16 16:05:48,100,Highly Attentive,Forward,True,1630,11.6
2026-08-16 16:05:49,100,Highly Attentive,Forward,True,1630,11.6
2026-08-16 16:05:50,100,Highly Attentive,Forward,True,1630,11.6
2026-08-16 16:05:51,100,Highly Attentive,Forward,True,1630,11.5
2026-08-16 16:05:52,100,Highly Attentive,Forward,True,1630,11.5
2026-08-16 16:05:53,99,Highly Attentive,Forward,False,1630,11.5
2026-08-16 16:05:54,99,Highly Attentive,Forward,True,1631,11.6
2026-08-16 16:05:55,100,Highly Attentive,Forward,True,1631,11.6
2026-08-16 16:05:56,100,Highly Attentive,Forward,True,1631,11.5
2026-08-16 16:05:57,100,Highly Attentive,Forward,True,1631,11.5
2026-08-16 16:05:58,99,Highly Attentive,Forward,True,1631,11.5
2026-08-16 16:05:59,100,Highly Attentive,Forward,True,1631,11.5
2026-08-16 16:06:00,100,Highly Attentive,Forward,True,1631,11.5
2026-08-16 16:06:01,100,Highly Attentive,Forward,True,1631,11.5
2026-08-16 16:06:02,100,Highly Attentive,Forward,True,1631,11.5
2026-08-16 16:06:03,100,Highly Attentive,Forward,True,1631,11.5
2026-08-16 16:06:04,100,Highly Attentive,Forward,True,1631,11.5
2026-08-16 16:06:05,100,Highly Attentive,Forward,True,1631,11.5
2026-08-16 16:06:06,100,Highly Attentive,Forward,True,1631,11.5
2026-08-16 16:06:07,99,Highly Attentive,Forward,True,1631,11.5
2026-08-16 16:06:08,100,Highly Attentive,Forward,True,1631,11.5
2026-08-16 16:06:09,100,Highly Attentive,Forward,True,1631,11.5
2026-08-16 16:06:10,100,Highly Attentive,Forward,True,1631,11.5
2026-08-16 16:06:11,100,Highly Attentive,Forward,True,1631,11.5
2026-08-16 16:06:12,100,Highly Attentive,Forward,True,1631,11.5
2026-08-16 16:06:13,99,Highly Attentive,Forward,True,1631,11.5
2026-08-16 16:06:14,100,Highly Attentive,Forward,True,1631,11.5
2026-08-16 16:06:15,100,Highly Attentive,Forward,True,1631,11.5
2026-08-16 16:06:16,99,Highly Attentive,Forward,False,1631,11.5
2026-08-16 16:06:17,99,Highly Attentive,Forward,True,1632,11.5
2026-08-16 16:06:18,100,Highly Attentive,Forward,True,1632,11.5
2026-08-16 16:06:19,100,Highly Attentive,Forward,True,1632,11.5
2026-08-16 16:06:20,100,Highly Attentive,Forward,True,1632,11.5
2026-08-16 16:06:21,100,Highly Attentive,Forward,True,1632,11.5
2026-08-16 16:06:22,100,Highly Attentive,Forward,True,1632,11.5
2026-08-16 16:06:23,100,Highly Attentive,Forward,True,1632,11.5
2026-08-16 16:06:24,100,Highly Attentive,Forward,True,1632,11.5
2026-08-16 16:06:25,100,Highly Attentive,Forward,True,1632,11.5
2026-08-16 16:06:26,100,Highly Attentive,Forward,True,1632,11.5
2026-08-16 16:06:27,100,Highly Attentive,Forward,True,1632,11.5
2026-08-16 16:06:28,97,Highly Attentive,Forward,True,1633,11.5
2026-08-16 16:06:29,97,Highly Attentive,Forward,True,1634,11.5
2026-08-16 16:06:30,100,Highly Attentive,Forward,True,1634,11.5
2026-08-16 16:06:31,100,Highly Attentive,Forward,True,1634,11.5
2026-08-16 16:06:32,100,Highly Attentive,Forward,True,1634,11.5
2026-08-16 16:06:33,100,Highly Attentive,Forward,True,1634,11.5
2026-08-16 16:06:34,100,Highly Attentive,Forward,True,1634,11.5
2026-08-16 16:06:36,100,Highly Attentive,Forward,True,1634,11.5
2026-08-16 16:06:37,100,Highly Attentive,Forward,True,1634,11.5
2026-08-16 16:06:38,100,Highly Attentive,Forward,True,1634,11.5
2026-08-16 16:06:39,100,Highly Attentive,Forward,True,1634,11.5
2026-08-16 16:06:40,100,Highly Attentive,Forward,True,1634,11.5
2026-08-16 16:06:41,100,Highly Attentive,Forward,True,1634,11.5
2026-08-16 16:06:42,100,Highly Attentive,Forward,True,1634,11.5
2026-08-16 16:06:43,100,Highly Attentive,Forward,True,1634,11.5
2026-08-16 16:06:44,100,Highly Attentive,Forward,True,1634,11.5
2026-08-16 16:06:45,100,Highly Attentive,Forward,True,1634,11.5
2026-08-16 16:06:46,94,Highly Attentive,Forward,False,1635,11.5
2026-08-16 16:06:47,97,Highly Attentive,Forward,True,1637,11.5
2026-08-16 16:06:48,93,Highly Attentive,Forward,True,1638,11.5
2026-08-16 16:06:49,77,Attentive,Right,True,1638,11.5
2026-08-16 16:06:50,71,Attentive,Forward,True,1640,11.5
2026-08-16 16:06:51,92,Highly Attentive,Forward,False,1642,11.6
2026-08-16 16:06:52,72,Attentive,Forward,True,1644,11.6
2026-08-16 16:06:53,49,Distracted,Right,False,1644,11.6
2026-08-16 16:06:54,36,Distracted,Left,False,1645,11.6
2026-08-16 16:06:55,39,Distracted,Left,True,1647,11.6
2026-08-16 16:06:56,47,Distracted,Left,False,1648,11.6
2026-08-16 16:06:57,51,Slightly Distracted,Left,False,1650,11.6
2026-08-16 16:06:58,46,Distracted,Left,False,1651,11.6
2026-08-16 16:07:01,47,Distracted,Forward,False,1651,11.6
2026-08-16 16:07:02,55,Slightly Distracted,Forward,False,1651,11.6
2026-08-16 16:07:03,88,Highly Attentive,Forward,False,1653,11.6
2026-08-16 16:07:04,84,Attentive,Forward,False,1655,11.6
2026-08-16 16:07:05,72,Attentive,Forward,False,1655,11.6
2026-08-16 16:07:06,84,Attentive,Forward,True,1656,11.6
2026-08-16 16:07:07,82,Attentive,Forward,False,1656,11.6
2026-08-16 16:07:08,84,Attentive,Forward,False,1657,11.6
2026-08-16 16:07:09,99,Highly Attentive,Forward,True,1658,11.6
2026-08-16 16:07:10,90,Highly Attentive,Forward,True,1659,11.6
2026-08-16 16:07:11,100,Highly Attentive,Forward,True,1659,11.6
2026-08-16 16:07:12,99,Highly Attentive,Forward,False,1659,11.6
2026-08-16 16:07:13,80,Attentive,Forward,False,1659,11.6
2026-08-16 16:07:14,78,Attentive,Forward,False,1659,11.6
2026-08-16 16:07:16,78,Attentive,Left,False,1659,11.6
2026-08-16 16:07:17,60,Slightly Distracted,Left,True,1660,11.6
2026-08-16 16:07:18,65,Slightly Distracted,Left,True,1660,11.6
2026-08-16 16:07:19,67,Slightly Distracted,Left,True,1660,11.6
2026-08-16 16:07:20,77,Attentive,Forward,True,1660,11.6
2026-08-16 16:07:21,85,Highly Attentive,Forward,True,1660,11.6
2026-08-16 16:07:26,84,Attentive,Right,True,1660,11.6
2026-08-16 16:07:27,66,Slightly Distracted,Right,True,1660,11.6
2026-08-16 16:07:28,67,Slightly Distracted,Forward,True,1660,11.6
2026-08-16 16:07:29,100,Highly Attentive,Forward,True,1660,11.6
2026-08-16 16:07:30,98,Highly Attentive,Forward,True,1661,11.6
2026-08-16 16:07:31,100,Highly Attentive,Forward,True,1661,11.6
2026-08-16 16:07:32,98,Highly Attentive,Forward,True,1662,11.6
2026-08-16 16:07:33,100,Highly Attentive,Forward,True,1662,11.6
2026-08-16 16:07:34,95,Highly Attentive,Forward,True,1664,11.6
2026-08-16 16:07:35,97,Highly Attentive,Forward,True,1665,11.7
2026-08-16 16:07:36,100,Highly Attentive,Forward,True,1665,11.7
2026-08-16 16:07:37,96,Highly Attentive,Forward,True,1665,11.7
2026-08-16 16:07:38,96,Highly Attentive,Forward,False,1665,11.6
2026-08-16 16:07:39,100,Highly Attentive,Forward,True,1666,11.7
2026-08-16 16:07:40,95,Highly Attentive,Forward,True,1667,11.7
2026-08-16 16:07:41,100,Highly Attentive,Forward,True,1667,11.7
2026-08-16 16:07:42,98,Highly Attentive,Forward,True,1668,11.7
2026-08-16 16:07:43,100,Highly Attentive,Forward,True,1668,11.7
2026-08-16 16:07:44,99,Highly Attentive,Forward,False,1668,11.7
2026-08-16 16:07:46,88,Highly Attentive,Left,True,1670,11.7
2026-08-16 16:07:47,65,Slightly Distracted,Left,True,1670,11.7
2026-08-16 16:07:48,73,Attentive,Forward,True,1670,11.7
2026-08-16 16:07:49,100,Highly Attentive,Forward,True,1670,11.7
2026-08-16 16:07:50,99,Highly Attentive,Forward,True,1670,11.7
2026-08-16 16:07:51,98,Highly Attentive,Forward,True,1671,11.7
2026-08-16 16:07:52,85,Attentive,Left,False,1671,11.7
2026-08-16 16:07:53,58,Slightly Distracted,Forward,False,1673,11.7
2026-08-16 16:07:54,91,Highly Attentive,Forward,False,1676,11.7
2026-08-16 16:07:55,100,Highly Attentive,Forward,True,1676,11.7
2026-08-16 16:07:56,98,Highly Attentive,Forward,True,1677,11.7
2026-08-16 16:07:57,96,Highly Attentive,Forward,True,1677,11.7
2026-08-16 16:07:58,96,Highly Attentive,Forward,True,1678,11.7
2026-08-16 16:07:59,98,Highly Attentive,Forward,True,1679,11.7
2026-08-16 16:08:00,93,Highly Attentive,Forward,False,1681,11.7
2026-08-16 16:08:01,95,Highly Attentive,Forward,True,1683,11.7
2026-08-16 16:08:02,100,Highly Attentive,Forward,True,1683,11.7
2026-08-16 16:08:03,100,Highly Attentive,Forward,True,1683,11.7
2026-08-16 16:08:04,98,Highly Attentive,Forward,True,1684,11.7
2026-08-16 16:08:05,100,Highly Attentive,Forward,True,1684,11.7
2026-08-16 16:08:06,100,Highly Attentive,Forward,True,1684,11.7
2026-08-16 16:08:07,98,Highly Attentive,Forward,True,1685,11.8
2026-08-16 16:08:08,100,Highly Attentive,Forward,True,1685,11.7
2026-08-16 16:08:09,99,Highly Attentive,Forward,True,1685,11.7
2026-08-16 16:08:10,100,Highly Attentive,Forward,True,1685,11.7
2026-08-16 16:08:11,100,Highly Attentive,Forward,True,1685,11.7
2026-08-16 16:08:12,100,Highly Attentive,Forward,True,1685,11.7
2026-08-16 16:08:13,100,Highly Attentive,Forward,True,1685,11.7
2026-08-16 16:08:14,100,Highly Attentive,Forward,True,1685,11.7
2026-08-16 16:08:15,100,Highly Attentive,Forward,True,1685,11.7
2026-08-16 16:08:16,100,Highly Attentive,Forward,True,1685,11.7
2026-08-16 16:08:17,99,Highly Attentive,Forward,True,1685,11.7
2026-08-16 16:08:18,100,Highly Attentive,Forward,True,1685,11.7
2026-08-16 16:08:19,100,Highly Attentive,Forward,True,1685,11.7
2026-08-16 16:08:20,100,Highly Attentive,Forward,True,1685,11.7
2026-08-16 16:08:21,98,Highly Attentive,Forward,True,1686,11.7
2026-08-16 16:08:22,98,Highly Attentive,Forward,True,1687,11.7
2026-08-16 16:08:23,99,Highly Attentive,Forward,True,1687,11.7
2026-08-16 16:08:24,100,Highly Attentive,Forward,True,1687,11.7
2026-08-16 16:08:25,100,Highly Attentive,Forward,True,1687,11.7
2026-08-16 16:08:26,97,Highly Attentive,Forward,True,1688,11.7
2026-08-16 16:08:27,100,Highly Attentive,Forward,True,1688,11.7
2026-08-16 16:08:28,100,Highly Attentive,Forward,True,1688,11.7
2026-08-16 16:08:29,100,Highly Attentive,Forward,True,1688,11.7
2026-08-16 16:08:30,100,Highly Attentive,Forward,True,1688,11.7
2026-08-16 16:08:31,100,Highly Attentive,Forward,True,1688,11.7
2026-08-16 16:08:32,98,Highly Attentive,Forward,True,1689,11.7
2026-08-16 16:08:33,100,Highly Attentive,Forward,True,1689,11.7
2026-08-16 16:08:35,100,Highly Attentive,Forward,True,1689,11.7
2026-08-16 16:08:36,100,Highly Attentive,Forward,True,1689,11.7
2026-08-16 16:08:37,100,Highly Attentive,Forward,True,1689,11.7
2026-08-16 16:08:38,99,Highly Attentive,Forward,True,1689,11.7
2026-08-16 16:08:39,100,Highly Attentive,Forward,True,1689,11.7
2026-08-16 16:08:40,100,Highly Attentive,Forward,True,1689,11.7
2026-08-16 16:08:41,100,Highly Attentive,Forward,True,1689,11.7
2026-08-16 16:08:42,100,Highly Attentive,Forward,True,1689,11.7
2026-08-16 16:08:43,98,Highly Attentive,Forward,True,1690,11.7
2026-08-16 16:08:44,98,Highly Attentive,Forward,True,1691,11.7
2026-08-16 16:08:45,100,Highly Attentive,Forward,True,1691,11.7
2026-08-16 16:08:46,98,Highly Attentive,Forward,True,1692,11.7
2026-08-16 16:08:47,98,Highly Attentive,Forward,True,1692,11.7
2026-08-16 16:08:48,98,Highly Attentive,Forward,True,1693,11.8
2026-08-16 16:08:49,96,Highly Attentive,Forward,True,1695,11.8
2026-08-16 16:08:50,100,Highly Attentive,Forward,True,1695,11.8
2026-08-16 16:08:51,100,Highly Attentive,Forward,True,1695,11.8
2026-08-16 16:08:52,100,Highly Attentive,Forward,True,1695,11.8
2026-08-16 16:08:53,94,Highly Attentive,Left,True,1695,11.8
2026-08-16 16:08:54,75,Attentive,Forward,True,1696,11.8
2026-08-16 16:08:55,100,Highly Attentive,Forward,True,1696,11.8
2026-08-16 16:08:56,100,Highly Attentive,Forward,True,1696,11.8
2026-08-16 16:08:57,99,Highly Attentive,Forward,True,1696,11.8
2026-08-16 16:08:58,99,Highly Attentive,Forward,True,1696,11.8
2026-08-16 16:08:59,98,Highly Attentive,Forward,True,1697,11.8
2026-08-16 16:09:00,97,Highly Attentive,Forward,True,1698,11.8
2026-08-16 16:09:01,100,Highly Attentive,Forward,True,1698,11.8
2026-08-16 16:09:02,100,Highly Attentive,Forward,True,1698,11.8
2026-08-16 16:09:03,100,Highly Attentive,Forward,True,1698,11.8
2026-08-16 16:09:04,98,Highly Attentive,Forward,True,1699,11.8
2026-08-16 16:09:05,100,Highly Attentive,Forward,True,1699,11.8
2026-08-16 16:09:06,100,Highly Attentive,Forward,True,1699,11.8
2026-08-16 16:09:07,100,Highly Attentive,Forward,True,1699,11.8
2026-08-16 16:09:08,100,Highly Attentive,Forward,True,1699,11.8
2026-08-16 16:09:09,100,Highly Attentive,Forward,True,1699,11.8
2026-08-16 16:09:10,100,Highly Attentive,Forward,True,1699,11.8
2026-08-16 16:09:11,100,Highly Attentive,Forward,True,1699,11.8
2026-08-16 16:09:12,100,Highly Attentive,Forward,True,1699,11.8
2026-08-16 16:09:13,98,Highly Attentive,Forward,True,1700,11.8
2026-08-16 16:09:14,99,Highly Attentive,Forward,True,1700,11.8
2026-08-16 16:09:15,97,Highly Attentive,Forward,True,1701,11.8
2026-08-16 16:09:16,100,Highly Attentive,Forward,True,1701,11.8
2026-08-16 16:09:17,100,Highly Attentive,Forward,True,1701,11.8
2026-08-16 16:09:18,100,Highly Attentive,Forward,True,1701,11.8
2026-08-16 16:09:19,100,Highly Attentive,Forward,True,1701,11.8
2026-08-16 16:09:20,100,Highly Attentive,Forward,True,1701,11.8
2026-08-16 16:09:21,100,Highly Attentive,Forward,True,1701,11.8
2026-08-16 16:09:22,100,Highly Attentive,Forward,True,1701,11.8
2026-08-16 16:09:24,100,Highly Attentive,Forward,True,1701,11.8
2026-08-16 16:09:25,100,Highly Attentive,Forward,True,1701,11.8
2026-08-16 16:09:26,100,Highly Attentive,Forward,True,1701,11.8
2026-08-16 16:09:27,100,Highly Attentive,Forward,True,1701,11.8
2026-08-16 16:09:28,100,Highly Attentive,Forward,True,1701,11.8
2026-08-16 16:09:29,100,Highly Attentive,Forward,True,1701,11.8
2026-08-16 16:09:30,100,Highly Attentive,Forward,True,1701,11.7
2026-08-16 16:09:31,100,Highly Attentive,Forward,True,1701,11.7
2026-08-16 16:09:32,100,Highly Attentive,Forward,True,1701,11.7
2026-08-16 16:09:33,100,Highly Attentive,Forward,True,1701,11.7
2026-08-16 16:09:34,100,Highly Attentive,Forward,True,1701,11.7
2026-08-16 16:09:35,93,Highly Attentive,Down,True,1701,11.7
2026-08-16 16:09:36,82,Attentive,Forward,True,1701,11.7
2026-08-16 16:09:37,100,Highly Attentive,Forward,True,1701,11.7
2026-08-16 16:09:38,100,Highly Attentive,Forward,True,1701,11.7
2026-08-16 16:09:39,97,Highly Attentive,Forward,True,1702,11.7
2026-08-16 16:09:40,100,Highly Attentive,Forward,True,1702,11.7
2026-08-16 16:09:41,100,Highly Attentive,Forward,True,1702,11.7
2026-08-16 16:09:42,100,Highly Attentive,Forward,True,1702,11.7
2026-08-16 16:09:43,100,Highly Attentive,Forward,True,1702,11.7
2026-08-16 16:09:44,100,Highly Attentive,Forward,True,1702,11.7
2026-08-16 16:09:45,98,Highly Attentive,Forward,True,1703,11.7
2026-08-16 16:09:46,100,Highly Attentive,Forward,True,1703,11.7
2026-08-16 16:09:47,100,Highly Attentive,Forward,True,1703,11.7
2026-08-16 16:09:48,100,Highly Attentive,Forward,True,1703,11.7
2026-08-16 16:09:49,100,Highly Attentive,Forward,True,1703,11.7
2026-08-16 16:09:50,100,Highly Attentive,Forward,True,1703,11.7
2026-08-16 16:09:51,100,Highly Attentive,Forward,True,1703,11.7
2026-08-16 16:09:52,100,Highly Attentive,Forward,True,1703,11.7
2026-08-16 16:09:53,100,Highly Attentive,Forward,True,1703,11.7
2026-08-16 16:09:54,100,Highly Attentive,Forward,True,1703,11.7
2026-08-16 16:09:55,100,Highly Attentive,Forward,True,1703,11.7
2026-08-16 16:09:56,100,Highly Attentive,Forward,True,1703,11.7
2026-08-16 16:09:57,100,Highly Attentive,Forward,True,1703,11.7
2026-08-16 16:09:58,99,Highly Attentive,Forward,True,1703,11.7
2026-08-16 16:09:59,93,Highly Attentive,Forward,True,1703,11.7
2026-08-16 16:10:00,95,Highly Attentive,Forward,True,1703,11.7
2026-08-16 16:10:01,73,Attentive,Down,True,1703,11.7
2026-08-16 16:10:02,85,Attentive,Right,True,1703,11.7
2026-08-16 16:10:03,67,Slightly Distracted,Right,True,1703,11.7
2026-08-16 16:10:04,78,Attentive,Forward,True,1703,11.7
2026-08-16 16:10:05,97,Highly Attentive,Forward,True,1704,11.7
2026-08-16 16:10:06,100,Highly Attentive,Forward,True,1704,11.7
2026-08-16 16:10:07,86,Highly Attentive,Forward,True,1704,11.7
2026-08-16 16:10:08,84,Attentive,Left,True,1704,11.7
2026-08-16 16:10:09,82,Attentive,Forward,True,1704,11.7
2026-08-16 16:10:10,100,Highly Attentive,Forward,True,1704,11.7
2026-08-16 16:10:11,93,Highly Attentive,Forward,True,1704,11.7
2026-08-16 16:10:12,93,Highly Attentive,Forward,True,1705,11.7
2026-08-16 16:10:14,100,Highly Attentive,Forward,True,1705,11.7
2026-08-16 16:10:15,85,Attentive,Left,True,1705,11.7
2026-08-16 16:10:16,72,Attentive,Forward,True,1705,11.7
2026-08-16 16:10:17,100,Highly Attentive,Forward,True,1705,11.7
2026-08-16 16:10:18,100,Highly Attentive,Forward,True,1705,11.7
2026-08-16 16:10:19,66,Slightly Distracted,Left,True,1705,11.7
2026-08-16 16:10:20,74,Attentive,Forward,True,1705,11.7
2026-08-16 16:10:21,97,Highly Attentive,Forward,True,1706,11.7
2026-08-16 16:10:22,100,Highly Attentive,Forward,True,1706,11.7
2026-08-16 16:10:23,84,Attentive,Forward,False,1706,11.7
2026-08-16 16:10:24,75,Attentive,Forward,False,1707,11.7
2026-08-16 16:10:25,95,Highly Attentive,Forward,True,1709,11.7
2026-08-16 16:10:26,95,Highly Attentive,Forward,False,1709,11.7
2026-08-16 16:10:27,99,Highly Attentive,Forward,True,1710,11.7
2026-08-16 16:10:28,99,Highly Attentive,Forward,True,1710,11.7
2026-08-16 16:10:29,98,Highly Attentive,Forward,True,1711,11.7
2026-08-16 16:10:30,100,Highly Attentive,Forward,True,1711,11.7
2026-08-16 16:10:31,74,Attentive,Right,True,1712,11.7
2026-08-16 16:10:32,95,Highly Attentive,Forward,False,1712,11.7
2026-08-16 16:10:33,85,Highly Attentive,Right,True,1713,11.7
2026-08-16 16:22:01,79,Attentive,Left,True,1713,10.9
2026-08-16 16:22:14,78,Attentive,Left,True,1713,10.9
2026-08-16 16:22:15,65,Slightly Distracted,Left,True,1713,10.9
2026-08-16 16:22:16,82,Attentive,Forward,False,1714,10.9
2026-08-16 16:22:19,85,Attentive,Down,True,1715,10.9
2026-08-16 16:22:20,93,Highly Attentive,Forward,True,1716,10.9
2026-08-16 16:22:21,99,Highly Attentive,Forward,True,1716,10.9
2026-08-16 16:22:22,71,Attentive,Forward,False,1717,10.9
2026-08-16 16:22:23,98,Highly Attentive,Forward,True,1718,10.9
2026-08-16 16:22:24,93,Highly Attentive,Forward,False,1718,10.9
2026-08-16 16:22:25,89,Highly Attentive,Forward,True,1719,10.9
2026-08-16 16:22:26,99,Highly Attentive,Left,True,1719,10.9
2026-08-16 16:22:27,80,Attentive,Forward,True,1720,10.9
2026-08-16 16:22:28,100,Highly Attentive,Forward,True,1720,10.9
2026-08-16 16:22:29,90,Highly Attentive,Forward,True,1720,10.9
2026-08-16 16:22:30,99,Highly Attentive,Forward,True,1721,10.9
2026-08-16 16:22:31,89,Highly Attentive,Down,False,1721,10.9
2026-08-16 16:22:32,94,Highly Attentive,Forward,True,1722,10.9
2026-08-16 16:22:33,100,Highly Attentive,Forward,True,1722,10.9
2026-08-16 16:22:34,99,Highly Attentive,Forward,True,1722,10.9
2026-08-16 16:22:35,100,Highly Attentive,Forward,True,1722,10.9
2026-08-16 16:22:36,100,Highly Attentive,Forward,True,1722,10.9
2026-08-16 16:22:37,100,Highly Attentive,Forward,True,1722,10.9
2026-08-16 16:22:38,100,Highly Attentive,Forward,True,1722,10.9
2026-08-16 16:22:39,100,Highly Attentive,Forward,True,1722,10.9
2026-08-16 16:22:40,97,Highly Attentive,Forward,False,1723,10.9
2026-08-16 16:22:41,98,Highly Attentive,Forward,True,1724,10.9
2026-08-16 16:22:42,100,Highly Attentive,Forward,True,1724,10.9
2026-08-16 16:22:43,100,Highly Attentive,Forward,True,1724,10.9
2026-08-16 16:22:44,100,Highly Attentive,Forward,True,1724,10.9
2026-08-16 16:22:45,100,Highly Attentive,Forward,True,1724,10.9
2026-08-16 16:22:47,100,Highly Attentive,Forward,True,1724,10.9
2026-08-16 16:22:48,100,Highly Attentive,Forward,True,1724,10.9
2026-08-16 16:22:49,86,Highly Attentive,Left,True,1724,10.9
2026-08-16 16:22:50,65,Slightly Distracted,Left,True,1724,10.9
2026-08-16 16:22:51,67,Slightly Distracted,Left,True,1724,10.9
2026-08-16 16:22:52,65,Slightly Distracted,Left,True,1724,10.9
2026-08-16 16:22:53,65,Slightly Distracted,Left,True,1724,10.9
2026-08-16 16:22:54,65,Slightly Distracted,Left,True,1724,10.9
2026-08-16 16:22:55,65,Slightly Distracted,Left,True,1724,10.9
2026-08-16 16:22:56,86,Highly Attentive,Forward,True,1724,10.9
2026-08-16 16:22:57,94,Highly Attentive,Down,True,1724,10.9
2026-08-16 16:22:58,96,Highly Attentive,Forward,True,1724,10.9
2026-08-16 16:22:59,97,Highly Attentive,Forward,True,1725,10.9
2026-08-16 16:23:00,100,Highly Attentive,Forward,True,1725,10.9
2026-08-16 16:23:01,100,Highly Attentive,Forward,True,1725,10.9
2026-08-16 16:23:02,100,Highly Attentive,Forward,True,1725,10.9
2026-08-16 16:23:03,100,Highly Attentive,Forward,True,1725,10.9
2026-08-16 16:23:04,100,Highly Attentive,Forward,True,1725,10.9
2026-08-16 16:23:05,97,Highly Attentive,Forward,True,1726,10.9
2026-08-16 16:23:06,100,Highly Attentive,Forward,True,1726,10.9
2026-08-16 16:23:07,90,Highly Attentive,Down,True,1726,10.9
2026-08-16 16:23:08,100,Highly Attentive,Forward,True,1726,10.9
2026-08-16 16:23:09,98,Highly Attentive,Forward,True,1727,10.9
2026-08-16 16:23:10,100,Highly Attentive,Forward,True,1727,10.9
2026-08-16 16:23:11,100,Highly Attentive,Forward,True,1727,10.9
2026-08-16 16:23:12,100,Highly Attentive,Forward,True,1727,10.9
2026-08-16 16:23:13,100,Highly Attentive,Forward,True,1727,10.9
2026-08-16 16:23:14,100,Highly Attentive,Forward,True,1727,10.9
2026-08-16 16:23:15,100,Highly Attentive,Forward,True,1727,10.9
2026-08-16 16:23:16,100,Highly Attentive,Forward,True,1727,10.9
2026-08-16 16:23:17,100,Highly Attentive,Forward,True,1727,10.9
2026-08-16 16:23:18,100,Highly Attentive,Forward,True,1727,10.9
2026-08-16 16:23:19,100,Highly Attentive,Forward,True,1727,10.9
2026-08-16 16:23:20,100,Highly Attentive,Forward,True,1727,10.9
2026-08-16 16:23:21,100,Highly Attentive,Forward,True,1727,10.9
2026-08-16 16:23:22,100,Highly Attentive,Forward,True,1727,10.9
2026-08-16 16:23:23,100,Highly Attentive,Forward,True,1727,10.9
2026-08-16 16:23:24,100,Highly Attentive,Forward,True,1727,10.9
2026-08-16 16:23:25,100,Highly Attentive,Forward,True,1727,10.9
2026-08-16 16:23:26,100,Highly Attentive,Forward,True,1727,10.9
2026-08-16 16:23:27,100,Highly Attentive,Forward,True,1727,10.9
2026-08-16 16:23:28,100,Highly Attentive,Forward,True,1727,10.9
2026-08-16 16:23:29,97,Highly Attentive,Forward,True,1728,10.9
2026-08-16 16:23:30,100,Highly Attentive,Forward,True,1728,10.9
2026-08-16 16:23:31,100,Highly Attentive,Forward,True,1728,10.9
2026-08-16 16:23:32,100,Highly Attentive,Forward,True,1728,10.9
2026-08-16 16:23:33,100,Highly Attentive,Forward,True,1728,10.9
2026-08-16 16:23:34,72,Attentive,Down,True,1728,10.9
2026-08-16 16:23:35,67,Slightly Distracted,Down,True,1728,10.9
2026-08-16 16:23:37,99,Highly Attentive,Forward,True,1728,10.9
2026-08-16 16:23:38,100,Highly Attentive,Forward,True,1728,10.9
2026-08-16 16:23:39,100,Highly Attentive,Forward,True,1728,10.9
2026-08-16 16:23:40,98,Highly Attentive,Forward,True,1729,10.9
2026-08-16 16:23:41,100,Highly Attentive,Forward,True,1729,10.9
2026-08-16 16:23:42,100,Highly Attentive,Forward,True,1729,10.9
2026-08-16 16:23:43,100,Highly Attentive,Forward,True,1729,10.9
2026-08-16 16:23:44,100,Highly Attentive,Forward,True,1729,10.9
2026-08-16 16:23:45,100,Highly Attentive,Forward,True,1729,10.9
2026-08-16 16:23:46,100,Highly Attentive,Forward,True,1729,10.9
2026-08-16 16:23:47,100,Highly Attentive,Forward,True,1729,10.9
2026-08-16 16:23:48,100,Highly Attentive,Forward,True,1729,10.9
2026-08-16 16:23:49,100,Highly Attentive,Forward,True,1729,10.9
2026-08-16 16:23:50,100,Highly Attentive,Forward,True,1729,10.9
2026-08-16 16:23:51,100,Highly Attentive,Forward,True,1729,10.9
2026-08-16 16:23:52,100,Highly Attentive,Forward,True,1729,10.9
2026-08-16 16:23:53,100,Highly Attentive,Forward,True,1729,10.9
2026-08-16 16:23:54,100,Highly Attentive,Forward,True,1729,10.9
2026-08-16 16:23:55,100,Highly Attentive,Forward,True,1729,10.9
2026-08-16 16:23:56,100,Highly Attentive,Forward,True,1729,10.9
2026-08-16 16:23:57,100,Highly Attentive,Forward,True,1729,10.9
2026-08-16 16:23:58,100,Highly Attentive,Forward,True,1729,10.9
2026-08-16 16:23:59,100,Highly Attentive,Forward,True,1729,10.9
2026-08-16 16:24:00,100,Highly Attentive,Forward,True,1729,10.9
2026-08-16 16:24:01,100,Highly Attentive,Forward,True,1729,10.9
2026-08-16 16:24:02,100,Highly Attentive,Forward,True,1729,10.9
2026-08-16 16:24:03,100,Highly Attentive,Forward,True,1729,10.9
2026-08-16 16:24:04,100,Highly Attentive,Forward,True,1729,10.9
2026-08-16 16:24:05,98,Highly Attentive,Forward,True,1730,10.9
2026-08-16 16:24:06,100,Highly Attentive,Forward,True,1730,10.9
2026-08-16 16:24:07,100,Highly Attentive,Forward,True,1730,10.9
2026-08-16 16:24:08,100,Highly Attentive,Forward,True,1730,10.9
2026-08-16 16:24:09,100,Highly Attentive,Forward,True,1730,10.9
2026-08-16 16:24:10,100,Highly Attentive,Forward,True,1730,10.8
2026-08-16 16:24:11,100,Highly Attentive,Forward,True,1730,10.8
2026-08-16 16:24:12,100,Highly Attentive,Forward,True,1730,10.8
2026-08-16 16:24:13,100,Highly Attentive,Forward,True,1730,10.8
2026-08-16 16:24:14,100,Highly Attentive,Forward,True,1730,10.8
2026-08-16 16:24:15,100,Highly Attentive,Forward,True,1730,10.8
2026-08-16 16:24:16,100,Highly Attentive,Forward,True,1730,10.8
2026-08-16 16:24:17,100,Highly Attentive,Forward,True,1730,10.8
2026-08-16 16:24:18,100,Highly Attentive,Forward,True,1730,10.8
2026-08-16 16:24:19,98,Highly Attentive,Forward,False,1730,10.8
2026-08-16 16:24:20,100,Highly Attentive,Forward,True,1731,10.8
2026-08-16 16:24:21,100,Highly Attentive,Forward,True,1731,10.8
2026-08-16 16:24:22,100,Highly Attentive,Forward,True,1731,10.8
2026-08-16 16:24:23,100,Highly Attentive,Forward,True,1731,10.8
2026-08-16 16:24:24,100,Highly Attentive,Forward,True,1731,10.8
2026-08-16 16:24:26,100,Highly Attentive,Forward,True,1731,10.8
2026-08-16 16:24:27,100,Highly Attentive,Forward,True,1731,10.8
2026-08-16 16:24:28,100,Highly Attentive,Forward,True,1731,10.8
2026-08-16 16:24:29,100,Highly Attentive,Forward,True,1731,10.8
2026-08-16 16:24:30,100,Highly Attentive,Forward,True,1731,10.8
2026-08-16 16:24:31,100,Highly Attentive,Forward,True,1731,10.8
2026-08-16 16:24:32,100,Highly Attentive,Forward,True,1731,10.8
2026-08-16 16:24:33,100,Highly Attentive,Forward,True,1731,10.8
2026-08-16 16:24:34,100,Highly Attentive,Forward,True,1731,10.8
2026-08-16 16:24:35,100,Highly Attentive,Forward,True,1731,10.8
2026-08-16 16:24:36,100,Highly Attentive,Forward,True,1731,10.8
2026-08-16 16:24:37,100,Highly Attentive,Forward,True,1731,10.8
2026-08-16 16:24:38,100,Highly Attentive,Forward,True,1731,10.8
2026-08-16 16:24:39,99,Highly Attentive,Forward,True,1731,10.8
2026-08-16 16:24:40,100,Highly Attentive,Forward,True,1731,10.8
2026-08-16 16:24:41,100,Highly Attentive,Forward,True,1731,10.8
2026-08-16 16:24:42,100,Highly Attentive,Forward,True,1731,10.8
2026-08-16 16:24:43,100,Highly Attentive,Forward,True,1731,10.8
2026-08-16 16:24:44,100,Highly Attentive,Forward,True,1731,10.8
2026-08-16 16:24:45,100,Highly Attentive,Forward,True,1731,10.8
2026-08-16 16:24:46,97,Highly Attentive,Forward,True,1731,10.8
2026-08-16 16:24:47,98,Highly Attentive,Forward,True,1732,10.8
2026-08-16 16:24:48,100,Highly Attentive,Forward,True,1732,10.8
2026-08-16 16:24:49,100,Highly Attentive,Forward,True,1732,10.8
2026-08-16 16:24:50,100,Highly Attentive,Forward,True,1732,10.8
2026-08-16 16:24:51,100,Highly Attentive,Forward,True,1732,10.8
2026-08-16 16:24:52,100,Highly Attentive,Forward,True,1732,10.8
2026-08-16 16:24:53,100,Highly Attentive,Forward,True,1732,10.8
2026-08-16 16:24:54,100,Highly Attentive,Forward,True,1732,10.8
2026-08-16 16:24:55,100,Highly Attentive,Forward,True,1732,10.8
2026-08-16 16:24:56,100,Highly Attentive,Forward,True,1732,10.8
2026-08-16 16:24:57,100,Highly Attentive,Forward,True,1732,10.8
2026-08-16 16:24:58,100,Highly Attentive,Forward,True,1732,10.8
2026-08-16 16:24:59,100,Highly Attentive,Forward,True,1732,10.8
2026-08-16 16:25:00,100,Highly Attentive,Forward,True,1732,10.8
2026-08-16 16:25:01,100,Highly Attentive,Forward,True,1732,10.8
2026-08-16 16:25:02,100,Highly Attentive,Forward,True,1732,10.8
2026-08-16 16:25:03,100,Highly Attentive,Forward,True,1732,10.8
2026-08-16 16:25:04,100,Highly Attentive,Forward,True,1732,10.8
2026-08-16 16:25:05,100,Highly Attentive,Forward,True,1732,10.8
2026-08-16 16:25:06,100,Highly Attentive,Forward,True,1732,10.8
2026-08-16 16:25:07,99,Highly Attentive,Forward,True,1732,10.8
2026-08-16 16:25:08,100,Highly Attentive,Forward,True,1732,10.8
2026-08-16 16:25:09,97,Highly Attentive,Forward,True,1733,10.8
2026-08-16 16:25:11,94,Highly Attentive,Down,True,1733,10.8
2026-08-16 16:25:12,77,Attentive,Forward,True,1733,10.8
2026-08-16 16:25:13,82,Attentive,Right,True,1735,10.8
2026-08-16 16:25:14,64,Slightly Distracted,Left,True,1735,10.8
2026-08-16 16:25:15,52,Slightly Distracted,Left,False,1738,10.8
2026-08-16 16:25:16,69,Slightly Distracted,Forward,False,1740,10.8
2026-08-16 16:25:17,96,Highly Attentive,Forward,False,1741,10.8
2026-08-16 16:25:18,95,Highly Attentive,Forward,True,1744,10.9
2026-08-16 16:25:19,99,Highly Attentive,Forward,True,1744,10.9
2026-08-16 16:25:20,86,Highly Attentive,Forward,False,1745,10.9
2026-08-16 16:25:21,97,Highly Attentive,Forward,True,1747,10.9
2026-08-16 16:25:22,100,Highly Attentive,Forward,True,1747,10.9
2026-08-16 16:25:23,97,Highly Attentive,Forward,True,1748,10.9
2026-08-16 16:25:24,81,Attentive,Left,False,1751,10.9
2026-08-16 16:25:25,52,Slightly Distracted,Left,True,1752,10.9
2026-08-16 16:25:26,54,Slightly Distracted,Left,True,1755,10.9
2026-08-16 16:25:27,62,Slightly Distracted,Left,False,1755,10.9
2026-08-16 16:25:28,60,Slightly Distracted,Left,False,1756,10.9
2026-08-16 16:25:29,62,Slightly Distracted,Left,True,1757,10.9
2026-08-16 16:25:30,65,Slightly Distracted,Left,True,1757,10.9
2026-08-16 16:25:31,65,Slightly Distracted,Left,True,1757,10.9
2026-08-16 16:25:32,92,Highly Attentive,Forward,True,1758,10.9
2026-08-16 16:25:33,98,Highly Attentive,Forward,True,1758,10.9
2026-08-16 16:25:34,100,Highly Attentive,Forward,True,1758,10.9
2026-08-16 16:25:35,82,Attentive,Right,True,1759,10.9
2026-08-16 16:25:36,72,Attentive,Forward,True,1760,10.9
2026-08-16 16:25:37,100,Highly Attentive,Forward,True,1760,10.9
2026-08-16 16:25:38,96,Highly Attentive,Forward,False,1760,10.9
2026-08-16 16:25:39,100,Highly Attentive,Forward,True,1761,10.9
2026-08-16 16:25:40,100,Highly Attentive,Forward,True,1761,10.9
2026-08-16 16:25:41,100,Highly Attentive,Forward,True,1761,10.9
2026-08-16 16:25:42,99,Highly Attentive,Forward,True,1761,10.9
2026-08-16 16:25:43,97,Highly Attentive,Forward,True,1762,10.9
2026-08-16 16:25:44,98,Highly Attentive,Forward,True,1763,10.9
2026-08-16 16:25:45,98,Highly Attentive,Forward,True,1764,11.0
2026-08-16 16:25:46,100,Highly Attentive,Forward,True,1764,11.0
2026-08-16 16:25:47,100,Highly Attentive,Forward,True,1764,11.0
2026-08-16 16:25:48,97,Highly Attentive,Forward,True,1765,11.0
2026-08-16 16:25:49,100,Highly Attentive,Forward,True,1765,11.0
2026-08-16 16:25:50,98,Highly Attentive,Forward,True,1766,11.0
2026-08-16 16:25:51,100,Highly Attentive,Forward,True,1766,11.0
2026-08-16 16:25:53,98,Highly Attentive,Forward,True,1767,11.0
2026-08-16 16:25:54,97,Highly Attentive,Forward,True,1768,11.0
2026-08-16 16:25:55,83,Attentive,Forward,False,1770,11.0
2026-08-16 16:25:56,66,Slightly Distracted,Down,True,1772,11.0
2026-08-16 16:25:57,61,Slightly Distracted,Right,True,1774,11.0
2026-08-16 16:25:58,65,Slightly Distracted,Right,True,1774,11.0
2026-08-16 16:25:59,62,Slightly Distracted,Right,True,1775,11.0
2026-08-16 16:26:00,64,Slightly Distracted,Down,True,1775,11.0
2026-08-16 16:26:01,98,Highly Attentive,Forward,True,1775,11.0
2026-08-16 16:26:02,70,Slightly Distracted,Left,True,1775,11.0
2026-08-16 16:26:03,65,Slightly Distracted,Left,True,1775,11.0
2026-08-16 16:26:04,65,Slightly Distracted,Left,True,1775,11.0
2026-08-16 16:26:05,98,Highly Attentive,Forward,True,1775,11.0
2026-08-16 16:26:06,100,Highly Attentive,Forward,True,1775,11.0
2026-08-16 16:26:07,96,Highly Attentive,Forward,True,1776,11.0
2026-08-16 16:26:08,100,Highly Attentive,Forward,True,1776,11.0
2026-08-16 16:26:09,100,Highly Attentive,Forward,True,1776,11.0
2026-08-16 16:26:10,100,Highly Attentive,Forward,True,1776,11.0
2026-08-16 16:26:11,100,Highly Attentive,Forward,True,1776,11.0
2026-08-16 16:26:12,99,Highly Attentive,Forward,True,1776,11.0
2026-08-16 16:26:13,100,Highly Attentive,Forward,True,1776,11.0
2026-08-16 16:26:14,100,Highly Attentive,Forward,True,1776,11.0
2026-08-16 16:26:15,100,Highly Attentive,Forward,True,1776,11.0
2026-08-16 16:26:16,100,Highly Attentive,Forward,True,1776,11.0
2026-08-16 16:26:17,100,Highly Attentive,Forward,True,1776,11.0
2026-08-16 16:26:18,100,Highly Attentive,Forward,True,1776,11.0
2026-08-16 16:26:19,98,Highly Attentive,Forward,True,1777,11.0
2026-08-16 16:26:20,100,Highly Attentive,Forward,True,1777,11.0
2026-08-16 16:26:21,100,Highly Attentive,Forward,True,1777,11.0
2026-08-16 16:26:22,100,Highly Attentive,Forward,True,1777,11.0
2026-08-16 16:26:23,73,Attentive,Forward,True,1777,11.0
2026-08-16 16:26:24,100,Highly Attentive,Forward,True,1777,11.0
2026-08-16 16:26:25,100,Highly Attentive,Forward,True,1777,11.0
2026-08-16 16:26:26,100,Highly Attentive,Forward,True,1777,11.0
2026-08-16 16:26:28,80,Attentive,Left,True,1777,11.0
2026-08-16 16:26:29,84,Attentive,Left,True,1777,11.0
2026-08-16 16:26:30,81,Attentive,Forward,True,1777,11.0
2026-08-16 16:26:31,100,Highly Attentive,Forward,True,1777,11.0
2026-08-16 16:26:32,100,Highly Attentive,Forward,True,1777,11.0
2026-08-16 16:26:33,100,Highly Attentive,Forward,True,1777,11.0
2026-08-16 16:26:34,100,Highly Attentive,Forward,True,1777,11.0
2026-08-16 16:26:35,100,Highly Attentive,Forward,True,1777,11.0
2026-08-16 16:26:36,97,Highly Attentive,Forward,True,1778,11.0
2026-08-16 16:26:37,100,Highly Attentive,Forward,True,1778,11.0
2026-08-16 16:26:38,100,Highly Attentive,Forward,True,1778,11.0
2026-08-16 16:26:39,95,Highly Attentive,Forward,True,1780,11.0
2026-08-16 16:26:40,100,Highly Attentive,Forward,True,1780,11.0
2026-08-16 16:26:41,100,Highly Attentive,Forward,True,1780,11.0
2026-08-16 16:26:42,100,Highly Attentive,Forward,True,1780,11.0
2026-08-16 16:26:43,96,Highly Attentive,Forward,True,1782,11.0
2026-08-16 16:26:44,100,Highly Attentive,Forward,True,1782,11.0
2026-08-16 16:26:45,100,Highly Attentive,Forward,True,1782,11.0
2026-08-16 16:26:46,100,Highly Attentive,Forward,True,1782,11.0
2026-08-16 16:26:47,100,Highly Attentive,Forward,True,1782,11.0
2026-08-16 16:26:48,100,Highly Attentive,Forward,True,1782,11.0
2026-08-16 16:26:49,97,Highly Attentive,Forward,True,1783,11.0
2026-08-16 16:26:50,100,Highly Attentive,Forward,True,1783,11.0
2026-08-16 16:26:51,100,Highly Attentive,Forward,True,1783,11.0
2026-08-16 16:26:52,100,Highly Attentive,Forward,True,1783,11.0
2026-08-16 16:26:53,100,Highly Attentive,Forward,True,1783,11.0
2026-08-16 16:26:54,100,Highly Attentive,Forward,True,1783,11.0
2026-08-16 16:26:55,98,Highly Attentive,Forward,True,1784,11.0
2026-08-16 16:26:56,97,Highly Attentive,Forward,True,1785,11.0
2026-08-16 16:26:57,95,Highly Attentive,Forward,True,1787,11.0
2026-08-16 16:26:58,100,Highly Attentive,Forward,True,1787,11.0
2026-08-16 16:26:59,100,Highly Attentive,Forward,True,1787,11.0
2026-08-16 16:27:00,99,Highly Attentive,Forward,True,1787,11.0
2026-08-16 16:27:01,100,Highly Attentive,Forward,True,1787,11.0
2026-08-16 16:27:02,63,Slightly Distracted,Left,True,1788,11.0
2026-08-16 16:27:03,64,Slightly Distracted,Left,True,1788,11.0
2026-08-16 16:27:04,62,Slightly Distracted,Left,True,1789,11.0
2026-08-16 16:27:05,65,Slightly Distracted,Left,True,1789,11.0
2026-08-16 16:27:06,65,Slightly Distracted,Left,True,1789,11.0
2026-08-16 16:27:07,65,Slightly Distracted,Left,True,1789,11.0
2026-08-16 16:27:08,65,Slightly Distracted,Left,True,1789,11.0
2026-08-16 16:27:09,65,Slightly Distracted,Down,True,1789,11.0
2026-08-16 16:27:10,65,Slightly Distracted,Forward,True,1790,11.0
2026-08-16 16:27:11,79,Attentive,Down,True,1790,11.0
2026-08-16 16:27:12,65,Slightly Distracted,Down,True,1790,11.0
2026-08-16 16:27:13,65,Slightly Distracted,Down,True,1790,11.0
2026-08-16 16:27:14,65,Slightly Distracted,Down,True,1790,11.0
2026-08-16 16:27:15,62,Slightly Distracted,Left,False,1790,11.0
2026-08-16 16:27:16,76,Attentive,Forward,True,1792,11.0
2026-08-16 16:27:18,85,Attentive,Forward,True,1792,11.0
2026-08-16 16:27:19,96,Highly Attentive,Down,True,1792,11.0
2026-08-16 16:27:20,64,Slightly Distracted,Down,True,1793,11.0
2026-08-16 16:27:21,65,Slightly Distracted,Down,True,1793,11.0
2026-08-16 16:27:22,65,Slightly Distracted,Down,True,1793,11.0
2026-08-16 16:27:23,62,Slightly Distracted,Down,True,1794,11.0
2026-08-16 16:27:24,65,Slightly Distracted,Down,True,1794,11.0
2026-08-16 16:27:25,65,Slightly Distracted,Down,True,1794,11.0
2026-08-16 16:27:26,77,Attentive,Forward,True,1794,11.0
2026-08-16 16:27:27,100,Highly Attentive,Forward,True,1794,11.0
2026-08-16 16:27:28,98,Highly Attentive,Forward,True,1794,11.0
2026-08-16 16:27:29,100,Highly Attentive,Forward,True,1794,11.0
2026-08-16 16:27:30,100,Highly Attentive,Forward,True,1794,11.0
2026-08-16 16:27:31,81,Attentive,Down,True,1794,11.0
2026-08-16 16:27:32,64,Slightly Distracted,Left,True,1794,11.0
2026-08-16 16:27:33,65,Slightly Distracted,Left,True,1794,11.0
2026-08-16 16:27:34,58,Slightly Distracted,Left,True,1795,11.0
2026-08-16 16:27:35,54,Slightly Distracted,Left,False,1795,11.0
2026-08-16 16:27:36,80,Attentive,Forward,False,1795,11.0
2026-08-16 16:27:37,81,Attentive,Forward,False,1796,11.0
2026-08-16 16:27:38,87,Highly Attentive,Forward,False,1797,11.0
2026-08-16 16:27:39,81,Attentive,Forward,False,1798,11.0
2026-08-16 16:27:40,67,Slightly Distracted,Down,False,1798,11.0
2026-08-16 16:27:41,46,Distracted,Down,True,1799,11.0
2026-08-16 16:27:42,53,Slightly Distracted,Down,False,1799,11.0
2026-08-16 16:27:43,48,Distracted,Down,True,1800,11.0
2026-08-16 16:27:44,65,Slightly Distracted,Down,True,1800,11.0
2026-08-16 16:27:45,65,Slightly Distracted,Down,True,1800,11.0
2026-08-16 16:27:46,49,Distracted,Down,False,1800,11.0
2026-08-16 16:27:47,45,Distracted,Down,False,1800,11.0
2026-08-16 16:27:48,45,Distracted,Down,False,1800,11.0
2026-08-16 16:27:49,58,Slightly Distracted,Down,False,1801,11.0
2026-08-16 16:27:50,61,Slightly Distracted,Down,True,1802,11.0
2026-08-16 16:27:51,48,Distracted,Down,False,1802,11.0
2026-08-16 16:27:52,45,Distracted,Down,False,1802,11.0
2026-08-16 16:27:53,53,Slightly Distracted,Down,False,1803,11.0
2026-08-16 16:27:54,45,Distracted,Down,False,1803,11.0
2026-08-16 16:27:55,57,Slightly Distracted,Forward,False,1804,11.1
2026-08-16 16:27:56,78,Attentive,Forward,False,1804,11.1
2026-08-16 16:27:57,60,Slightly Distracted,Down,False,1804,11.1
2026-08-16 16:27:58,45,Distracted,Down,False,1804,11.1
2026-08-16 16:27:59,45,Distracted,Down,False,1804,11.0
2026-08-16 16:28:00,45,Distracted,Down,False,1804,11.0
2026-08-16 16:28:01,45,Distracted,Down,False,1804,11.0
2026-08-16 16:28:02,45,Distracted,Down,False,1804,11.0
2026-08-16 16:28:03,45,Distracted,Down,False,1804,11.0
2026-08-16 16:28:04,45,Distracted,Down,False,1804,11.0
2026-08-16 16:28:05,45,Distracted,Down,False,1804,11.0
2026-08-16 16:28:06,45,Distracted,Down,False,1804,11.0
2026-08-16 16:28:08,52,Slightly Distracted,Down,False,1805,11.0
2026-08-16 16:28:09,45,Distracted,Down,False,1805,11.0
2026-08-16 16:28:10,46,Distracted,Down,False,1806,11.0
2026-08-16 16:28:11,56,Slightly Distracted,Down,True,1807,11.1
2026-08-16 16:28:12,54,Slightly Distracted,Down,False,1807,11.1
2026-08-16 16:28:13,45,Distracted,Down,False,1807,11.1
2026-08-16 16:28:14,45,Distracted,Down,False,1807,11.1
2026-08-16 16:28:15,45,Distracted,Down,False,1807,11.1
2026-08-16 16:28:16,45,Distracted,Down,False,1807,11.0
2026-08-16 16:28:17,45,Distracted,Down,False,1807,11.0
2026-08-16 16:28:18,45,Distracted,Down,False,1807,11.0
2026-08-16 16:28:19,45,Distracted,Down,False,1807,11.0
2026-08-16 16:28:20,45,Distracted,Down,False,1807,11.0
2026-08-16 16:28:21,45,Distracted,Down,False,1807,11.0
2026-08-16 16:28:22,45,Distracted,Down,False,1807,11.0
2026-08-16 16:28:23,45,Distracted,Down,False,1807,11.0
2026-08-16 16:28:24,45,Distracted,Down,False,1807,11.0
2026-08-16 16:28:25,45,Distracted,Down,False,1807,11.0
2026-08-16 16:28:26,45,Distracted,Down,False,1807,11.0
2026-08-16 16:28:27,45,Distracted,Down,False,1807,11.0
2026-08-16 16:28:28,45,Distracted,Down,False,1807,11.0
2026-08-16 16:28:29,45,Distracted,Down,False,1807,11.0
2026-08-16 16:28:30,56,Slightly Distracted,Down,True,1808,11.0
2026-08-16 16:28:31,59,Slightly Distracted,Down,True,1809,11.0
2026-08-16 16:28:32,65,Slightly Distracted,Down,True,1809,11.0
2026-08-16 16:28:33,90,Highly Attentive,Forward,True,1809,11.0
2026-08-16 16:28:34,100,Highly Attentive,Forward,True,1809,11.0
2026-08-16 16:28:35,81,Attentive,Forward,False,1809,11.0
2026-08-16 16:28:36,99,Highly Attentive,Forward,False,1810,11.0
2026-08-16 16:28:37,96,Highly Attentive,Forward,True,1811,11.0
2026-08-16 16:28:38,80,Attentive,Down,False,1811,11.0
2026-08-16 16:28:39,45,Distracted,Down,False,1811,11.0
2026-08-16 16:28:40,54,Slightly Distracted,Down,False,1812,11.1
2026-08-16 16:28:41,50,Slightly Distracted,Down,False,1813,11.1
2026-08-16 16:28:42,45,Distracted,Down,False,1813,11.1
2026-08-16 16:28:43,45,Distracted,Down,False,1813,11.1
2026-08-16 16:28:44,45,Distracted,Down,False,1813,11.1
2026-08-16 16:28:45,45,Distracted,Down,False,1813,11.1
2026-08-16 16:28:46,45,Distracted,Down,False,1813,11.1
2026-08-16 16:28:47,45,Distracted,Down,False,1813,11.0
2026-08-16 16:28:48,45,Distracted,Down,False,1813,11.0
2026-08-16 16:28:49,46,Distracted,Down,True,1814,11.1
2026-08-16 16:28:50,95,Highly Attentive,Forward,True,1814,11.1
2026-08-16 16:28:51,91,Highly Attentive,Forward,False,1815,11.1
2026-08-16 16:28:52,56,Slightly Distracted,Down,True,1816,11.1
2026-08-16 16:28:53,58,Slightly Distracted,Down,False,1816,11.1
2026-08-16 16:28:54,52,Slightly Distracted,Down,True,1817,11.1
2026-08-16 16:28:55,65,Slightly Distracted,Down,True,1817,11.1
2026-08-16 16:28:57,51,Slightly Distracted,Down,False,1817,11.1
2026-08-16 16:28:58,45,Distracted,Down,False,1817,11.1
2026-08-16 16:28:59,45,Distracted,Down,False,1817,11.1
2026-08-16 16:29:00,45,Distracted,Down,False,1817,11.1
2026-08-16 16:29:01,45,Distracted,Down,False,1817,11.1
2026-08-16 16:29:02,45,Distracted,Down,False,1817,11.1
2026-08-16 16:29:03,45,Distracted,Down,False,1817,11.1
2026-08-16 16:29:04,45,Distracted,Down,False,1817,11.1
2026-08-16 16:29:05,45,Distracted,Down,False,1817,11.1
2026-08-16 16:29:06,45,Distracted,Down,False,1817,11.1
2026-08-16 16:29:07,45,Distracted,Down,False,1817,11.1
2026-08-16 16:29:08,45,Distracted,Down,False,1817,11.1
2026-08-16 16:29:09,45,Distracted,Down,False,1817,11.1
2026-08-16 16:29:10,46,Distracted,Down,False,1818,11.1
2026-08-16 16:29:11,49,Distracted,Down,False,1820,11.1
2026-08-16 16:29:12,48,Distracted,Down,True,1823,11.1
2026-08-16 16:29:13,52,Slightly Distracted,Down,False,1825,11.1
2026-08-16 16:29:14,54,Slightly Distracted,Down,False,1827,11.1
2026-08-16 16:29:15,57,Slightly Distracted,Down,False,1829,11.1
2026-08-16 16:29:16,64,Slightly Distracted,Down,True,1830,11.1
2026-08-16 16:29:17,65,Slightly Distracted,Down,True,1830,11.1
2026-08-16 16:29:18,58,Slightly Distracted,Down,False,1830,11.1
2026-08-16 16:29:19,46,Distracted,Down,False,1830,11.1
2026-08-16 16:29:20,45,Distracted,Down,False,1830,11.1
2026-08-16 16:29:21,45,Distracted,Down,False,1830,11.1
2026-08-16 16:29:22,45,Distracted,Down,False,1830,11.1
2026-08-16 16:29:23,45,Distracted,Down,False,1830,11.1
2026-08-16 16:29:24,45,Distracted,Down,False,1830,11.1
2026-08-16 16:29:25,45,Distracted,Down,False,1830,11.1
2026-08-16 16:29:26,45,Distracted,Down,False,1830,11.1
2026-08-16 16:29:27,45,Distracted,Down,False,1830,11.1
2026-08-16 16:29:28,45,Distracted,Down,False,1830,11.1
2026-08-16 16:29:29,45,Distracted,Down,False,1830,11.1
2026-08-16 16:29:30,45,Distracted,Down,False,1830,11.1
2026-08-16 16:29:31,45,Distracted,Down,False,1830,11.1
2026-08-16 16:29:32,45,Distracted,Down,False,1830,11.1
2026-08-16 16:29:33,45,Distracted,Down,False,1830,11.1
2026-08-16 16:29:34,45,Distracted,Down,False,1830,11.1
2026-08-16 16:29:35,58,Slightly Distracted,Down,True,1832,11.1
2026-08-16 16:29:36,65,Slightly Distracted,Down,True,1832,11.1
2026-08-16 16:29:37,58,Slightly Distracted,Down,False,1833,11.1
2026-08-16 16:29:38,62,Slightly Distracted,Down,True,1834,11.1
2026-08-16 16:29:39,65,Slightly Distracted,Down,True,1834,11.1
2026-08-16 16:29:40,65,Slightly Distracted,Down,True,1834,11.1
2026-08-16 16:29:41,65,Slightly Distracted,Down,True,1834,11.1
2026-08-16 16:29:42,65,Slightly Distracted,Down,True,1834,11.1
2026-08-16 16:29:43,65,Slightly Distracted,Down,True,1834,11.1
2026-08-16 16:29:44,64,Slightly Distracted,Down,True,1834,11.1
2026-08-16 16:29:46,65,Slightly Distracted,Down,True,1834,11.1
2026-08-16 16:29:47,65,Slightly Distracted,Down,True,1834,11.1
2026-08-16 16:29:48,72,Attentive,Forward,True,1834,11.1
2026-08-16 16:29:49,76,Attentive,Forward,False,1834,11.1
2026-08-16 16:29:50,80,Attentive,Forward,False,1834,11.1
2026-08-16 16:29:51,80,Attentive,Forward,False,1834,11.1
2026-08-16 16:29:52,95,Highly Attentive,Forward,True,1835,11.1
2026-08-16 16:29:53,97,Highly Attentive,Forward,True,1836,11.1
2026-08-16 16:29:54,85,Highly Attentive,Forward,True,1838,11.1
2026-08-16 16:29:55,100,Highly Attentive,Forward,True,1838,11.1
2026-08-16 16:29:56,95,Highly Attentive,Forward,False,1838,11.1
2026-08-16 16:29:57,80,Attentive,Forward,False,1838,11.1
2026-08-16 16:29:58,83,Attentive,Forward,True,1839,11.1
2026-08-16 16:29:59,82,Attentive,Forward,False,1839,11.1
2026-08-16 16:30:00,80,Attentive,Forward,False,1839,11.1
2026-08-16 16:30:01,83,Attentive,Forward,False,1843,11.1
2026-08-16 16:30:02,54,Slightly Distracted,Down,False,1843,11.1
2026-08-16 16:30:03,60,Slightly Distracted,Down,True,1844,11.2
2026-08-16 16:30:04,65,Slightly Distracted,Down,True,1844,11.2
2026-08-16 16:30:05,65,Slightly Distracted,Down,True,1844,11.2
2026-08-16 16:30:06,65,Slightly Distracted,Down,True,1844,11.1
2026-08-16 16:30:07,65,Slightly Distracted,Down,True,1844,11.1
2026-08-16 16:30:08,63,Slightly Distracted,Down,True,1845,11.2
2026-08-16 16:30:09,61,Slightly Distracted,Down,True,1845,11.2
2026-08-16 16:30:10,64,Slightly Distracted,Down,True,1845,11.2
2026-08-16 16:30:11,60,Slightly Distracted,Down,True,1846,11.2
2026-08-16 16:30:12,56,Slightly Distracted,Down,True,1848,11.2
2026-08-16 16:30:13,54,Slightly Distracted,Down,True,1849,11.2
2026-08-16 16:30:14,52,Slightly Distracted,Down,True,1850,11.2
2026-08-16 16:30:15,50,Slightly Distracted,Down,False,1853,11.2
2026-08-16 16:30:16,59,Slightly Distracted,Down,False,1854,11.2
2026-08-16 16:30:17,45,Distracted,Down,False,1854,11.2
2026-08-16 16:30:18,45,Distracted,Down,False,1854,11.2
2026-08-16 16:30:19,45,Distracted,Down,False,1854,11.2
2026-08-16 16:30:20,48,Distracted,Down,True,1856,11.2
2026-08-16 16:30:23,57,Slightly Distracted,Down,True,1857,11.2
2026-08-16 16:30:24,55,Slightly Distracted,Down,True,1858,11.2
2026-08-16 16:30:25,52,Slightly Distracted,Down,False,1859,11.2
2026-08-16 16:30:26,62,Slightly Distracted,Down,True,1860,11.2
2026-08-16 16:30:27,65,Slightly Distracted,Down,True,1860,11.2
2026-08-16 16:30:29,60,Slightly Distracted,Down,False,1861,11.2
2026-08-16 16:30:30,61,Slightly Distracted,Down,True,1862,11.2
2026-08-16 16:30:31,66,Slightly Distracted,Forward,False,1864,11.2
2026-08-16 16:30:32,83,Attentive,Forward,False,1864,11.2
2026-08-16 16:30:33,89,Highly Attentive,Forward,True,1865,11.2
2026-08-16 16:30:34,62,Slightly Distracted,Down,False,1865,11.2
2026-08-16 16:30:35,45,Distracted,Down,False,1865,11.2
2026-08-16 16:30:36,45,Distracted,Down,False,1865,11.2
2026-08-16 16:30:37,45,Distracted,Down,False,1865,11.2
2026-08-16 16:30:38,64,Slightly Distracted,Down,True,1866,11.2
2026-08-16 16:30:39,58,Slightly Distracted,Down,True,1867,11.3
2026-08-16 16:30:40,58,Slightly Distracted,Down,True,1869,11.3
2026-08-16 16:30:41,58,Slightly Distracted,Down,False,1869,11.3
2026-08-16 16:30:42,64,Slightly Distracted,Down,True,1870,11.3
2026-08-16 16:30:43,65,Slightly Distracted,Down,True,1870,11.3
2026-08-16 16:30:44,65,Slightly Distracted,Down,True,1870,11.3
2026-08-16 16:30:45,64,Slightly Distracted,Down,True,1870,11.3
2026-08-16 16:30:46,65,Slightly Distracted,Down,True,1870,11.3
2026-08-16 16:30:47,54,Slightly Distracted,Down,False,1870,11.3
2026-08-16 16:30:48,47,Distracted,Down,False,1872,11.3
2026-08-16 16:30:49,45,Distracted,Down,False,1872,11.3
2026-08-16 16:30:50,45,Distracted,Down,False,1872,11.3
2026-08-16 16:30:51,45,Distracted,Down,False,1872,11.3
2026-08-16 16:30:52,45,Distracted,Down,False,1872,11.3
2026-08-16 16:30:53,60,Slightly Distracted,Down,False,1873,11.3
2026-08-16 16:30:54,58,Slightly Distracted,Forward,False,1875,11.3
2026-08-16 16:30:55,82,Attentive,Down,False,1875,11.3
2026-08-16 16:30:56,54,Slightly Distracted,Down,True,1876,11.3
2026-08-16 16:30:57,65,Slightly Distracted,Down,True,1876,11.3
2026-08-16 16:30:58,65,Slightly Distracted,Down,True,1876,11.3
2026-08-16 16:30:59,50,Distracted,Down,False,1876,11.3
2026-08-16 16:31:00,45,Distracted,Right,False,1876,11.3
2026-08-16 16:31:03,46,Distracted,Right,True,1878,11.3
2026-08-16 16:31:04,57,Slightly Distracted,Right,True,1879,11.3
2026-08-16 16:31:05,58,Slightly Distracted,Right,False,1879,11.3
2026-08-16 16:31:06,63,Slightly Distracted,Down,True,1880,11.3
2026-08-16 16:31:07,59,Slightly Distracted,Down,False,1880,11.3
2026-08-16 16:31:08,50,Slightly Distracted,Right,True,1881,11.3
2026-08-16 16:31:09,64,Slightly Distracted,Down,False,1881,11.3
2026-08-16 16:31:10,48,Distracted,Down,True,1882,11.3
2026-08-16 16:31:11,61,Slightly Distracted,Right,True,1883,11.3
2026-08-16 16:31:12,63,Slightly Distracted,Right,False,1883,11.3
2026-08-16 16:31:13,49,Distracted,Down,False,1884,11.3
2026-08-16 16:31:14,46,Distracted,Down,False,1885,11.3
2026-08-16 16:31:16,55,Slightly Distracted,Down,True,1888,11.3
2026-08-16 16:31:17,65,Slightly Distracted,Down,True,1888,11.3
2026-08-16 16:31:18,56,Slightly Distracted,Down,False,1888,11.3
2026-08-16 16:31:19,49,Distracted,Down,True,1891,11.4
2026-08-16 16:31:20,46,Distracted,Down,False,1892,11.4
2026-08-16 16:31:21,48,Distracted,Down,False,1893,11.4
2026-08-16 16:31:22,45,Distracted,Down,False,1893,11.4
2026-08-16 16:31:23,45,Distracted,Down,False,1893,11.4
2026-08-16 16:31:24,47,Distracted,Down,False,1896,11.4
2026-08-16 16:31:25,45,Distracted,Down,False,1896,11.4
2026-08-16 16:31:26,45,Distracted,Down,False,1896,11.4
2026-08-16 16:31:27,53,Slightly Distracted,Down,True,1897,11.4
2026-08-16 16:31:28,68,Slightly Distracted,Forward,True,1898,11.4
2026-08-16 16:31:29,86,Highly Attentive,Down,False,1898,11.4
2026-08-16 16:31:30,56,Slightly Distracted,Down,False,1901,11.4
2026-08-16 16:31:31,59,Slightly Distracted,Down,True,1903,11.4
2026-08-16 16:31:32,63,Slightly Distracted,Down,True,1903,11.4
2026-08-16 16:31:33,63,Slightly Distracted,Right,True,1903,11.4
2026-08-16 16:31:34,58,Slightly Distracted,Right,True,1904,11.4
2026-08-16 16:31:35,65,Slightly Distracted,Down,True,1904,11.4
2026-08-16 16:31:36,62,Slightly Distracted,Right,True,1904,11.4
2026-08-16 16:31:37,54,Slightly Distracted,Right,False,1908,11.4
2026-08-16 16:31:38,47,Distracted,Down,True,1909,11.4
2026-08-16 16:31:39,46,Distracted,Down,False,1909,11.4
2026-08-16 16:31:40,46,Distracted,Down,True,1910,11.4
2026-08-16 16:31:41,64,Slightly Distracted,Right,True,1910,11.4
2026-08-16 16:31:42,65,Slightly Distracted,Down,True,1910,11.4
2026-08-16 16:31:43,65,Slightly Distracted,Right,True,1910,11.4
2026-08-16 16:31:44,65,Slightly Distracted,Right,True,1910,11.4
2026-08-16 16:31:45,56,Slightly Distracted,Right,False,1911,11.4
2026-08-16 16:31:46,58,Slightly Distracted,Right,True,1912,11.4
2026-08-16 16:31:47,61,Slightly Distracted,Right,True,1913,11.5
2026-08-16 16:31:48,65,Slightly Distracted,Down,True,1913,11.4
2026-08-16 16:31:49,74,Attentive,Left,False,1914,11.5
2026-08-16 16:31:50,65,Slightly Distracted,Left,True,1914,11.5
2026-08-16 16:31:51,57,Slightly Distracted,Left,True,1916,11.5
2026-08-16 16:31:52,64,Slightly Distracted,Down,True,1916,11.5
2026-08-16 16:31:53,59,Slightly Distracted,Down,False,1917,11.5
2026-08-16 16:31:54,82,Attentive,Forward,True,1920,11.5
2026-08-16 16:31:55,84,Attentive,Left,True,1920,11.5
2026-08-16 16:31:56,88,Highly Attentive,Forward,True,1921,11.5
2026-08-16 16:31:57,100,Highly Attentive,Forward,True,1921,11.5
2026-08-16 16:31:58,100,Highly Attentive,Forward,True,1921,11.5
2026-08-16 16:31:59,100,Highly Attentive,Forward,True,1921,11.5
2026-08-16 16:32:00,100,Highly Attentive,Forward,True,1921,11.5
2026-08-16 16:32:01,100,Highly Attentive,Forward,True,1921,11.5
2026-08-16 16:32:02,100,Highly Attentive,Forward,True,1921,11.5
2026-08-16 16:32:04,96,Highly Attentive,Forward,True,1923,11.5
2026-08-16 16:32:05,100,Highly Attentive,Forward,True,1923,11.5
2026-08-16 16:32:06,100,Highly Attentive,Forward,True,1923,11.5
2026-08-16 16:32:07,100,Highly Attentive,Forward,True,1923,11.5
2026-08-16 16:32:08,96,Highly Attentive,Left,True,1923,11.5
2026-08-16 16:32:09,65,Slightly Distracted,Left,True,1923,11.5
2026-08-16 16:32:10,81,Attentive,Forward,True,1923,11.5
2026-08-16 16:32:11,100,Highly Attentive,Forward,True,1923,11.5
2026-08-16 16:32:12,65,Slightly Distracted,Left,True,1923,11.5
2026-08-16 16:32:13,100,Highly Attentive,Forward,True,1923,11.5
2026-08-16 16:32:14,100,Highly Attentive,Forward,True,1923,11.5
2026-08-16 16:32:15,100,Highly Attentive,Forward,True,1923,11.5
2026-08-16 16:32:16,99,Highly Attentive,Forward,True,1923,11.5
2026-08-16 16:32:17,100,Highly Attentive,Forward,True,1923,11.5
2026-08-16 16:32:18,100,Highly Attentive,Forward,True,1923,11.5
2026-08-16 16:32:19,100,Highly Attentive,Forward,True,1923,11.5
2026-08-16 16:32:20,100,Highly Attentive,Forward,True,1923,11.5
2026-08-16 16:32:21,100,Highly Attentive,Forward,True,1923,11.5
2026-08-16 16:32:22,76,Attentive,Down,True,1923,11.5
2026-08-16 16:32:23,81,Attentive,Forward,True,1923,11.5
2026-08-16 16:32:24,100,Highly Attentive,Forward,True,1923,11.5
2026-08-16 16:32:25,100,Highly Attentive,Forward,True,1923,11.5
2026-08-16 16:32:26,98,Highly Attentive,Forward,True,1924,11.5
2026-08-16 16:32:27,100,Highly Attentive,Forward,True,1924,11.5
2026-08-16 16:32:28,100,Highly Attentive,Forward,True,1924,11.5
2026-08-16 16:32:29,98,Highly Attentive,Down,True,1924,11.5
2026-08-16 16:32:30,92,Highly Attentive,Forward,True,1924,11.5
2026-08-16 16:32:31,100,Highly Attentive,Forward,True,1924,11.5
2026-08-16 16:32:32,100,Highly Attentive,Forward,True,1924,11.5
2026-08-16 16:32:33,74,Attentive,Left,True,1924,11.5
2026-08-16 16:32:34,65,Slightly Distracted,Left,True,1924,11.5
2026-08-16 16:32:35,65,Slightly Distracted,Left,True,1924,11.5
2026-08-16 16:32:36,65,Slightly Distracted,Left,True,1924,11.5
2026-08-16 16:32:37,65,Slightly Distracted,Left,True,1924,11.5
2026-08-16 16:32:38,65,Slightly Distracted,Left,True,1924,11.5
2026-08-16 16:32:39,74,Attentive,Forward,True,1924,11.5
2026-08-16 16:32:40,100,Highly Attentive,Forward,True,1924,11.5
2026-08-16 16:32:41,86,Highly Attentive,Left,True,1924,11.5
2026-08-16 16:32:42,88,Highly Attentive,Forward,True,1924,11.5
2026-08-16 16:32:43,100,Highly Attentive,Forward,True,1924,11.5
2026-08-16 16:32:44,100,Highly Attentive,Forward,True,1924,11.5
2026-08-16 16:32:45,100,Highly Attentive,Forward,True,1924,11.4
2026-08-16 16:32:46,100,Highly Attentive,Forward,True,1924,11.4
2026-08-16 16:32:47,100,Highly Attentive,Forward,True,1924,11.4
2026-08-16 16:32:48,100,Highly Attentive,Forward,True,1924,11.4
2026-08-16 16:32:49,100,Highly Attentive,Forward,True,1924,11.4
2026-08-16 16:32:50,100,Highly Attentive,Forward,True,1924,11.4
2026-08-16 16:32:51,100,Highly Attentive,Forward,True,1924,11.4
2026-08-16 16:32:52,93,Highly Attentive,Left,True,1924,11.4
2026-08-16 16:32:54,65,Slightly Distracted,Left,True,1924,11.4
2026-08-16 16:32:55,65,Slightly Distracted,Left,True,1924,11.4
2026-08-16 16:32:56,65,Slightly Distracted,Left,True,1924,11.4
2026-08-16 16:32:57,65,Slightly Distracted,Left,True,1924,11.4
2026-08-16 16:32:58,65,Slightly Distracted,Left,True,1924,11.4
2026-08-16 16:32:59,65,Slightly Distracted,Left,True,1924,11.4
2026-08-16 16:33:00,65,Slightly Distracted,Left,True,1924,11.4
2026-08-16 16:33:01,64,Slightly Distracted,Left,True,1924,11.4
2026-08-16 16:33:02,65,Slightly Distracted,Left,True,1924,11.4
2026-08-16 16:33:03,65,Slightly Distracted,Left,True,1924,11.4
2026-08-16 16:33:04,65,Slightly Distracted,Left,True,1924,11.4
2026-08-16 16:33:05,84,Attentive,Forward,True,1924,11.4
2026-08-16 16:33:06,66,Slightly Distracted,Left,True,1924,11.4
2026-08-16 16:33:07,86,Highly Attentive,Forward,True,1924,11.4
2026-08-16 16:33:08,100,Highly Attentive,Forward,True,1924,11.4
2026-08-16 16:33:09,100,Highly Attentive,Forward,True,1924,11.4
2026-08-16 16:33:10,100,Highly Attentive,Forward,True,1924,11.4
2026-08-16 16:33:11,100,Highly Attentive,Forward,True,1924,11.4
2026-08-16 16:33:12,100,Highly Attentive,Forward,True,1924,11.4
2026-08-16 16:33:13,100,Highly Attentive,Forward,True,1924,11.4
2026-08-16 16:33:14,100,Highly Attentive,Forward,True,1924,11.4
2026-08-16 16:33:15,100,Highly Attentive,Forward,True,1924,11.4
2026-08-16 16:33:16,100,Highly Attentive,Forward,True,1924,11.4
2026-08-16 16:33:17,99,Highly Attentive,Forward,True,1924,11.4
2026-08-16 16:33:18,100,Highly Attentive,Forward,True,1924,11.4
2026-08-16 16:33:19,100,Highly Attentive,Forward,True,1924,11.4
2026-08-16 16:33:20,100,Highly Attentive,Forward,True,1924,11.4
2026-08-16 16:33:21,100,Highly Attentive,Forward,True,1924,11.4
2026-08-16 16:33:22,100,Highly Attentive,Forward,True,1924,11.4
2026-08-16 16:33:23,100,Highly Attentive,Forward,True,1924,11.4
2026-08-16 16:33:24,100,Highly Attentive,Forward,True,1924,11.4
2026-08-16 16:33:25,100,Highly Attentive,Forward,True,1924,11.4
2026-08-16 16:33:26,100,Highly Attentive,Forward,True,1924,11.4
2026-08-16 16:33:27,100,Highly Attentive,Forward,True,1924,11.4
2026-08-16 16:33:28,100,Highly Attentive,Forward,True,1924,11.4
2026-08-16 16:33:29,100,Highly Attentive,Forward,True,1924,11.4
2026-08-16 16:33:30,100,Highly Attentive,Forward,True,1924,11.4
2026-08-16 16:33:31,100,Highly Attentive,Forward,True,1924,11.4
2026-08-16 16:33:32,79,Attentive,Left,True,1924,11.4
2026-08-16 16:33:33,65,Slightly Distracted,Left,True,1924,11.4
2026-08-16 16:33:34,65,Slightly Distracted,Left,True,1924,11.4
2026-08-16 16:33:35,65,Slightly Distracted,Left,True,1924,11.4
2026-08-16 16:33:36,94,Highly Attentive,Forward,True,1924,11.4
2026-08-16 16:33:37,80,Attentive,Left,True,1924,11.4
2026-08-16 16:33:38,78,Attentive,Forward,True,1924,11.4
2026-08-16 16:33:39,100,Highly Attentive,Forward,True,1924,11.4
2026-08-16 16:33:40,100,Highly Attentive,Forward,True,1924,11.4
2026-08-16 16:33:41,100,Highly Attentive,Forward,True,1924,11.4
2026-08-16 16:33:43,100,Highly Attentive,Forward,True,1924,11.4
2026-08-16 16:33:44,98,Highly Attentive,Forward,True,1925,11.4
2026-08-16 16:33:45,100,Highly Attentive,Forward,True,1925,11.4
2026-08-16 16:33:46,100,Highly Attentive,Forward,True,1925,11.4
2026-08-16 16:33:47,100,Highly Attentive,Forward,True,1925,11.4
2026-08-16 16:33:48,100,Highly Attentive,Forward,True,1925,11.4
2026-08-16 16:33:49,100,Highly Attentive,Forward,True,1925,11.4
2026-08-16 16:33:50,100,Highly Attentive,Forward,True,1925,11.4
2026-08-16 16:33:51,100,Highly Attentive,Forward,True,1925,11.4
2026-08-16 16:33:52,100,Highly Attentive,Forward,True,1925,11.4
2026-08-16 16:33:53,100,Highly Attentive,Forward,True,1925,11.4
2026-08-16 16:33:54,100,Highly Attentive,Forward,True,1925,11.4
2026-08-16 16:33:55,100,Highly Attentive,Forward,True,1925,11.4
2026-08-16 16:33:56,100,Highly Attentive,Forward,True,1925,11.4
2026-08-16 16:33:57,100,Highly Attentive,Forward,True,1925,11.4
2026-08-16 16:33:58,100,Highly Attentive,Forward,True,1925,11.4
2026-08-16 16:33:59,100,Highly Attentive,Forward,True,1925,11.4
2026-08-16 16:34:00,100,Highly Attentive,Forward,True,1925,11.4
2026-08-16 16:34:01,100,Highly Attentive,Forward,True,1925,11.4
2026-08-16 16:34:02,93,Highly Attentive,Forward,True,1925,11.4
2026-08-16 16:34:03,100,Highly Attentive,Forward,True,1925,11.4
2026-08-16 16:34:04,100,Highly Attentive,Forward,True,1925,11.4
2026-08-16 16:34:05,100,Highly Attentive,Forward,True,1925,11.4
2026-08-16 16:34:06,100,Highly Attentive,Forward,True,1925,11.4
2026-08-16 16:34:07,100,Highly Attentive,Forward,True,1925,11.4
2026-08-16 16:34:08,100,Highly Attentive,Forward,True,1925,11.4
2026-08-16 16:34:09,100,Highly Attentive,Forward,True,1925,11.4
2026-08-16 16:34:10,100,Highly Attentive,Forward,True,1925,11.4
2026-08-16 16:34:11,100,Highly Attentive,Forward,True,1925,11.4
2026-08-16 16:34:12,100,Highly Attentive,Forward,True,1925,11.4
2026-08-16 16:34:13,100,Highly Attentive,Forward,True,1925,11.4
2026-08-16 16:34:14,100,Highly Attentive,Forward,True,1925,11.4
2026-08-16 16:34:15,100,Highly Attentive,Forward,True,1925,11.4
2026-08-16 16:34:16,100,Highly Attentive,Forward,True,1925,11.4
2026-08-16 16:34:17,100,Highly Attentive,Forward,True,1925,11.4
2026-08-16 16:34:18,100,Highly Attentive,Forward,True,1925,11.4
2026-08-16 16:34:19,100,Highly Attentive,Forward,True,1925,11.3
2026-08-16 16:34:20,100,Highly Attentive,Forward,True,1925,11.3
2026-08-16 16:34:21,87,Highly Attentive,Forward,False,1926,11.4
2026-08-16 16:34:22,90,Highly Attentive,Forward,True,1927,11.4
2026-08-16 16:34:23,100,Highly Attentive,Forward,True,1927,11.4
2026-08-16 16:34:24,100,Highly Attentive,Forward,True,1927,11.4
2026-08-16 16:34:25,99,Highly Attentive,Forward,False,1927,11.4
2026-08-16 16:34:26,92,Highly Attentive,Forward,True,1929,11.4
2026-08-16 16:34:27,99,Highly Attentive,Forward,True,1929,11.4
2026-08-16 16:34:28,97,Highly Attentive,Forward,True,1930,11.4
2026-08-16 16:34:29,100,Highly Attentive,Forward,True,1930,11.4
2026-08-16 16:34:30,100,Highly Attentive,Forward,True,1930,11.4
2026-08-16 16:34:32,100,Highly Attentive,Forward,True,1930,11.4
2026-08-16 16:34:33,100,Highly Attentive,Forward,True,1930,11.4
2026-08-16 16:34:34,100,Highly Attentive,Forward,True,1930,11.4
2026-08-16 16:34:35,99,Highly Attentive,Forward,False,1930,11.4
2026-08-16 16:34:36,99,Highly Attentive,Forward,True,1931,11.4
2026-08-16 16:34:37,100,Highly Attentive,Forward,True,1931,11.4
2026-08-16 16:34:38,100,Highly Attentive,Forward,True,1931,11.4
2026-08-16 16:34:39,100,Highly Attentive,Forward,True,1931,11.4
2026-08-16 16:34:40,100,Highly Attentive,Forward,True,1931,11.4
2026-08-16 16:34:41,100,Highly Attentive,Forward,True,1931,11.4
2026-08-16 16:34:42,100,Highly Attentive,Forward,True,1931,11.4
2026-08-16 16:34:43,100,Highly Attentive,Forward,True,1931,11.4
2026-08-16 16:34:44,100,Highly Attentive,Forward,True,1931,11.4
2026-08-16 16:34:45,98,Highly Attentive,Forward,True,1932,11.4
2026-08-16 16:34:46,100,Highly Attentive,Forward,True,1932,11.4
2026-08-16 16:34:47,100,Highly Attentive,Forward,True,1932,11.4
2026-08-16 16:34:48,100,Highly Attentive,Forward,True,1932,11.4
2026-08-16 16:34:49,100,Highly Attentive,Forward,True,1932,11.4
2026-08-16 16:34:50,100,Highly Attentive,Forward,True,1932,11.4
2026-08-16 16:34:51,98,Highly Attentive,Forward,True,1933,11.4
2026-08-16 16:34:52,100,Highly Attentive,Forward,True,1933,11.4
2026-08-16 16:34:53,100,Highly Attentive,Forward,True,1933,11.4
2026-08-16 16:34:54,100,Highly Attentive,Forward,True,1933,11.4
2026-08-16 16:34:55,100,Highly Attentive,Forward,True,1933,11.4
2026-08-16 16:34:56,100,Highly Attentive,Forward,True,1933,11.4
2026-08-16 16:34:57,100,Highly Attentive,Forward,True,1933,11.4
2026-08-16 16:34:58,100,Highly Attentive,Forward,True,1933,11.4
2026-08-16 16:34:59,97,Highly Attentive,Forward,True,1934,11.4
2026-08-16 16:35:00,98,Highly Attentive,Forward,True,1935,11.4
2026-08-16 16:35:01,92,Highly Attentive,Forward,True,1935,11.4
2026-08-16 16:35:02,85,Highly Attentive,Forward,True,1935,11.4
2026-08-16 16:35:03,89,Highly Attentive,Forward,True,1935,11.4
2026-08-16 16:35:04,95,Highly Attentive,Forward,True,1937,11.4
2026-08-16 16:35:05,87,Highly Attentive,Forward,True,1938,11.4
2026-08-16 16:35:06,80,Attentive,Forward,True,1940,11.4
2026-08-16 16:35:07,85,Highly Attentive,Forward,True,1940,11.4
2026-08-16 16:35:08,82,Attentive,Forward,True,1941,11.4
2026-08-16 16:35:09,79,Attentive,Forward,True,1943,11.4
2026-08-16 16:35:10,77,Attentive,Forward,True,1945,11.4
2026-08-16 16:35:11,75,Attentive,Forward,True,1946,11.4
2026-08-16 16:35:12,85,Highly Attentive,Forward,True,1946,11.4
2026-08-16 16:35:13,97,Highly Attentive,Forward,True,1946,11.4
2026-08-16 16:35:14,100,Highly Attentive,Forward,True,1946,11.4
2026-08-16 16:35:15,99,Highly Attentive,Forward,True,1946,11.4
2026-08-16 16:35:16,100,Highly Attentive,Forward,True,1946,11.4
2026-08-16 16:35:17,98,Highly Attentive,Forward,True,1947,11.4
2026-08-16 16:35:18,100,Highly Attentive,Forward,True,1947,11.4
2026-08-16 16:35:19,100,Highly Attentive,Forward,True,1947,11.4
2026-08-16 16:35:20,100,Highly Attentive,Forward,True,1947,11.4
2026-08-16 16:35:22,100,Highly Attentive,Forward,True,1947,11.4
2026-08-16 16:35:23,100,Highly Attentive,Forward,True,1947,11.4
2026-08-16 16:35:24,100,Highly Attentive,Forward,True,1947,11.4
2026-08-16 16:35:25,100,Highly Attentive,Forward,True,1947,11.4
2026-08-16 16:35:26,99,Highly Attentive,Forward,True,1947,11.4
2026-08-16 16:35:27,100,Highly Attentive,Forward,True,1947,11.4
2026-08-16 16:35:28,100,Highly Attentive,Forward,True,1947,11.4
2026-08-16 16:35:29,100,Highly Attentive,Forward,True,1947,11.4
2026-08-16 16:35:30,86,Highly Attentive,Forward,True,1947,11.4
2026-08-16 16:35:31,85,Highly Attentive,Forward,True,1947,11.4
2026-08-16 16:35:32,85,Highly Attentive,Forward,True,1947,11.4
2026-08-16 16:35:33,97,Highly Attentive,Forward,True,1947,11.4
2026-08-16 16:35:34,100,Highly Attentive,Forward,True,1947,11.4
2026-08-16 16:35:35,100,Highly Attentive,Forward,True,1947,11.4
2026-08-16 16:35:36,100,Highly Attentive,Forward,True,1947,11.4
2026-08-16 16:35:37,98,Highly Attentive,Forward,True,1948,11.4
2026-08-16 16:35:38,97,Highly Attentive,Forward,True,1949,11.4
2026-08-16 16:35:39,100,Highly Attentive,Forward,True,1949,11.4
2026-08-16 16:35:40,100,Highly Attentive,Forward,True,1949,11.4
2026-08-16 16:35:41,100,Highly Attentive,Forward,True,1949,11.4
2026-08-16 16:35:42,100,Highly Attentive,Forward,True,1949,11.4
2026-08-16 16:35:43,100,Highly Attentive,Forward,True,1949,11.4
2026-08-16 16:35:44,100,Highly Attentive,Forward,True,1949,11.4
2026-08-16 16:35:45,100,Highly Attentive,Forward,True,1949,11.4
2026-08-16 16:35:46,100,Highly Attentive,Forward,True,1949,11.4
2026-08-16 16:35:47,97,Highly Attentive,Forward,True,1950,11.4
2026-08-16 16:35:48,100,Highly Attentive,Forward,True,1950,11.4
2026-08-16 16:35:49,100,Highly Attentive,Forward,True,1950,11.4
2026-08-16 16:35:50,100,Highly Attentive,Forward,True,1950,11.4
2026-08-16 16:35:51,100,Highly Attentive,Forward,True,1950,11.4
2026-08-16 16:35:52,100,Highly Attentive,Forward,True,1950,11.4
2026-08-16 16:35:53,100,Highly Attentive,Forward,True,1950,11.4
2026-08-16 16:35:54,99,Highly Attentive,Forward,True,1950,11.4
2026-08-16 16:35:55,89,Highly Attentive,Forward,True,1951,11.4
2026-08-16 16:35:56,100,Highly Attentive,Forward,True,1951,11.4
2026-08-16 16:35:57,94,Highly Attentive,Forward,True,1952,11.4
2026-08-16 16:35:58,98,Highly Attentive,Forward,True,1953,11.4
2026-08-16 16:35:59,100,Highly Attentive,Forward,True,1953,11.4
2026-08-16 16:36:00,100,Highly Attentive,Forward,True,1953,11.4
2026-08-16 16:36:01,71,Attentive,Down,True,1953,11.4
2026-08-16 16:36:02,65,Slightly Distracted,Down,True,1953,11.4
2026-08-16 16:36:03,76,Attentive,Forward,True,1953,11.4
2026-08-16 16:36:04,100,Highly Attentive,Forward,True,1953,11.4
2026-08-16 16:36:05,100,Highly Attentive,Forward,True,1953,11.4
2026-08-16 16:36:06,99,Highly Attentive,Forward,True,1953,11.4
2026-08-16 16:36:07,100,Highly Attentive,Forward,True,1953,11.4
2026-08-16 16:36:08,100,Highly Attentive,Forward,True,1953,11.4
2026-08-16 16:36:09,100,Highly Attentive,Forward,True,1953,11.4
2026-08-16 16:36:10,100,Highly Attentive,Forward,True,1953,11.4
2026-08-16 16:36:11,99,Highly Attentive,Forward,True,1953,11.4
2026-08-16 16:36:13,100,Highly Attentive,Forward,True,1953,11.4
2026-08-16 16:36:14,100,Highly Attentive,Forward,True,1953,11.4
2026-08-16 16:36:15,100,Highly Attentive,Forward,True,1953,11.4
2026-08-16 16:36:16,100,Highly Attentive,Forward,True,1953,11.4
2026-08-16 16:36:17,100,Highly Attentive,Forward,True,1953,11.4
2026-08-16 16:36:18,98,Highly Attentive,Forward,True,1954,11.4
2026-08-16 16:36:19,100,Highly Attentive,Forward,True,1954,11.4
2026-08-16 16:36:20,98,Highly Attentive,Forward,True,1955,11.4
2026-08-16 16:36:21,100,Highly Attentive,Forward,True,1955,11.4
2026-08-16 16:36:22,100,Highly Attentive,Forward,True,1955,11.4
2026-08-16 16:36:23,100,Highly Attentive,Forward,True,1955,11.4
2026-08-16 16:36:24,100,Highly Attentive,Forward,True,1955,11.4
2026-08-16 16:36:25,100,Highly Attentive,Forward,True,1955,11.4
2026-08-16 16:36:26,98,Highly Attentive,Forward,True,1956,11.4
2026-08-16 16:36:27,100,Highly Attentive,Forward,True,1956,11.4
2026-08-16 16:36:28,86,Highly Attentive,Down,True,1956,11.4
2026-08-16 16:36:29,80,Attentive,Forward,True,1956,11.4
2026-08-16 16:36:30,100,Highly Attentive,Forward,True,1956,11.4
2026-08-16 16:36:31,100,Highly Attentive,Forward,True,1956,11.4
2026-08-16 16:36:32,100,Highly Attentive,Forward,True,1956,11.4
2026-08-16 16:36:33,100,Highly Attentive,Forward,True,1956,11.4
2026-08-16 16:36:34,100,Highly Attentive,Forward,True,1956,11.4
2026-08-16 16:36:35,100,Highly Attentive,Forward,True,1956,11.4
2026-08-16 16:36:36,100,Highly Attentive,Forward,True,1956,11.4
2026-08-16 16:36:37,100,Highly Attentive,Forward,True,1956,11.4
2026-08-16 16:36:38,100,Highly Attentive,Forward,True,1956,11.4
2026-08-16 16:36:39,100,Highly Attentive,Forward,True,1956,11.4
2026-08-16 16:36:40,87,Highly Attentive,Left,True,1957,11.4
2026-08-16 16:36:41,79,Attentive,Forward,True,1958,11.4
2026-08-16 16:36:42,100,Highly Attentive,Forward,True,1958,11.4
2026-08-16 16:36:43,100,Highly Attentive,Forward,True,1958,11.4
2026-08-16 16:43:12,100,Highly Attentive,Forward,True,0,0.0
2026-08-16 16:43:13,99,Highly Attentive,Forward,False,0,0.0
2026-08-16 16:43:14,71,Attentive,Left,True,1,19.7
2026-08-16 16:43:15,63,Slightly Distracted,Left,True,2,29.7
2026-08-16 16:43:16,88,Highly Attentive,Forward,True,2,23.7
2026-08-16 16:43:17,96,Highly Attentive,Forward,True,2,19.8
2026-08-16 16:43:18,99,Highly Attentive,Forward,False,2,16.9
2026-08-16 16:43:19,100,Highly Attentive,Forward,True,2,14.8
2026-08-16 16:43:20,100,Highly Attentive,Forward,True,2,13.2
2026-08-16 16:43:21,100,Highly Attentive,Forward,True,2,11.8
2026-08-16 16:43:22,98,Highly Attentive,Forward,True,3,16.1
2026-08-16 16:43:23,100,Highly Attentive,Forward,True,3,14.8
2026-08-16 16:43:24,100,Highly Attentive,Forward,True,3,13.6
2026-08-16 16:43:25,100,Highly Attentive,Forward,True,3,12.7
2026-08-16 16:43:26,100,Highly Attentive,Forward,True,3,11.8
2026-08-16 16:43:27,100,Highly Attentive,Forward,True,3,11.1
2026-08-16 16:43:28,97,Highly Attentive,Forward,True,4,13.9
2026-08-16 16:43:29,100,Highly Attentive,Forward,True,4,13.1
2026-08-16 16:43:30,100,Highly Attentive,Forward,True,4,12.4
2026-08-16 16:43:31,100,Highly Attentive,Forward,True,4,11.8
2026-08-16 16:43:32,100,Highly Attentive,Forward,True,4,11.2
2026-08-16 16:43:33,100,Highly Attentive,Forward,True,4,10.7
2026-08-16 16:43:34,100,Highly Attentive,Forward,True,4,10.2
2026-08-16 16:43:35,99,Highly Attentive,Forward,True,4,9.8
2026-08-16 16:43:36,99,Highly Attentive,Forward,True,4,9.4
2026-08-16 16:43:37,100,Highly Attentive,Forward,True,4,9.1
2026-08-16 16:43:38,100,Highly Attentive,Forward,True,4,8.7
2026-08-16 16:43:39,100,Highly Attentive,Forward,True,4,8.4
2026-08-16 16:43:40,100,Highly Attentive,Forward,True,4,8.1
2026-08-16 16:43:41,73,Attentive,Left,False,4,7.8
2026-08-16 16:43:43,99,Highly Attentive,Forward,True,5,9.5
2026-08-16 16:43:44,100,Highly Attentive,Forward,True,5,9.2
2026-08-16 16:43:45,100,Highly Attentive,Forward,True,5,8.9
2026-08-16 16:43:46,98,Highly Attentive,Forward,True,6,10.4
2026-08-16 16:43:47,98,Highly Attentive,Forward,True,7,11.8
2026-08-16 16:43:48,100,Highly Attentive,Forward,True,7,11.4
2026-08-16 16:43:49,100,Highly Attentive,Forward,True,7,11.1
2026-08-16 16:43:50,98,Highly Attentive,Forward,True,7,10.8
2026-08-16 16:43:51,85,Highly Attentive,Forward,True,7,10.6
2026-08-16 16:43:52,74,Attentive,Forward,False,8,11.8
2026-08-16 16:43:53,78,Attentive,Forward,False,9,12.9
2026-08-16 16:43:54,85,Highly Attentive,Forward,True,10,14.0
2026-08-16 16:43:55,76,Attentive,Forward,False,10,13.7
2026-08-16 16:43:56,68,Slightly Distracted,Forward,True,11,14.7
2026-08-16 16:43:57,87,Highly Attentive,Forward,True,13,17.0
2026-08-16 16:43:58,98,Highly Attentive,Forward,True,14,17.9
2026-08-16 16:43:59,98,Highly Attentive,Forward,True,15,18.8
2026-08-16 16:44:00,90,Highly Attentive,Forward,True,15,18.4
2026-08-16 16:44:01,90,Highly Attentive,Forward,True,17,20.4
2026-08-16 16:44:02,100,Highly Attentive,Forward,True,17,20.0
2026-08-16 16:44:03,100,Highly Attentive,Forward,True,17,19.6
2026-08-16 16:44:04,100,Highly Attentive,Forward,True,17,19.2
2026-08-16 16:44:05,91,Highly Attentive,Forward,True,17,18.9
2026-08-16 16:44:06,97,Highly Attentive,Forward,True,18,19.6
2026-08-16 16:44:07,100,Highly Attentive,Forward,True,18,19.3
2026-08-16 16:44:08,98,Highly Attentive,Forward,True,19,20.0
2026-08-16 16:44:09,99,Highly Attentive,Forward,True,19,19.6
2026-08-16 16:44:10,99,Highly Attentive,Forward,False,19,19.3
2026-08-16 16:44:11,91,Highly Attentive,Forward,True,21,20.9
2026-08-16 16:44:12,96,Highly Attentive,Forward,True,21,20.6
2026-08-16 16:44:13,98,Highly Attentive,Forward,True,22,21.2
2026-08-16 16:44:14,100,Highly Attentive,Forward,True,22,20.9
2026-08-16 16:44:15,99,Highly Attentive,Forward,True,22,20.5
2026-08-16 16:44:16,100,Highly Attentive,Forward,True,22,20.2
2026-08-16 16:44:17,100,Highly Attentive,Forward,True,22,19.9
2026-08-16 16:44:18,100,Highly Attentive,Forward,True,22,19.6
2026-08-16 16:44:19,100,Highly Attentive,Forward,True,22,19.3
2026-08-16 16:44:20,98,Highly Attentive,Forward,True,23,19.9
2026-08-16 16:44:21,98,Highly Attentive,Forward,False,23,19.6
2026-08-16 16:44:22,100,Highly Attentive,Forward,True,24,20.2
2026-08-16 16:44:23,98,Highly Attentive,Forward,False,25,20.7
2026-08-16 16:44:24,97,Highly Attentive,Forward,True,26,21.2
2026-08-16 16:44:25,98,Highly Attentive,Forward,True,27,21.8
2026-08-16 16:44:26,98,Highly Attentive,Forward,True,28,22.3
2026-08-16 16:44:27,100,Highly Attentive,Forward,True,28,22.0
2026-08-16 16:44:28,100,Highly Attentive,Forward,True,28,21.7
2026-08-16 16:44:29,98,Highly Attentive,Forward,True,29,22.2
2026-08-16 16:44:30,100,Highly Attentive,Forward,True,29,21.9
2026-08-16 16:44:31,100,Highly Attentive,Forward,True,29,21.6
2026-08-16 16:44:32,97,Highly Attentive,Forward,True,30,22.1
2026-08-16 16:44:34,100,Highly Attentive,Forward,True,30,21.8
2026-08-16 16:44:35,100,Highly Attentive,Forward,True,30,21.5
2026-08-16 16:44:36,100,Highly Attentive,Forward,True,30,21.3
2026-08-16 16:44:37,100,Highly Attentive,Forward,True,30,21.0
2026-08-16 16:44:38,99,Highly Attentive,Forward,True,30,20.8
2026-08-16 16:44:39,93,Highly Attentive,Forward,True,30,20.5
2026-08-16 16:44:40,100,Highly Attentive,Forward,True,30,20.3
2026-08-16 16:44:41,100,Highly Attentive,Forward,True,30,20.1
2026-08-16 16:44:42,100,Highly Attentive,Forward,True,30,19.8
2026-08-16 16:44:43,98,Highly Attentive,Forward,True,31,20.3
2026-08-16 16:44:44,100,Highly Attentive,Forward,True,31,20.0
2026-08-16 16:44:45,95,Highly Attentive,Forward,True,33,21.1
2026-08-16 16:44:46,100,Highly Attentive,Forward,True,33,20.9
2026-08-16 16:44:47,98,Highly Attentive,Forward,True,34,21.3
2026-08-16 16:44:48,99,Highly Attentive,Forward,True,34,21.1
2026-08-16 16:44:49,98,Highly Attentive,Forward,True,35,21.4
2026-08-16 16:44:50,100,Highly Attentive,Forward,True,35,21.2
2026-08-16 16:44:51,98,Highly Attentive,Forward,True,36,21.6
2026-08-16 16:44:52,90,Highly Attentive,Forward,True,36,21.4
2026-08-16 16:44:53,100,Highly Attentive,Forward,True,36,21.2
2026-08-16 16:44:54,86,Highly Attentive,Forward,True,36,21.0
2026-08-16 16:44:55,78,Attentive,Forward,True,37,21.3
2026-08-16 16:44:56,74,Attentive,Forward,False,39,22.3
2026-08-16 16:44:57,59,Slightly Distracted,Left,True,40,22.6
2026-08-16 16:44:58,60,Slightly Distracted,Up,False,41,23.0
2026-08-16 16:44:59,65,Slightly Distracted,Forward,False,41,22.8
2026-08-16 16:45:00,43,Distracted,Forward,True,44,24.2
2026-08-16 16:45:01,86,Highly Attentive,Forward,True,47,25.6
2026-08-16 16:45:02,100,Highly Attentive,Forward,True,47,25.4
2026-08-16 16:45:03,89,Highly Attentive,Forward,False,47,25.1
2026-08-16 16:45:04,98,Highly Attentive,Forward,False,48,25.4
2026-08-16 16:45:05,100,Highly Attentive,Forward,True,49,25.7
2026-08-16 16:45:06,99,Highly Attentive,Forward,True,49,25.5
2026-08-16 16:45:07,100,Highly Attentive,Forward,True,49,25.3
2026-08-16 16:45:08,100,Highly Attentive,Forward,True,49,25.1
2026-08-16 16:45:09,100,Highly Attentive,Forward,True,49,24.8
2026-08-16 16:45:10,99,Highly Attentive,Forward,True,49,24.6
2026-08-16 16:45:11,71,Attentive,Down,True,49,24.4
2026-08-16 16:45:12,68,Slightly Distracted,Forward,True,51,25.2
2026-08-16 16:45:13,99,Highly Attentive,Forward,True,51,25.0
2026-08-16 16:45:14,100,Highly Attentive,Forward,True,51,24.8
2026-08-16 16:45:15,99,Highly Attentive,Forward,True,51,24.6
2026-08-16 16:45:16,97,Highly Attentive,Forward,False,52,24.9
2026-08-16 16:45:17,97,Highly Attentive,Forward,True,53,25.1
2026-08-16 16:45:18,82,Attentive,Forward,True,54,25.4
2026-08-16 16:45:19,85,Highly Attentive,Forward,True,54,25.2
2026-08-16 16:45:20,85,Highly Attentive,Forward,True,54,25.0
2026-08-16 16:45:21,87,Highly Attentive,Forward,True,55,25.3
2026-08-16 16:45:22,97,Highly Attentive,Forward,True,56,25.5
2026-08-16 16:45:24,100,Highly Attentive,Forward,True,56,25.3
2026-08-16 16:45:25,98,Highly Attentive,Forward,True,56,25.1
2026-08-16 16:45:26,82,Attentive,Forward,True,57,25.4
2026-08-16 16:45:27,80,Attentive,Forward,False,57,25.2
2026-08-16 16:45:28,78,Attentive,Forward,True,59,25.9
2026-08-16 16:45:29,76,Attentive,Left,True,61,26.6
2026-08-16 16:45:30,65,Slightly Distracted,Left,True,61,26.4
2026-08-16 16:45:31,84,Attentive,Forward,True,62,26.6
2026-08-16 16:45:32,100,Highly Attentive,Forward,True,62,26.4
2026-08-16 16:45:33,86,Highly Attentive,Forward,True,63,26.7
2026-08-16 16:45:34,92,Highly Attentive,Forward,True,64,26.9
2026-08-16 16:45:35,98,Highly Attentive,Forward,True,65,27.1
2026-08-16 16:45:36,98,Highly Attentive,Forward,True,66,27.3
2026-08-16 16:45:37,100,Highly Attentive,Forward,True,66,27.1
2026-08-16 16:45:38,97,Highly Attentive,Forward,True,67,27.4
2026-08-16 16:45:39,100,Highly Attentive,Forward,True,67,27.2
2026-08-16 16:45:40,97,Highly Attentive,Forward,True,68,27.4
2026-08-16 16:45:41,100,Highly Attentive,Forward,True,68,27.2
2026-08-16 16:45:42,97,Highly Attentive,Forward,True,69,27.4
2026-08-16 16:45:43,98,Highly Attentive,Forward,True,70,27.6
2026-08-16 16:45:44,97,Highly Attentive,Forward,True,71,27.8
2026-08-16 16:45:45,95,Highly Attentive,Forward,True,73,28.4
2026-08-16 16:45:46,100,Highly Attentive,Forward,True,73,28.2
2026-08-16 16:45:47,100,Highly Attentive,Forward,True,73,28.1
2026-08-16 16:45:48,100,Highly Attentive,Forward,True,73,27.9
2026-08-16 16:45:49,99,Highly Attentive,Forward,True,73,27.7
2026-08-16 16:45:50,100,Highly Attentive,Forward,True,73,27.5
2026-08-16 16:45:51,100,Highly Attentive,Forward,True,73,27.3
2026-08-16 16:45:52,99,Highly Attentive,Forward,True,73,27.2
2026-08-16 16:45:53,100,Highly Attentive,Forward,True,73,27.0
2026-08-16 16:45:54,100,Highly Attentive,Forward,True,73,26.8
2026-08-16 16:45:55,100,Highly Attentive,Forward,True,73,26.7
2026-08-16 16:45:56,97,Highly Attentive,Forward,True,74,26.9
2026-08-16 16:45:57,100,Highly Attentive,Forward,True,74,26.7
2026-08-16 16:45:58,97,Highly Attentive,Down,False,74,26.5
2026-08-16 16:45:59,73,Attentive,Forward,True,75,26.7
2026-08-16 16:46:00,100,Highly Attentive,Forward,True,75,26.6
2026-08-16 16:46:01,98,Highly Attentive,Forward,True,76,26.8
2026-08-16 16:46:02,100,Highly Attentive,Forward,True,76,26.6
2026-08-16 16:46:03,100,Highly Attentive,Forward,True,76,26.5
2026-08-16 16:46:04,100,Highly Attentive,Forward,True,76,26.3
2026-08-16 16:46:05,100,Highly Attentive,Forward,True,76,26.1
2026-08-16 16:46:06,97,Highly Attentive,Forward,True,77,26.3
2026-08-16 16:46:07,100,Highly Attentive,Forward,True,77,26.2
2026-08-16 16:46:08,97,Highly Attentive,Forward,True,78,26.4
2026-08-16 16:46:09,86,Highly Attentive,Forward,True,78,26.2
2026-08-16 16:46:10,85,Highly Attentive,Forward,True,78,26.1
2026-08-16 16:46:11,85,Highly Attentive,Forward,True,78,25.9
2026-08-16 16:46:13,74,Attentive,Forward,False,78,25.8
2026-08-16 16:46:14,76,Attentive,Forward,True,79,26.0
2026-08-16 16:46:15,72,Attentive,Forward,True,80,26.1
2026-08-16 16:46:16,97,Highly Attentive,Forward,True,80,26.0
2026-08-16 16:46:17,96,Highly Attentive,Forward,True,81,26.2
2026-08-16 16:46:18,98,Highly Attentive,Forward,True,82,26.3
2026-08-16 16:46:19,100,Highly Attentive,Forward,True,82,26.2
2026-08-16 16:46:20,98,Highly Attentive,Forward,True,83,26.4
2026-08-16 16:46:21,100,Highly Attentive,Forward,True,83,26.2
2026-08-16 16:46:22,85,Attentive,Forward,True,84,26.4
2026-08-16 16:46:23,85,Highly Attentive,Forward,True,84,26.3
2026-08-16 16:46:24,85,Highly Attentive,Forward,True,84,26.1
2026-08-16 16:46:25,83,Attentive,Forward,True,85,26.3
2026-08-16 16:46:26,88,Highly Attentive,Forward,True,85,26.2
2026-08-16 16:46:27,98,Highly Attentive,Forward,True,86,26.3
2026-08-16 16:46:28,85,Highly Attentive,Forward,False,89,27.1
2026-08-16 16:46:29,97,Highly Attentive,Forward,True,91,27.6
2026-08-16 16:46:30,98,Highly Attentive,Forward,True,92,27.7
2026-08-16 16:46:31,97,Highly Attentive,Forward,True,93,27.9
2026-08-16 16:46:32,95,Highly Attentive,Forward,True,95,28.4
2026-08-16 16:46:33,100,Highly Attentive,Forward,True,95,28.2
2026-08-16 16:46:34,100,Highly Attentive,Forward,True,95,28.1
2026-08-16 16:46:35,98,Highly Attentive,Forward,True,96,28.2
2026-08-16 16:46:36,100,Highly Attentive,Forward,True,96,28.1
2026-08-16 16:46:37,100,Highly Attentive,Forward,True,96,28.0
2026-08-16 16:46:38,98,Highly Attentive,Forward,True,97,28.1
2026-08-16 16:46:39,100,Highly Attentive,Forward,True,97,28.0
2026-08-16 16:46:40,100,Highly Attentive,Forward,True,97,27.8
2026-08-16 16:46:41,100,Highly Attentive,Forward,True,97,27.7
2026-08-16 16:46:42,100,Highly Attentive,Forward,True,97,27.6
2026-08-16 16:46:43,100,Highly Attentive,Forward,True,97,27.4
2026-08-16 16:46:44,100,Highly Attentive,Forward,True,97,27.3
2026-08-16 16:46:45,100,Highly Attentive,Forward,True,97,27.2
2026-08-16 16:46:46,98,Highly Attentive,Forward,True,98,27.3
2026-08-16 16:46:47,100,Highly Attentive,Forward,True,98,27.2
2026-08-16 16:46:48,95,Highly Attentive,Forward,False,99,27.3
2026-08-16 16:46:49,97,Highly Attentive,Forward,True,101,27.8
2026-08-16 16:46:50,95,Highly Attentive,Forward,True,103,28.2
2026-08-16 16:46:51,97,Highly Attentive,Forward,True,104,28.3
2026-08-16 16:46:52,96,Highly Attentive,Forward,True,105,28.5
2026-08-16 16:46:53,98,Highly Attentive,Forward,True,105,28.3
2026-08-16 16:46:54,100,Highly Attentive,Forward,True,105,28.2
2026-08-16 16:46:55,100,Highly Attentive,Forward,True,105,28.1
2026-08-16 16:46:56,99,Highly Attentive,Forward,True,105,27.9
2026-08-16 16:46:57,100,Highly Attentive,Forward,True,105,27.8
2026-08-16 16:46:58,98,Highly Attentive,Forward,True,106,28.0
2026-08-16 16:46:59,100,Highly Attentive,Forward,True,106,27.8
2026-08-16 16:47:00,100,Highly Attentive,Forward,True,106,27.7
2026-08-16 16:47:01,98,Highly Attentive,Forward,True,107,27.8
2026-08-16 16:47:02,98,Highly Attentive,Forward,True,108,28.0
2026-08-16 16:47:04,98,Highly Attentive,Forward,True,109,28.1
2026-08-16 16:47:05,100,Highly Attentive,Forward,True,109,28.0
2026-08-16 16:47:06,100,Highly Attentive,Forward,True,109,27.9
2026-08-16 16:47:07,100,Highly Attentive,Forward,True,109,27.8
2026-08-16 16:47:08,98,Highly Attentive,Forward,True,110,27.9
2026-08-16 16:47:09,99,Highly Attentive,Forward,True,110,27.8
2026-08-16 16:47:10,100,Highly Attentive,Forward,True,110,27.6
2026-08-16 16:47:11,100,Highly Attentive,Forward,True,110,27.5
2026-08-16 16:47:12,98,Highly Attentive,Forward,True,111,27.7
2026-08-16 16:47:13,98,Highly Attentive,Forward,True,112,27.8
2026-08-16 16:47:14,100,Highly Attentive,Forward,True,112,27.7
2026-08-16 16:47:15,100,Highly Attentive,Forward,True,112,27.6
2026-08-16 16:47:16,100,Highly Attentive,Forward,True,112,27.4
2026-08-16 16:47:17,100,Highly Attentive,Forward,True,112,27.3
2026-08-16 16:47:18,98,Highly Attentive,Forward,True,113,27.5
2026-08-16 16:47:19,92,Highly Attentive,Forward,True,113,27.3
2026-08-16 16:47:20,85,Highly Attentive,Forward,True,113,27.2
2026-08-16 16:47:21,84,Attentive,Forward,True,113,27.1
2026-08-16 16:47:22,85,Highly Attentive,Forward,True,113,27.0
2026-08-16 16:47:23,88,Highly Attentive,Forward,True,113,26.9
2026-08-16 16:47:24,98,Highly Attentive,Forward,True,114,27.0
2026-08-16 16:47:25,98,Highly Attentive,Forward,True,114,26.9
2026-08-16 16:47:26,85,Highly Attentive,Forward,True,114,26.8
2026-08-16 16:47:27,82,Attentive,Forward,True,115,26.9
2026-08-16 16:47:28,86,Highly Attentive,Forward,True,115,26.8
2026-08-16 16:47:29,98,Highly Attentive,Forward,False,115,26.7
2026-08-16 16:47:30,100,Highly Attentive,Forward,True,116,26.9
2026-08-16 16:47:31,98,Highly Attentive,Forward,True,117,27.0
2026-08-16 16:47:32,100,Highly Attentive,Forward,True,117,26.9
2026-08-16 16:47:33,100,Highly Attentive,Forward,True,117,26.8
2026-08-16 16:47:34,100,Highly Attentive,Forward,True,117,26.7
2026-08-16 16:47:35,100,Highly Attentive,Forward,True,117,26.6
2026-08-16 16:47:36,100,Highly Attentive,Forward,True,117,26.5
2026-08-16 16:47:37,100,Highly Attentive,Forward,True,117,26.4
2026-08-16 16:47:38,100,Highly Attentive,Forward,True,117,26.3
2026-08-16 16:47:39,100,Highly Attentive,Forward,True,117,26.2
2026-08-16 16:47:40,100,Highly Attentive,Forward,True,117,26.1
2026-08-16 16:47:41,100,Highly Attentive,Forward,True,117,26.0
2026-08-16 16:47:42,100,Highly Attentive,Forward,True,117,25.9
2026-08-16 16:47:43,100,Highly Attentive,Forward,True,117,25.8
2026-08-16 16:47:44,100,Highly Attentive,Forward,True,117,25.7
2026-08-16 16:47:45,100,Highly Attentive,Forward,True,117,25.6
2026-08-16 16:47:46,91,Highly Attentive,Forward,True,118,25.7
2026-08-16 16:47:47,100,Highly Attentive,Forward,True,118,25.6
2026-08-16 16:47:48,100,Highly Attentive,Forward,True,118,25.5
2026-08-16 16:47:49,96,Highly Attentive,Forward,True,120,25.9
2026-08-16 16:47:50,97,Highly Attentive,Forward,True,121,26.0
2026-08-16 16:47:51,100,Highly Attentive,Forward,True,121,25.9
2026-08-16 16:47:52,100,Highly Attentive,Forward,True,121,25.8
2026-08-16 16:47:54,100,Highly Attentive,Forward,True,121,25.7
2026-08-16 16:47:55,99,Highly Attentive,Forward,True,121,25.6
2026-08-16 16:47:56,94,Highly Attentive,Forward,True,122,25.7
2026-08-16 16:47:57,100,Highly Attentive,Forward,True,122,25.6
2026-08-16 16:47:58,100,Highly Attentive,Forward,True,122,25.5
2026-08-16 16:47:59,97,Highly Attentive,Forward,True,123,25.6
2026-08-16 16:48:00,98,Highly Attentive,Forward,True,124,25.8
2026-08-16 16:48:01,100,Highly Attentive,Forward,True,124,25.7
2026-08-16 16:48:02,100,Highly Attentive,Forward,True,124,25.6
2026-08-16 16:48:03,96,Highly Attentive,Forward,True,125,25.7
2026-08-16 16:48:04,100,Highly Attentive,Forward,True,125,25.6
2026-08-16 16:48:05,97,Highly Attentive,Forward,True,126,25.7
2026-08-16 16:48:06,100,Highly Attentive,Forward,True,126,25.6
2026-08-16 16:48:07,80,Attentive,Forward,False,126,25.5
2026-08-16 16:48:08,84,Attentive,Forward,True,127,25.7
2026-08-16 16:48:09,97,Highly Attentive,Forward,True,128,25.8
2026-08-16 16:48:10,76,Attentive,Forward,False,128,25.7
2026-08-16 16:48:11,81,Attentive,Forward,True,130,26.0
2026-08-16 16:48:12,99,Highly Attentive,Forward,True,130,25.9
2026-08-16 16:48:13,100,Highly Attentive,Forward,True,130,25.8
2026-08-16 16:48:14,98,Highly Attentive,Forward,True,131,25.9
2026-08-16 16:48:15,99,Highly Attentive,Forward,True,131,25.9
2026-08-16 16:48:16,100,Highly Attentive,Forward,True,131,25.8
2026-08-16 16:48:17,98,Highly Attentive,Forward,True,132,25.9
2026-08-16 16:48:18,100,Highly Attentive,Forward,True,132,25.8
2026-08-16 16:48:19,97,Highly Attentive,Forward,True,133,25.9
2026-08-16 16:48:20,96,Highly Attentive,Forward,True,133,25.8
2026-08-16 16:48:21,97,Highly Attentive,Forward,True,134,25.9
2026-08-16 16:48:22,91,Highly Attentive,Forward,True,137,26.4
2026-08-16 16:48:23,97,Highly Attentive,Forward,False,137,26.3
2026-08-16 16:48:24,92,Highly Attentive,Forward,False,138,26.4
2026-08-16 16:48:25,90,Highly Attentive,Forward,True,141,26.9
2026-08-16 16:48:26,89,Highly Attentive,Forward,True,143,27.2
2026-08-16 16:48:27,98,Highly Attentive,Forward,True,144,27.3
2026-08-16 16:48:28,100,Highly Attentive,Forward,True,144,27.2
2026-08-16 16:48:29,98,Highly Attentive,Forward,True,145,27.3
2026-08-16 16:48:30,100,Highly Attentive,Forward,True,145,27.2
2026-08-16 16:48:31,98,Highly Attentive,Forward,True,145,27.2
2026-08-16 16:48:32,100,Highly Attentive,Forward,True,145,27.1
2026-08-16 16:48:33,100,Highly Attentive,Forward,True,145,27.0
2026-08-16 16:48:34,99,Highly Attentive,Forward,True,145,26.9
2026-08-16 16:48:35,100,Highly Attentive,Forward,True,145,26.8
2026-08-16 16:48:36,100,Highly Attentive,Forward,True,145,26.7
2026-08-16 16:48:37,100,Highly Attentive,Forward,True,145,26.6
2026-08-16 16:48:38,97,Highly Attentive,Forward,True,146,26.7
2026-08-16 16:48:39,93,Highly Attentive,Forward,True,148,27.0
2026-08-16 16:48:40,89,Highly Attentive,Forward,False,149,27.1
2026-08-16 16:48:41,95,Highly Attentive,Forward,False,150,27.2
2026-08-16 16:48:43,97,Highly Attentive,Forward,True,151,27.3
2026-08-16 16:48:44,100,Highly Attentive,Forward,True,151,27.2
2026-08-16 16:48:45,100,Highly Attentive,Forward,True,151,27.2
2026-08-16 16:48:46,100,Highly Attentive,Forward,True,151,27.1
2026-08-16 16:48:47,98,Highly Attentive,Forward,True,151,27.0
2026-08-16 16:48:48,76,Attentive,Left,True,151,26.9
2026-08-16 16:48:49,82,Attentive,Forward,True,153,27.2
2026-08-16 16:48:50,100,Highly Attentive,Forward,True,153,27.1
2026-08-16 16:48:51,100,Highly Attentive,Forward,True,153,27.0
2026-08-16 16:48:52,98,Highly Attentive,Forward,True,154,27.1
2026-08-16 16:48:53,100,Highly Attentive,Forward,True,154,27.0
2026-08-16 16:48:54,100,Highly Attentive,Forward,True,154,27.0
2026-08-16 16:48:55,100,Highly Attentive,Forward,True,154,26.9
2026-08-16 16:48:57,88,Highly Attentive,Left,False,154,26.7
2026-08-16 16:48:58,70,Attentive,Forward,True,155,26.8
2026-08-16 16:48:59,93,Highly Attentive,Forward,True,155,26.8
2026-08-16 16:49:00,84,Attentive,Forward,True,157,27.0
2026-08-16 16:49:01,90,Highly Attentive,Forward,True,158,27.1
2026-08-16 16:49:02,90,Highly Attentive,Forward,True,160,27.4
2026-08-16 16:49:03,95,Highly Attentive,Forward,True,160,27.3
2026-08-16 16:49:04,76,Attentive,Forward,False,160,27.2
2026-08-16 16:49:05,81,Attentive,Forward,False,163,27.6
2026-08-16 16:49:06,97,Highly Attentive,Forward,False,164,27.7
2026-08-16 16:49:07,89,Highly Attentive,Forward,True,167,28.2
2026-08-16 16:49:08,75,Attentive,Forward,False,167,28.1
2026-08-16 16:49:09,80,Attentive,Forward,False,170,28.5
2026-08-16 16:49:10,89,Highly Attentive,Forward,True,173,28.9
2026-08-16 16:49:11,97,Highly Attentive,Forward,True,174,29.0
2026-08-16 16:49:12,100,Highly Attentive,Forward,True,174,28.9
2026-08-16 16:49:13,97,Highly Attentive,Forward,True,175,29.0
2026-08-16 16:49:14,98,Highly Attentive,Forward,True,176,29.1
2026-08-16 16:49:15,98,Highly Attentive,Forward,True,177,29.2
2026-08-16 16:49:16,96,Highly Attentive,Forward,False,177,29.1
2026-08-16 16:49:17,96,Highly Attentive,Forward,True,179,29.3
2026-08-16 16:49:18,86,Highly Attentive,Forward,True,181,29.6
2026-08-16 16:49:19,98,Highly Attentive,Forward,True,182,29.7
2026-08-16 16:49:20,97,Highly Attentive,Forward,True,183,29.8
2026-08-16 16:49:21,98,Highly Attentive,Forward,True,184,29.8
2026-08-16 16:49:22,98,Highly Attentive,Forward,True,185,29.9
2026-08-16 16:49:23,93,Highly Attentive,Forward,True,187,30.2
2026-08-16 16:49:24,87,Highly Attentive,Forward,True,188,30.2
2026-08-16 16:49:25,88,Highly Attentive,Forward,True,189,30.3
2026-08-16 16:49:26,83,Attentive,Forward,True,191,30.5
2026-08-16 16:49:27,82,Attentive,Forward,True,191,30.5
2026-08-16 16:49:28,90,Highly Attentive,Forward,True,191,30.4
2026-08-16 16:49:29,87,Highly Attentive,Forward,True,192,30.5
2026-08-16 16:49:30,90,Highly Attentive,Forward,True,192,30.4
2026-08-16 16:49:31,90,Highly Attentive,Forward,True,192,30.3
2026-08-16 16:49:32,82,Attentive,Forward,True,192,30.2
2026-08-16 16:49:33,76,Attentive,Forward,True,192,30.1
2026-08-16 16:49:34,77,Attentive,Forward,True,193,30.2
2026-08-16 16:49:35,89,Highly Attentive,Forward,True,193,30.1
2026-08-16 16:49:36,86,Highly Attentive,Forward,True,194,30.2
2026-08-16 16:49:37,90,Highly Attentive,Forward,True,194,30.1
2026-08-16 16:49:38,84,Attentive,Forward,True,194,30.0
2026-08-16 16:49:39,100,Highly Attentive,Forward,True,194,30.0
2026-08-16 16:49:40,100,Highly Attentive,Forward,True,194,29.9
2026-08-16 16:49:41,98,Highly Attentive,Forward,True,195,30.0
2026-08-16 16:49:42,98,Highly Attentive,Forward,True,195,29.9
2026-08-16 16:49:43,66,Slightly Distracted,Right,True,195,29.8
2026-08-16 16:49:44,65,Slightly Distracted,Right,True,195,29.7
2026-08-16 16:49:45,94,Highly Attentive,Forward,True,195,29.7
2026-08-16 16:49:47,100,Highly Attentive,Forward,True,195,29.6
2026-08-16 16:49:48,87,Highly Attentive,Forward,False,196,29.7
2026-08-16 16:49:49,78,Attentive,Forward,False,196,29.6
2026-08-16 16:49:50,81,Attentive,Forward,False,197,29.6
2026-08-16 16:49:51,80,Attentive,Forward,False,197,29.6
2026-08-16 16:49:52,86,Highly Attentive,Forward,False,198,29.6
2026-08-16 16:49:53,80,Attentive,Forward,False,198,29.6
2026-08-16 16:49:54,86,Highly Attentive,Forward,False,200,29.8
2026-08-16 16:49:55,80,Attentive,Forward,False,200,29.7
2026-08-16 16:49:56,80,Attentive,Forward,False,200,29.6
2026-08-16 16:49:57,80,Attentive,Forward,False,200,29.6
2026-08-16 16:49:58,80,Attentive,Forward,False,200,29.5
2026-08-16 16:49:59,80,Attentive,Forward,False,200,29.4
2026-08-16 16:50:00,80,Attentive,Forward,False,200,29.3
2026-08-16 16:50:01,80,Attentive,Forward,False,200,29.3
2026-08-16 16:50:02,80,Attentive,Forward,False,200,29.2
2026-08-16 16:50:03,80,Attentive,Forward,False,200,29.1
2026-08-16 16:50:04,80,Attentive,Forward,False,200,29.1
2026-08-16 16:50:05,80,Attentive,Forward,False,200,29.0
2026-08-16 16:50:06,80,Attentive,Forward,False,200,28.9
2026-08-16 16:50:07,80,Attentive,Forward,False,200,28.8
2026-08-16 16:50:08,80,Attentive,Forward,False,200,28.8
2026-08-16 16:50:09,88,Highly Attentive,Forward,True,201,28.8
2026-08-16 16:50:10,98,Highly Attentive,Forward,False,201,28.8
2026-08-16 16:50:11,95,Highly Attentive,Forward,True,204,29.1
2026-08-16 16:50:12,96,Highly Attentive,Forward,False,204,29.1
2026-08-16 16:50:13,96,Highly Attentive,Forward,True,205,29.1
2026-08-16 16:50:14,95,Highly Attentive,Forward,False,206,29.2
2026-08-16 16:50:15,99,Highly Attentive,Forward,True,207,29.3
2026-08-16 16:50:16,96,Highly Attentive,Forward,True,208,29.4
2026-08-16 16:50:17,100,Highly Attentive,Forward,True,208,29.3
2026-08-16 16:50:18,91,Highly Attentive,Forward,False,209,29.4
2026-08-16 16:50:19,89,Highly Attentive,Forward,True,211,29.6
2026-08-16 16:50:20,86,Highly Attentive,Forward,False,212,29.6
2026-08-16 16:50:21,85,Highly Attentive,Forward,False,215,30.0
2026-08-16 16:50:22,80,Attentive,Forward,False,215,29.9
2026-08-16 16:50:23,80,Attentive,Forward,False,215,29.8
2026-08-16 16:50:24,84,Attentive,Forward,True,217,30.0
2026-08-16 16:50:25,82,Attentive,Forward,True,219,30.2
2026-08-16 16:50:26,77,Attentive,Forward,False,220,30.3
2026-08-16 16:50:27,75,Attentive,Forward,True,221,30.4
2026-08-16 16:50:28,90,Highly Attentive,Forward,True,221,30.3
2026-08-16 16:50:29,74,Attentive,Left,True,221,30.2
2026-08-16 16:50:30,55,Slightly Distracted,Left,True,221,30.2
2026-08-16 16:50:31,55,Slightly Distracted,Left,True,221,30.1
2026-08-16 16:50:32,58,Slightly Distracted,Left,True,221,30.0
2026-08-16 16:50:33,65,Slightly Distracted,Left,True,221,30.0
2026-08-16 16:50:34,65,Slightly Distracted,Left,True,221,29.9
2026-08-16 16:50:35,68,Slightly Distracted,Forward,False,221,29.8
2026-08-16 16:50:37,80,Attentive,Forward,False,221,29.8
2026-08-16 16:50:38,80,Attentive,Forward,False,221,29.7
2026-08-16 16:50:39,84,Attentive,Forward,True,222,29.8
2026-08-16 16:50:40,85,Highly Attentive,Forward,False,223,29.8
2026-08-16 16:50:41,81,Attentive,Forward,True,224,29.9
2026-08-16 16:50:42,97,Highly Attentive,Forward,True,224,29.8
2026-08-16 16:50:43,100,Highly Attentive,Forward,True,224,29.8
2026-08-16 16:50:44,99,Highly Attentive,Forward,False,224,29.7
2026-08-16 16:50:45,100,Highly Attentive,Forward,True,224,29.6
2026-08-16 16:50:46,100,Highly Attentive,Forward,True,224,29.6
2026-08-16 16:50:47,100,Highly Attentive,Forward,True,224,29.5
2026-08-16 16:50:48,98,Highly Attentive,Forward,True,225,29.6
2026-08-16 16:50:49,100,Highly Attentive,Forward,True,225,29.5
2026-08-16 16:50:50,100,Highly Attentive,Forward,True,225,29.4
2026-08-16 16:50:51,98,Highly Attentive,Forward,True,226,29.5
2026-08-16 16:50:52,93,Highly Attentive,Forward,False,226,29.4
2026-08-16 16:50:53,83,Attentive,Forward,True,227,29.5
2026-08-16 16:50:54,100,Highly Attentive,Forward,True,227,29.4
2026-08-16 16:50:55,87,Highly Attentive,Forward,True,228,29.5
2026-08-16 16:50:56,100,Highly Attentive,Forward,True,228,29.4
2026-08-16 16:50:57,95,Highly Attentive,Forward,True,230,29.6
2026-08-16 16:50:58,100,Highly Attentive,Forward,True,230,29.5
2026-08-16 16:50:59,96,Highly Attentive,Forward,True,232,29.7
2026-08-16 16:51:00,97,Highly Attentive,Forward,True,233,29.8
2026-08-16 16:51:01,100,Highly Attentive,Forward,True,233,29.7
2026-08-16 16:51:02,100,Highly Attentive,Forward,True,233,29.7
2026-08-16 16:51:03,100,Highly Attentive,Forward,True,233,29.6
2026-08-16 16:51:04,98,Highly Attentive,Forward,True,234,29.7
2026-08-16 16:51:05,100,Highly Attentive,Forward,True,234,29.6
2026-08-16 16:51:06,100,Highly Attentive,Forward,True,234,29.5
2026-08-16 16:51:07,99,Highly Attentive,Forward,True,234,29.5
2026-08-16 16:51:08,100,Highly Attentive,Forward,True,234,29.4
2026-08-16 16:51:09,98,Highly Attentive,Forward,True,235,29.5
2026-08-16 16:51:10,100,Highly Attentive,Forward,True,235,29.4
2026-08-16 16:51:11,100,Highly Attentive,Forward,True,235,29.4
2026-08-16 16:51:12,100,Highly Attentive,Forward,True,235,29.3
2026-08-16 16:51:13,100,Highly Attentive,Forward,True,235,29.2
2026-08-16 16:51:14,100,Highly Attentive,Forward,True,235,29.2
2026-08-16 16:51:15,100,Highly Attentive,Forward,True,235,29.1
2026-08-16 16:51:16,98,Highly Attentive,Forward,True,236,29.2
2026-08-16 16:51:17,98,Highly Attentive,Forward,True,237,29.2
2026-08-16 16:51:18,98,Highly Attentive,Forward,True,238,29.3
2026-08-16 16:51:19,100,Highly Attentive,Forward,True,238,29.2
2026-08-16 16:51:20,100,Highly Attentive,Forward,True,238,29.2
2026-08-16 16:51:21,100,Highly Attentive,Forward,True,238,29.1
2026-08-16 16:51:22,98,Highly Attentive,Forward,True,239,29.2
2026-08-16 16:51:23,100,Highly Attentive,Forward,True,239,29.1
2026-08-16 16:51:24,100,Highly Attentive,Forward,True,239,29.1
2026-08-16 16:51:25,100,Highly Attentive,Forward,True,239,29.0
2026-08-16 16:51:27,100,Highly Attentive,Forward,True,239,28.9
2026-08-16 16:51:28,98,Highly Attentive,Forward,True,240,29.0
2026-08-16 16:51:29,100,Highly Attentive,Forward,True,240,28.9
2026-08-16 16:51:30,100,Highly Attentive,Forward,True,240,28.9
2026-08-16 16:51:31,100,Highly Attentive,Forward,True,240,28.8
2026-08-16 16:51:32,100,Highly Attentive,Forward,True,240,28.8
2026-08-16 16:51:33,98,Highly Attentive,Forward,True,241,28.8
2026-08-16 16:51:34,100,Highly Attentive,Forward,True,241,28.8
2026-08-16 16:51:35,100,Highly Attentive,Forward,True,241,28.7
2026-08-16 16:51:36,100,Highly Attentive,Forward,True,241,28.6
2026-08-16 16:51:37,100,Highly Attentive,Forward,True,241,28.6
2026-08-16 16:51:38,98,Highly Attentive,Forward,True,242,28.6
2026-08-16 16:51:39,100,Highly Attentive,Forward,True,242,28.6
2026-08-16 16:51:40,100,Highly Attentive,Forward,True,242,28.5
2026-08-16 16:51:41,100,Highly Attentive,Forward,True,242,28.5
2026-08-16 16:51:42,100,Highly Attentive,Forward,True,242,28.4
2026-08-16 16:51:43,100,Highly Attentive,Forward,True,242,28.4
2026-08-16 16:51:44,100,Highly Attentive,Forward,True,242,28.3
2026-08-16 16:51:45,99,Highly Attentive,Forward,True,243,28.4
2026-08-16 16:51:46,99,Highly Attentive,Forward,True,243,28.3
2026-08-16 16:51:47,100,Highly Attentive,Forward,True,243,28.3
2026-08-16 16:51:48,100,Highly Attentive,Forward,True,243,28.2
2026-08-16 16:51:49,100,Highly Attentive,Forward,True,243,28.1
2026-08-16 16:51:50,100,Highly Attentive,Forward,True,243,28.1
2026-08-16 16:51:51,100,Highly Attentive,Forward,True,243,28.0
2026-08-16 16:51:52,100,Highly Attentive,Forward,True,243,28.0
2026-08-16 16:51:53,94,Highly Attentive,Forward,True,244,28.0
2026-08-16 16:51:54,100,Highly Attentive,Forward,True,244,28.0
2026-08-16 16:51:55,100,Highly Attentive,Forward,True,244,27.9
2026-08-16 16:51:56,100,Highly Attentive,Forward,True,244,27.9
2026-08-16 16:51:57,100,Highly Attentive,Forward,True,244,27.8
2026-08-16 16:51:58,100,Highly Attentive,Forward,True,244,27.8
2026-08-16 16:51:59,100,Highly Attentive,Forward,True,244,27.7
2026-08-16 16:52:00,93,Highly Attentive,Forward,True,244,27.7
2026-08-16 16:52:01,100,Highly Attentive,Forward,True,244,27.6
2026-08-16 16:52:02,100,Highly Attentive,Forward,True,244,27.6
2026-08-16 16:52:03,100,Highly Attentive,Forward,True,244,27.5
2026-08-16 16:52:04,100,Highly Attentive,Forward,True,244,27.4
2026-08-16 16:52:05,100,Highly Attentive,Forward,True,244,27.4
2026-08-16 16:52:06,100,Highly Attentive,Forward,True,244,27.3
2026-08-16 16:52:07,100,Highly Attentive,Forward,True,244,27.3
2026-08-16 16:52:08,99,Highly Attentive,Forward,False,244,27.2
2026-08-16 16:52:09,99,Highly Attentive,Forward,True,245,27.3
2026-08-16 16:52:10,100,Highly Attentive,Forward,True,245,27.2
2026-08-16 16:52:11,100,Highly Attentive,Forward,True,245,27.2
2026-08-16 16:52:12,100,Highly Attentive,Forward,True,245,27.1
2026-08-16 16:52:13,100,Highly Attentive,Forward,True,245,27.1
2026-08-16 16:52:14,100,Highly Attentive,Forward,True,245,27.0
2026-08-16 16:52:16,100,Highly Attentive,Forward,True,245,27.0
2026-08-16 16:52:17,100,Highly Attentive,Forward,True,245,26.9
2026-08-16 16:52:18,99,Highly Attentive,Forward,False,245,26.9
2026-08-16 16:52:19,95,Highly Attentive,Forward,True,246,27.0
2026-08-16 16:52:20,100,Highly Attentive,Forward,True,246,26.9
2026-08-16 16:52:21,100,Highly Attentive,Forward,True,246,26.9
2026-08-16 16:52:22,100,Highly Attentive,Forward,True,246,26.8
2026-08-16 16:52:23,100,Highly Attentive,Forward,True,246,26.8
2026-08-16 16:52:24,100,Highly Attentive,Forward,True,246,26.7
2026-08-16 16:52:25,100,Highly Attentive,Forward,True,246,26.7
2026-08-16 16:52:26,100,Highly Attentive,Forward,True,246,26.6
2026-08-16 16:52:27,100,Highly Attentive,Forward,True,246,26.6
2026-08-16 16:52:28,100,Highly Attentive,Forward,True,246,26.5
2026-08-16 16:52:29,100,Highly Attentive,Forward,True,246,26.5
2026-08-16 16:52:30,100,Highly Attentive,Forward,True,246,26.4
2026-08-16 16:52:31,98,Highly Attentive,Forward,True,247,26.5
2026-08-16 16:52:32,98,Highly Attentive,Forward,True,248,26.5
2026-08-16 16:52:33,100,Highly Attentive,Forward,True,248,26.5
2026-08-16 16:52:34,100,Highly Attentive,Forward,True,248,26.4
2026-08-16 16:52:35,100,Highly Attentive,Forward,True,248,26.4
2026-08-16 16:52:36,100,Highly Attentive,Forward,True,248,26.3
2026-08-16 16:52:37,100,Highly Attentive,Forward,True,248,26.3
2026-08-16 16:52:38,100,Highly Attentive,Forward,True,248,26.2
2026-08-16 16:52:39,97,Highly Attentive,Forward,False,248,26.2
2026-08-16 16:52:40,99,Highly Attentive,Forward,True,249,26.3
2026-08-16 16:52:41,100,Highly Attentive,Forward,True,249,26.2
2026-08-16 16:52:42,98,Highly Attentive,Forward,True,250,26.3
2026-08-16 16:52:43,100,Highly Attentive,Forward,True,250,26.2
2026-08-16 16:52:44,100,Highly Attentive,Forward,True,250,26.2
2026-08-16 16:52:45,100,Highly Attentive,Forward,True,250,26.1
2026-08-16 16:52:46,100,Highly Attentive,Forward,True,250,26.1
2026-08-16 16:52:47,100,Highly Attentive,Forward,True,250,26.0
2026-08-16 16:52:48,78,Attentive,Down,True,250,26.0
2026-08-16 16:52:49,67,Slightly Distracted,Down,True,250,25.9
2026-08-16 16:52:50,68,Slightly Distracted,Down,True,250,25.9
2026-08-16 16:52:51,65,Slightly Distracted,Down,True,250,25.8
2026-08-16 16:52:52,65,Slightly Distracted,Down,True,250,25.8
2026-08-16 16:52:53,65,Slightly Distracted,Down,True,250,25.8
2026-08-16 16:52:54,65,Slightly Distracted,Down,True,250,25.7
2026-08-16 16:52:55,94,Highly Attentive,Forward,True,250,25.7
2026-08-16 16:52:56,100,Highly Attentive,Forward,True,250,25.6
2026-08-16 16:52:57,100,Highly Attentive,Forward,True,250,25.6
2026-08-16 16:52:58,95,Highly Attentive,Forward,True,251,25.6
2026-08-16 16:52:59,99,Highly Attentive,Forward,True,251,25.6
2026-08-16 16:53:00,99,Highly Attentive,Forward,False,251,25.5
2026-08-16 16:53:01,100,Highly Attentive,Forward,True,251,25.5
2026-08-16 16:53:02,98,Highly Attentive,Forward,True,252,25.6
2026-08-16 16:53:03,100,Highly Attentive,Forward,True,252,25.5
2026-08-16 16:53:05,100,Highly Attentive,Forward,True,252,25.5
2026-08-16 16:53:06,100,Highly Attentive,Forward,True,252,25.4
2026-08-16 16:53:07,100,Highly Attentive,Forward,True,252,25.4
2026-08-16 16:53:08,86,Highly Attentive,Forward,False,252,25.3
2026-08-16 16:53:09,100,Highly Attentive,Forward,True,252,25.3
2026-08-16 16:53:10,100,Highly Attentive,Forward,True,252,25.3
2026-08-16 16:53:11,100,Highly Attentive,Forward,True,252,25.2
2026-08-16 16:53:12,100,Highly Attentive,Forward,True,252,25.2
2026-08-16 16:53:13,100,Highly Attentive,Forward,True,252,25.1
2026-08-16 16:53:14,99,Highly Attentive,Forward,True,253,25.2
2026-08-16 16:53:15,100,Highly Attentive,Forward,True,253,25.1
2026-08-16 16:53:16,100,Highly Attentive,Forward,True,253,25.1
2026-08-16 16:53:17,100,Highly Attentive,Forward,True,253,25.1
2026-08-16 16:53:18,100,Highly Attentive,Forward,True,253,25.0
2026-08-16 16:53:19,65,Slightly Distracted,Left,True,253,25.0
2026-08-16 16:53:20,65,Slightly Distracted,Left,True,253,24.9
2026-08-16 16:53:21,65,Slightly Distracted,Left,True,253,24.9
2026-08-16 16:53:22,65,Slightly Distracted,Left,True,253,24.8
2026-08-16 16:53:23,65,Slightly Distracted,Left,True,253,24.8
2026-08-16 16:53:24,65,Slightly Distracted,Left,True,253,24.8
2026-08-16 16:53:25,65,Slightly Distracted,Left,True,253,24.7
2026-08-16 16:53:26,65,Slightly Distracted,Left,True,253,24.7
2026-08-16 16:53:27,77,Attentive,Forward,True,253,24.6
2026-08-16 16:53:28,78,Attentive,Left,True,253,24.6
2026-08-16 16:53:29,79,Attentive,Forward,True,253,24.6
2026-08-16 16:53:30,100,Highly Attentive,Forward,True,253,24.5
2026-08-16 16:53:31,100,Highly Attentive,Forward,True,253,24.5
2026-08-16 16:53:32,100,Highly Attentive,Forward,True,253,24.4
2026-08-16 16:53:33,100,Highly Attentive,Forward,True,253,24.4
2026-08-16 16:53:34,100,Highly Attentive,Forward,True,253,24.4
2026-08-16 16:53:35,100,Highly Attentive,Forward,True,253,24.3
2026-08-16 16:53:36,100,Highly Attentive,Forward,True,253,24.3
2026-08-16 16:53:37,100,Highly Attentive,Forward,True,253,24.2
2026-08-16 16:53:38,97,Highly Attentive,Forward,True,254,24.3
2026-08-16 16:53:39,93,Highly Attentive,Forward,True,255,24.4
2026-08-16 16:53:40,100,Highly Attentive,Forward,True,255,24.3
2026-08-16 16:53:41,100,Highly Attentive,Forward,True,255,24.3
2026-08-16 16:53:42,99,Highly Attentive,Forward,False,255,24.2
2026-08-16 16:53:43,95,Highly Attentive,Forward,False,256,24.3
2026-08-16 16:53:44,100,Highly Attentive,Forward,True,257,24.3
2026-08-16 16:53:45,100,Highly Attentive,Forward,True,257,24.3
2026-08-16 16:53:46,100,Highly Attentive,Forward,True,257,24.3
2026-08-16 16:53:47,100,Highly Attentive,Forward,True,257,24.2
2026-08-16 16:53:48,94,Highly Attentive,Left,True,257,24.2
2026-08-16 16:53:49,99,Highly Attentive,Forward,True,257,24.2
2026-08-16 16:53:50,100,Highly Attentive,Forward,True,257,24.1
2026-08-16 16:53:51,100,Highly Attentive,Forward,True,257,24.1
2026-08-16 16:53:52,100,Highly Attentive,Forward,True,257,24.0
2026-08-16 16:53:53,100,Highly Attentive,Forward,True,257,24.0
2026-08-16 16:53:54,100,Highly Attentive,Forward,True,257,24.0
2026-08-16 16:53:55,100,Highly Attentive,Forward,True,257,23.9
2026-08-16 16:53:57,92,Highly Attentive,Left,True,257,23.9
2026-08-16 16:53:58,65,Slightly Distracted,Left,True,257,23.8
2026-08-16 16:53:59,65,Slightly Distracted,Left,True,257,23.8
2026-08-16 16:54:00,65,Slightly Distracted,Left,True,257,23.8
2026-08-16 16:54:01,65,Slightly Distracted,Left,True,257,23.7
2026-08-16 16:54:02,65,Slightly Distracted,Left,True,257,23.7
2026-08-16 16:54:03,82,Attentive,Forward,True,257,23.7
2026-08-16 16:54:04,88,Highly Attentive,Left,True,257,23.6
2026-08-16 16:54:05,65,Slightly Distracted,Left,True,257,23.6
2026-08-16 16:54:06,92,Highly Attentive,Forward,True,257,23.5
2026-08-16 16:54:07,100,Highly Attentive,Forward,True,257,23.5
2026-08-16 16:54:08,100,Highly Attentive,Forward,True,257,23.5
2026-08-16 16:54:09,100,Highly Attentive,Forward,True,257,23.4
2026-08-16 16:54:10,100,Highly Attentive,Forward,True,257,23.4
2026-08-16 16:54:11,100,Highly Attentive,Forward,True,257,23.4
2026-08-16 16:54:12,100,Highly Attentive,Forward,True,257,23.3
2026-08-16 16:54:13,100,Highly Attentive,Forward,True,257,23.3
2026-08-16 16:54:14,100,Highly Attentive,Forward,True,257,23.3
2026-08-16 16:54:15,100,Highly Attentive,Forward,True,257,23.2
2026-08-16 16:54:16,100,Highly Attentive,Forward,True,257,23.2
2026-08-16 16:54:17,91,Highly Attentive,Forward,True,258,23.2
2026-08-16 16:54:18,100,Highly Attentive,Forward,True,258,23.2
2026-08-16 16:54:19,100,Highly Attentive,Forward,True,258,23.2
2026-08-16 16:54:20,100,Highly Attentive,Forward,True,258,23.1
2026-08-16 16:54:21,100,Highly Attentive,Forward,True,258,23.1
2026-08-16 16:54:22,100,Highly Attentive,Forward,True,258,23.1
2026-08-16 16:54:23,100,Highly Attentive,Forward,True,258,23.0
2026-08-16 16:54:24,94,Highly Attentive,Forward,True,259,23.1
2026-08-16 16:54:25,100,Highly Attentive,Forward,True,259,23.1
2026-08-16 16:54:26,97,Highly Attentive,Forward,False,260,23.1
2026-08-16 16:54:27,99,Highly Attentive,Forward,True,261,23.2
2026-08-16 16:54:28,100,Highly Attentive,Forward,True,261,23.1
2026-08-16 16:54:29,100,Highly Attentive,Forward,True,261,23.1
2026-08-16 16:54:30,100,Highly Attentive,Forward,True,261,23.1
2026-08-16 16:54:31,100,Highly Attentive,Forward,True,261,23.0
2026-08-16 16:54:32,100,Highly Attentive,Forward,True,261,23.0
2026-08-16 16:54:33,100,Highly Attentive,Forward,True,261,22.9
2026-08-16 16:54:34,100,Highly Attentive,Forward,True,261,22.9
2026-08-16 16:54:35,100,Highly Attentive,Forward,True,261,22.9
2026-08-16 16:54:36,100,Highly Attentive,Forward,True,261,22.8
2026-08-16 16:54:37,100,Highly Attentive,Forward,True,261,22.8
2026-08-16 16:54:38,100,Highly Attentive,Forward,True,261,22.8
2026-08-16 16:54:39,100,Highly Attentive,Forward,True,261,22.7
2026-08-16 16:54:40,91,Highly Attentive,Left,True,261,22.7
2026-08-16 16:54:41,65,Slightly Distracted,Left,True,261,22.7
2026-08-16 16:54:42,65,Slightly Distracted,Left,True,261,22.6
2026-08-16 16:54:43,65,Slightly Distracted,Left,True,261,22.6
2026-08-16 16:54:44,65,Slightly Distracted,Left,True,261,22.6
2026-08-16 16:54:45,65,Slightly Distracted,Left,True,261,22.5
2026-08-16 16:54:47,65,Slightly Distracted,Left,True,261,22.5
2026-08-16 16:54:48,65,Slightly Distracted,Left,True,261,22.5
2026-08-16 16:54:49,91,Highly Attentive,Forward,True,261,22.4
2026-08-16 16:54:50,76,Attentive,Left,True,261,22.4
2026-08-16 16:54:51,71,Attentive,Forward,True,261,22.4
2026-08-16 16:54:52,100,Highly Attentive,Forward,True,261,22.3
2026-08-16 16:54:53,100,Highly Attentive,Forward,True,261,22.3
2026-08-16 16:54:54,99,Highly Attentive,Forward,True,261,22.3
2026-08-16 16:54:55,100,Highly Attentive,Forward,True,261,22.3
2026-08-16 16:54:56,100,Highly Attentive,Forward,True,261,22.2
2026-08-16 16:54:57,100,Highly Attentive,Forward,True,261,22.2
2026-08-16 16:54:58,100,Highly Attentive,Forward,True,261,22.2
2026-08-16 16:54:59,100,Highly Attentive,Forward,True,261,22.1
2026-08-16 16:55:00,100,Highly Attentive,Forward,True,261,22.1
2026-08-16 16:55:01,100,Highly Attentive,Forward,True,261,22.1
2026-08-16 16:55:02,100,Highly Attentive,Forward,True,261,22.0
2026-08-16 16:55:03,95,Highly Attentive,Forward,True,262,22.1
2026-08-16 16:55:04,100,Highly Attentive,Forward,True,262,22.0
2026-08-16 16:55:05,100,Highly Attentive,Forward,True,262,22.0
2026-08-16 16:55:06,100,Highly Attentive,Forward,True,262,22.0
2026-08-16 16:55:07,95,Highly Attentive,Forward,True,264,22.1
2026-08-16 16:55:08,100,Highly Attentive,Forward,True,264,22.1
2026-08-16 16:55:09,100,Highly Attentive,Forward,True,264,22.1
2026-08-16 16:55:10,100,Highly Attentive,Forward,True,264,22.0
2026-08-16 16:55:11,100,Highly Attentive,Forward,True,264,22.0
2026-08-16 16:55:12,98,Highly Attentive,Forward,True,265,22.0
2026-08-16 16:55:13,100,Highly Attentive,Forward,True,265,22.0
2026-08-16 16:55:14,100,Highly Attentive,Forward,True,265,22.0
2026-08-16 16:55:15,90,Highly Attentive,Forward,True,265,22.0
2026-08-16 16:55:16,72,Attentive,Down,True,265,21.9
2026-08-16 16:55:17,83,Attentive,Forward,True,265,21.9
2026-08-16 16:55:18,91,Highly Attentive,Forward,True,265,21.9
2026-08-16 16:55:19,77,Attentive,Forward,True,265,21.8
2026-08-16 16:55:20,72,Attentive,Down,True,265,21.8
2026-08-16 16:55:21,98,Highly Attentive,Forward,True,266,21.9
2026-08-16 16:55:22,100,Highly Attentive,Forward,True,266,21.8
2026-08-16 16:55:23,100,Highly Attentive,Forward,True,266,21.8
2026-08-16 16:55:24,100,Highly Attentive,Forward,True,266,21.8
2026-08-16 16:55:25,100,Highly Attentive,Forward,True,266,21.7
2026-08-16 16:55:26,100,Highly Attentive,Forward,True,266,21.7
2026-08-16 16:55:27,100,Highly Attentive,Forward,True,266,21.7
2026-08-16 16:55:28,100,Highly Attentive,Forward,True,266,21.6
2026-08-16 16:55:29,100,Highly Attentive,Forward,True,266,21.6
2026-08-16 16:55:30,100,Highly Attentive,Forward,True,266,21.6
2026-08-16 16:55:31,100,Highly Attentive,Forward,True,266,21.6
2026-08-16 16:55:32,100,Highly Attentive,Forward,True,266,21.5
2026-08-16 16:55:33,100,Highly Attentive,Forward,True,266,21.5
2026-08-16 16:55:35,100,Highly Attentive,Forward,True,266,21.5
2026-08-16 16:55:36,100,Highly Attentive,Forward,True,266,21.4
2026-08-16 16:55:37,100,Highly Attentive,Forward,True,266,21.4
2026-08-16 16:55:38,100,Highly Attentive,Forward,True,266,21.4
2026-08-16 16:55:39,100,Highly Attentive,Forward,True,266,21.3
2026-08-16 16:55:40,100,Highly Attentive,Forward,True,266,21.3
2026-08-16 16:55:41,100,Highly Attentive,Forward,True,266,21.3
2026-08-16 16:55:42,91,Highly Attentive,Forward,False,268,21.4
2026-08-16 16:55:43,97,Highly Attentive,Forward,True,269,21.5
2026-08-16 16:55:44,91,Highly Attentive,Forward,True,270,21.5
2026-08-16 16:55:45,95,Highly Attentive,Forward,True,271,21.6
2026-08-16 16:55:46,93,Highly Attentive,Forward,False,271,21.5
2026-08-16 16:55:47,97,Highly Attentive,Forward,True,273,21.7
2026-08-16 16:55:48,100,Highly Attentive,Forward,True,273,21.6
2026-08-16 16:55:49,100,Highly Attentive,Forward,True,273,21.6
2026-08-16 16:55:50,100,Highly Attentive,Forward,True,273,21.6
2026-08-16 16:55:51,100,Highly Attentive,Forward,True,273,21.6
2026-08-16 16:55:52,100,Highly Attentive,Forward,True,273,21.5
2026-08-16 16:55:53,100,Highly Attentive,Forward,True,273,21.5
2026-08-16 16:55:54,93,Highly Attentive,Forward,False,273,21.5
2026-08-16 16:55:55,95,Highly Attentive,Forward,True,275,21.6
2026-08-16 16:55:56,100,Highly Attentive,Forward,True,275,21.6
2026-08-16 16:55:57,100,Highly Attentive,Forward,True,275,21.5
2026-08-16 16:55:58,100,Highly Attentive,Forward,True,275,21.5
2026-08-16 16:55:59,100,Highly Attentive,Forward,True,275,21.5
2026-08-16 16:56:00,86,Highly Attentive,Forward,True,276,21.5
2026-08-16 16:56:01,69,Slightly Distracted,Forward,False,277,21.6
2026-08-16 16:56:02,69,Slightly Distracted,Forward,True,278,21.6
2026-08-16 16:56:03,85,Highly Attentive,Forward,True,278,21.6
2026-08-16 16:56:04,61,Slightly Distracted,Up,False,278,21.6
2026-08-16 16:56:05,31,Distracted,Up,True,279,21.6
2026-08-16 16:56:06,50,Slightly Distracted,Up,True,279,21.6
2026-08-16 16:56:07,47,Distracted,Up,True,280,21.6
2026-08-16 16:56:08,62,Slightly Distracted,Forward,True,283,21.8
2026-08-16 16:56:09,71,Attentive,Forward,False,283,21.8
2026-08-16 16:56:10,76,Attentive,Forward,True,286,22.0
2026-08-16 16:56:11,97,Highly Attentive,Forward,True,287,22.1
2026-08-16 16:56:12,63,Slightly Distracted,Left,True,289,22.2
2026-08-16 16:56:13,63,Slightly Distracted,Left,False,289,22.2
2026-08-16 16:56:14,65,Slightly Distracted,Left,True,290,22.2
2026-08-16 16:56:15,78,Attentive,Forward,False,290,22.2
2026-08-16 16:56:16,95,Highly Attentive,Forward,True,292,22.3
2026-08-16 16:56:17,100,Highly Attentive,Forward,True,292,22.3
2026-08-16 16:56:18,95,Highly Attentive,Forward,False,293,22.3
2026-08-16 16:56:19,89,Highly Attentive,Forward,True,294,22.4
2026-08-16 16:56:20,80,Attentive,Forward,True,297,22.6
2026-08-16 16:56:22,93,Highly Attentive,Forward,True,299,22.7
2026-08-16 16:56:23,93,Highly Attentive,Forward,False,301,22.8
2026-08-16 16:56:24,73,Attentive,Forward,False,303,22.9
2026-08-16 16:56:25,81,Attentive,Forward,True,304,23.0
2026-08-16 16:56:26,99,Highly Attentive,Forward,False,304,23.0
2026-08-16 16:56:27,99,Highly Attentive,Forward,True,305,23.0
2026-08-16 16:56:28,97,Highly Attentive,Forward,False,306,23.0
2026-08-16 16:56:29,97,Highly Attentive,Forward,True,308,23.2
2026-08-16 16:56:30,97,Highly Attentive,Forward,True,309,23.2
2026-08-16 16:56:31,99,Highly Attentive,Forward,True,309,23.2
2026-08-16 16:56:32,97,Highly Attentive,Forward,True,310,23.2
2026-08-16 16:56:33,97,Highly Attentive,Forward,True,311,23.3
2026-08-16 16:56:34,97,Highly Attentive,Forward,True,312,23.3
2026-08-16 16:56:35,97,Highly Attentive,Forward,True,313,23.4
2026-08-16 16:56:36,97,Highly Attentive,Forward,True,314,23.4
2026-08-16 16:56:37,100,Highly Attentive,Forward,True,314,23.4
2026-08-16 16:56:38,98,Highly Attentive,Forward,True,315,23.4
2026-08-16 16:56:39,100,Highly Attentive,Forward,True,315,23.4
2026-08-16 16:56:40,97,Highly Attentive,Forward,True,316,23.4
2026-08-16 16:56:41,96,Highly Attentive,Forward,True,317,23.5
2026-08-16 16:56:42,97,Highly Attentive,Forward,True,318,23.5
2026-08-16 16:56:43,97,Highly Attentive,Forward,True,319,23.6
2026-08-16 16:56:44,66,Slightly Distracted,Left,True,320,23.6
2026-08-16 16:56:45,65,Slightly Distracted,Left,True,320,23.6
2026-08-16 16:56:46,65,Slightly Distracted,Left,True,320,23.6
2026-08-16 16:56:47,64,Slightly Distracted,Left,True,320,23.5
2026-08-16 16:56:48,62,Slightly Distracted,Left,True,321,23.6
2026-08-16 16:56:49,62,Slightly Distracted,Left,True,322,23.6
2026-08-16 16:56:50,65,Slightly Distracted,Left,True,322,23.6
2026-08-16 16:56:55,65,Slightly Distracted,Left,True,322,23.4
2026-08-16 16:56:56,71,Attentive,Forward,True,323,23.5
2026-08-16 16:56:57,100,Highly Attentive,Forward,True,323,23.5
2026-08-16 16:56:58,100,Highly Attentive,Forward,True,323,23.4
2026-08-16 16:56:59,92,Highly Attentive,Forward,True,323,23.4
2026-08-16 16:57:00,92,Highly Attentive,Forward,True,323,23.4
2026-08-16 16:57:01,100,Highly Attentive,Forward,True,323,23.3
2026-08-16 16:57:02,100,Highly Attentive,Forward,True,323,23.3
2026-08-16 16:57:03,100,Highly Attentive,Forward,True,323,23.3
2026-08-16 16:57:04,100,Highly Attentive,Forward,True,323,23.3
2026-08-16 16:57:05,100,Highly Attentive,Forward,True,323,23.2
2026-08-16 16:57:06,100,Highly Attentive,Forward,True,323,23.2
2026-08-16 16:57:07,100,Highly Attentive,Forward,True,323,23.2
2026-08-16 16:57:08,99,Highly Attentive,Forward,True,323,23.1
2026-08-16 16:57:09,100,Highly Attentive,Forward,True,323,23.1
2026-08-16 16:57:10,100,Highly Attentive,Forward,True,323,23.1
2026-08-16 16:57:11,100,Highly Attentive,Forward,True,323,23.1
2026-08-16 16:57:12,100,Highly Attentive,Forward,True,323,23.0
2026-08-16 16:57:13,100,Highly Attentive,Forward,True,323,23.0
2026-08-16 16:57:14,100,Highly Attentive,Forward,True,323,23.0
2026-08-16 16:57:15,100,Highly Attentive,Forward,True,323,23.0
2026-08-16 16:57:16,100,Highly Attentive,Forward,True,323,22.9
2026-08-16 16:57:17,100,Highly Attentive,Forward,True,323,22.9
2026-08-16 16:57:18,100,Highly Attentive,Forward,True,323,22.9
2026-08-16 16:57:19,100,Highly Attentive,Forward,True,323,22.8
2026-08-16 16:57:20,100,Highly Attentive,Forward,True,323,22.8
2026-08-16 16:57:21,100,Highly Attentive,Forward,True,323,22.8
2026-08-16 16:57:22,100,Highly Attentive,Forward,True,323,22.8
2026-08-16 16:57:23,99,Highly Attentive,Forward,False,323,22.7
2026-08-16 16:57:25,99,Highly Attentive,Forward,True,324,22.8
2026-08-16 16:57:26,100,Highly Attentive,Forward,True,324,22.7
2026-08-16 16:57:27,100,Highly Attentive,Forward,True,324,22.7
2026-08-16 16:57:28,100,Highly Attentive,Forward,True,324,22.7
2026-08-16 16:57:29,100,Highly Attentive,Forward,True,324,22.7
2026-08-16 16:57:30,100,Highly Attentive,Forward,True,324,22.6
2026-08-16 16:57:31,99,Highly Attentive,Forward,True,324,22.6
2026-08-16 16:57:32,100,Highly Attentive,Forward,True,324,22.6
2026-08-16 16:57:33,100,Highly Attentive,Forward,True,324,22.6
2026-08-16 16:57:34,99,Highly Attentive,Forward,True,324,22.5
2026-08-16 16:57:35,100,Highly Attentive,Forward,True,324,22.5
2026-08-16 16:57:36,100,Highly Attentive,Forward,True,324,22.5
2026-08-16 16:57:37,100,Highly Attentive,Forward,True,324,22.5
2026-08-16 16:57:38,100,Highly Attentive,Forward,True,324,22.4
2026-08-16 16:57:39,99,Highly Attentive,Forward,True,324,22.4
2026-08-16 16:57:40,100,Highly Attentive,Forward,True,324,22.4
2026-08-16 16:57:41,100,Highly Attentive,Forward,True,324,22.3
2026-08-16 16:57:42,100,Highly Attentive,Forward,True,324,22.3
2026-08-16 16:57:43,100,Highly Attentive,Forward,True,324,22.3
2026-08-16 16:57:44,100,Highly Attentive,Forward,True,324,22.3
2026-08-16 16:57:45,100,Highly Attentive,Forward,True,324,22.2
2026-08-16 16:57:46,100,Highly Attentive,Forward,True,324,22.2
2026-08-16 16:57:47,99,Highly Attentive,Forward,True,324,22.2
2026-08-16 16:57:48,74,Attentive,Right,True,324,22.2
2026-08-16 16:57:49,81,Attentive,Forward,True,324,22.1
2026-08-16 16:57:50,100,Highly Attentive,Forward,True,324,22.1
2026-08-16 16:57:51,100,Highly Attentive,Forward,True,324,22.1
2026-08-16 16:57:52,100,Highly Attentive,Forward,True,324,22.1
2026-08-16 16:57:53,100,Highly Attentive,Forward,True,324,22.0
2026-08-16 16:57:54,100,Highly Attentive,Forward,True,324,22.0
2026-08-16 16:57:55,100,Highly Attentive,Forward,True,324,22.0
2026-08-16 16:57:56,100,Highly Attentive,Forward,True,324,22.0
2026-08-16 16:57:57,100,Highly Attentive,Forward,True,324,21.9
2026-08-16 16:57:58,100,Highly Attentive,Forward,True,324,21.9
2026-08-16 16:57:59,100,Highly Attentive,Forward,True,324,21.9
2026-08-16 16:58:00,100,Highly Attentive,Forward,True,324,21.9
2026-08-16 16:58:01,100,Highly Attentive,Forward,True,324,21.8
2026-08-16 16:58:02,100,Highly Attentive,Forward,True,324,21.8
2026-08-16 16:58:03,100,Highly Attentive,Forward,True,324,21.8
2026-08-16 16:58:04,100,Highly Attentive,Forward,True,324,21.8
2026-08-16 16:58:05,98,Highly Attentive,Forward,True,325,21.8
2026-08-16 16:58:06,100,Highly Attentive,Forward,True,325,21.8
2026-08-16 16:58:07,99,Highly Attentive,Forward,True,325,21.8
2026-08-16 16:58:08,97,Highly Attentive,Forward,True,325,21.7
2026-08-16 16:58:09,100,Highly Attentive,Forward,True,325,21.7
2026-08-16 16:58:10,98,Highly Attentive,Forward,True,325,21.7
2026-08-16 16:58:11,98,Highly Attentive,Forward,True,325,21.7
2026-08-16 16:58:12,93,Highly Attentive,Forward,False,326,21.7
2026-08-16 16:58:14,91,Highly Attentive,Forward,False,328,21.8
2026-08-16 16:58:15,91,Highly Attentive,Forward,True,329,21.8
2026-08-16 16:58:16,100,Highly Attentive,Forward,True,329,21.8
2026-08-16 16:58:17,95,Highly Attentive,Forward,False,330,21.9
2026-08-16 16:58:18,100,Highly Attentive,Forward,True,331,21.9
2026-08-16 16:58:19,100,Highly Attentive,Forward,True,331,21.9
2026-08-16 16:58:20,95,Highly Attentive,Forward,True,333,22.0
2026-08-16 16:58:21,100,Highly Attentive,Forward,True,333,22.0
2026-08-16 16:58:22,100,Highly Attentive,Forward,True,333,21.9
2026-08-16 16:58:23,98,Highly Attentive,Forward,True,334,22.0
2026-08-16 16:58:24,100,Highly Attentive,Forward,True,334,22.0
2026-08-16 16:58:25,96,Highly Attentive,Forward,True,336,22.1
2026-08-16 16:58:26,100,Highly Attentive,Forward,True,336,22.0
2026-08-16 16:58:27,100,Highly Attentive,Forward,True,336,22.0
2026-08-16 16:58:28,98,Highly Attentive,Forward,True,337,22.1
2026-08-16 16:58:29,100,Highly Attentive,Forward,True,337,22.0
2026-08-16 16:58:30,100,Highly Attentive,Forward,True,337,22.0
2026-08-16 16:58:31,100,Highly Attentive,Forward,True,337,22.0
2026-08-16 16:58:32,97,Highly Attentive,Forward,True,338,22.0
2026-08-16 16:58:33,100,Highly Attentive,Forward,True,338,22.0
2026-08-16 16:58:34,100,Highly Attentive,Forward,True,338,22.0
2026-08-16 16:58:35,98,Highly Attentive,Forward,False,338,21.9
2026-08-16 16:58:36,79,Attentive,Down,False,339,22.0
2026-08-16 16:58:37,59,Slightly Distracted,Down,False,339,22.0
2026-08-16 16:58:38,49,Distracted,Down,True,340,22.0
2026-08-16 16:58:39,76,Attentive,Left,True,341,22.0
2026-08-16 16:58:40,65,Slightly Distracted,Left,True,341,22.0
2026-08-16 16:58:41,65,Slightly Distracted,Left,True,341,22.0
2026-08-16 16:58:42,65,Slightly Distracted,Left,True,341,22.0
2026-08-16 16:58:43,65,Slightly Distracted,Left,True,341,21.9
2026-08-16 16:58:44,65,Slightly Distracted,Left,True,341,21.9
2026-08-16 16:58:45,65,Slightly Distracted,Left,True,341,21.9
2026-08-16 16:58:46,60,Slightly Distracted,Left,False,341,21.9
2026-08-16 16:58:47,45,Distracted,Left,False,341,21.9
2026-08-16 16:58:48,46,Distracted,Left,False,342,21.9
2026-08-16 16:58:49,45,Distracted,Left,False,342,21.9
2026-08-16 16:58:50,45,Distracted,Left,False,342,21.8
2026-08-16 16:58:51,46,Distracted,Left,False,343,21.9
2026-08-16 16:58:52,49,Distracted,Left,False,346,22.1
2026-08-16 16:58:53,78,Attentive,Forward,True,348,22.2
2026-08-16 16:58:54,99,Highly Attentive,Forward,True,348,22.1
2026-08-16 16:58:55,99,Highly Attentive,Forward,True,348,22.1
2026-08-16 16:58:56,98,Highly Attentive,Forward,True,349,22.1
2026-08-16 16:58:57,98,Highly Attentive,Forward,True,350,22.2
2026-08-16 16:58:58,82,Attentive,Forward,False,350,22.2
2026-08-16 16:58:59,91,Highly Attentive,Forward,False,351,22.2
2026-08-16 16:59:01,91,Highly Attentive,Forward,False,353,22.3
2026-08-16 16:59:02,97,Highly Attentive,Forward,True,355,22.4
2026-08-16 16:59:03,84,Attentive,Forward,True,355,22.4
2026-08-16 16:59:04,83,Attentive,Forward,True,356,22.4
2026-08-16 16:59:05,82,Attentive,Forward,True,357,22.5
2026-08-16 16:59:06,64,Slightly Distracted,Up,False,357,22.4
2026-08-16 16:59:07,37,Distracted,Up,False,359,22.5
2026-08-16 16:59:08,41,Distracted,Up,False,360,22.6
2026-08-16 16:59:09,37,Distracted,Up,False,362,22.7
2026-08-16 16:59:10,56,Slightly Distracted,Left,False,362,22.7
2026-08-16 16:59:11,65,Slightly Distracted,Forward,False,363,22.7
2026-08-16 16:59:12,73,Attentive,Right,True,364,22.7
2026-08-16 16:59:13,59,Slightly Distracted,Right,False,364,22.7
2026-08-16 16:59:14,54,Slightly Distracted,Right,False,366,22.8
2026-08-16 16:59:15,47,Distracted,Forward,False,366,22.8
2026-08-16 16:59:16,60,Slightly Distracted,Left,True,368,22.9
2026-08-16 16:59:17,63,Slightly Distracted,Forward,False,368,22.9
2026-08-16 16:59:20,62,Slightly Distracted,Left,True,369,22.9
2026-08-16 16:59:21,75,Attentive,Forward,False,372,23.0
2026-08-16 16:59:22,85,Attentive,Forward,True,374,23.1
2026-08-16 16:59:23,98,Highly Attentive,Forward,True,374,23.1
2026-08-16 16:59:24,89,Highly Attentive,Forward,False,376,23.2
2026-08-16 16:59:25,82,Attentive,Forward,True,378,23.3
2026-08-16 16:59:26,90,Highly Attentive,Forward,True,380,23.4
2026-08-16 16:59:27,84,Attentive,Forward,False,381,23.4
2026-08-16 16:59:28,82,Attentive,Forward,True,383,23.5
2026-08-16 16:59:29,90,Highly Attentive,Forward,True,386,23.7
2026-08-16 16:59:30,85,Attentive,Forward,False,387,23.7
2026-08-16 16:59:31,76,Attentive,Forward,False,388,23.8
2026-08-16 16:59:32,74,Attentive,Left,False,388,23.7
2026-08-16 16:59:33,51,Slightly Distracted,Left,True,390,23.8
2026-08-16 16:59:34,61,Slightly Distracted,Forward,False,390,23.8
2026-08-16 16:59:37,61,Slightly Distracted,Left,False,390,23.7
2026-08-16 16:59:38,92,Highly Attentive,Forward,True,392,23.8
2026-08-16 16:59:39,100,Highly Attentive,Forward,True,392,23.8
2026-08-16 16:59:40,98,Highly Attentive,Forward,True,393,23.8
2026-08-16 16:59:41,94,Highly Attentive,Forward,True,393,23.8
2026-08-16 16:59:42,98,Highly Attentive,Forward,True,393,23.8
2026-08-16 16:59:43,100,Highly Attentive,Forward,True,393,23.8
2026-08-16 16:59:44,88,Highly Attentive,Forward,True,393,23.7
2026-08-16 16:59:46,90,Highly Attentive,Forward,True,394,23.8
2026-08-16 16:59:47,100,Highly Attentive,Forward,True,394,23.7
2026-08-16 16:59:48,100,Highly Attentive,Forward,True,394,23.7
2026-08-16 16:59:49,99,Highly Attentive,Forward,True,394,23.7
2026-08-16 16:59:50,100,Highly Attentive,Forward,True,394,23.7
2026-08-16 16:59:51,100,Highly Attentive,Forward,True,394,23.6
2026-08-16 16:59:52,100,Highly Attentive,Forward,True,394,23.6
2026-08-16 16:59:53,100,Highly Attentive,Forward,True,394,23.6
2026-08-16 16:59:54,100,Highly Attentive,Forward,True,394,23.6
2026-08-16 16:59:55,95,Highly Attentive,Forward,True,396,23.7
2026-08-16 16:59:56,97,Highly Attentive,Forward,True,397,23.7
2026-08-16 16:59:57,100,Highly Attentive,Forward,True,397,23.7
2026-08-16 16:59:58,100,Highly Attentive,Forward,True,397,23.7
2026-08-16 16:59:59,98,Highly Attentive,Forward,False,397,23.6
2026-08-16 17:00:00,99,Highly Attentive,Forward,True,398,23.7
2026-08-16 17:00:01,100,Highly Attentive,Forward,True,398,23.6
2026-08-16 17:00:02,100,Highly Attentive,Forward,True,398,23.6
2026-08-16 17:00:03,100,Highly Attentive,Forward,True,398,23.6
2026-08-16 17:00:04,100,Highly Attentive,Forward,True,398,23.6
2026-08-16 17:00:05,100,Highly Attentive,Forward,True,398,23.6
2026-08-16 17:00:06,100,Highly Attentive,Forward,True,398,23.5
2026-08-16 17:00:07,99,Highly Attentive,Forward,True,398,23.5
2026-08-16 17:00:08,100,Highly Attentive,Forward,True,398,23.5
2026-08-16 17:00:09,100,Highly Attentive,Forward,True,398,23.5
2026-08-16 17:00:10,100,Highly Attentive,Forward,True,398,23.4
2026-08-16 17:00:11,100,Highly Attentive,Forward,True,398,23.4
2026-08-16 17:00:12,99,Highly Attentive,Forward,True,398,23.4
2026-08-16 17:00:13,100,Highly Attentive,Forward,True,398,23.4
2026-08-16 17:00:14,97,Highly Attentive,Forward,True,399,23.4
2026-08-16 17:00:15,100,Highly Attentive,Forward,True,399,23.4
2026-08-16 17:00:16,100,Highly Attentive,Forward,True,399,23.4
2026-08-16 17:00:17,92,Highly Attentive,Forward,False,401,23.4
2026-08-16 17:00:18,95,Highly Attentive,Forward,False,404,23.6
2026-08-16 17:00:19,99,Highly Attentive,Forward,True,405,23.6
2026-08-16 17:00:20,98,Highly Attentive,Forward,True,406,23.7
2026-08-16 17:00:21,100,Highly Attentive,Forward,True,406,23.6
2026-08-16 17:00:22,100,Highly Attentive,Forward,True,406,23.6
2026-08-16 17:00:23,98,Highly Attentive,Forward,True,406,23.6
2026-08-16 17:00:24,100,Highly Attentive,Forward,True,406,23.6
2026-08-16 17:00:25,100,Highly Attentive,Forward,True,406,23.5
2026-08-16 17:00:26,100,Highly Attentive,Forward,True,406,23.5
2026-08-16 17:00:27,100,Highly Attentive,Forward,True,406,23.5
2026-08-16 17:00:28,100,Highly Attentive,Forward,True,406,23.5
2026-08-16 17:00:29,100,Highly Attentive,Forward,True,406,23.5
2026-08-16 17:00:30,99,Highly Attentive,Forward,True,406,23.4
2026-08-16 17:00:31,100,Highly Attentive,Forward,True,406,23.4
2026-08-16 17:00:32,100,Highly Attentive,Forward,True,406,23.4
2026-08-16 17:00:33,87,Highly Attentive,Left,True,406,23.4
2026-08-16 17:00:34,65,Slightly Distracted,Left,True,406,23.3
2026-08-16 17:00:36,65,Slightly Distracted,Left,True,406,23.3
2026-08-16 17:00:37,65,Slightly Distracted,Left,True,406,23.3
2026-08-16 17:00:38,65,Slightly Distracted,Left,True,406,23.3
2026-08-16 17:00:39,65,Slightly Distracted,Left,True,406,23.3
2026-08-16 17:00:40,74,Attentive,Forward,True,406,23.2
2026-08-16 17:00:41,100,Highly Attentive,Forward,True,406,23.2
2026-08-16 17:00:42,100,Highly Attentive,Forward,True,406,23.2
2026-08-16 17:00:43,100,Highly Attentive,Forward,True,406,23.2
2026-08-16 17:00:44,100,Highly Attentive,Forward,True,406,23.1
2026-08-16 17:00:45,100,Highly Attentive,Forward,True,406,23.1
2026-08-16 17:00:46,100,Highly Attentive,Forward,True,406,23.1
2026-08-16 17:00:47,100,Highly Attentive,Forward,True,406,23.1
2026-08-16 17:00:48,93,Highly Attentive,Forward,True,409,23.2
2026-08-16 17:00:49,98,Highly Attentive,Forward,True,410,23.3
2026-08-16 17:00:50,88,Highly Attentive,Forward,True,412,23.3
2026-08-16 17:00:51,100,Highly Attentive,Forward,True,412,23.3
2026-08-16 17:00:52,100,Highly Attentive,Forward,True,412,23.3
2026-08-16 17:00:53,100,Highly Attentive,Forward,True,412,23.3
2026-08-16 17:00:54,100,Highly Attentive,Forward,True,412,23.3
2026-08-16 17:00:55,98,Highly Attentive,Forward,True,413,23.3
2026-08-16 17:00:56,100,Highly Attentive,Forward,True,413,23.3
2026-08-16 17:00:57,100,Highly Attentive,Forward,True,413,23.2
2026-08-16 17:00:58,100,Highly Attentive,Forward,True,413,23.2
2026-08-16 17:00:59,98,Highly Attentive,Forward,True,414,23.3
2026-08-16 17:01:00,100,Highly Attentive,Forward,True,414,23.2
2026-08-16 17:01:01,100,Highly Attentive,Forward,True,414,23.2
2026-08-16 17:01:02,100,Highly Attentive,Forward,True,414,23.2
2026-08-16 17:01:03,100,Highly Attentive,Forward,True,414,23.2
2026-08-16 17:01:04,100,Highly Attentive,Forward,True,414,23.1
2026-08-16 17:01:05,100,Highly Attentive,Forward,True,414,23.1
2026-08-16 17:01:06,100,Highly Attentive,Forward,True,414,23.1
2026-08-16 17:01:07,100,Highly Attentive,Forward,True,414,23.1
2026-08-16 17:01:08,100,Highly Attentive,Forward,True,414,23.1
2026-08-16 17:01:09,81,Attentive,Left,True,414,23.0
2026-08-16 17:01:10,65,Slightly Distracted,Left,True,414,23.0
2026-08-16 17:01:11,65,Slightly Distracted,Left,True,414,23.0
2026-08-16 17:01:12,94,Highly Attentive,Forward,True,414,23.0
2026-08-16 17:01:13,100,Highly Attentive,Forward,True,414,22.9
2026-08-16 17:01:14,100,Highly Attentive,Forward,True,414,22.9
2026-08-16 17:01:15,100,Highly Attentive,Forward,True,414,22.9
2026-08-16 17:01:16,100,Highly Attentive,Forward,True,414,22.9
2026-08-16 17:01:17,100,Highly Attentive,Forward,True,414,22.9
2026-08-16 17:01:18,100,Highly Attentive,Forward,True,414,22.8
2026-08-16 17:01:19,100,Highly Attentive,Forward,True,414,22.8
2026-08-16 17:01:20,100,Highly Attentive,Forward,True,414,22.8
2026-08-16 17:01:21,100,Highly Attentive,Forward,True,414,22.8
2026-08-16 17:01:22,100,Highly Attentive,Forward,True,414,22.8
2026-08-16 17:01:23,100,Highly Attentive,Forward,True,414,22.7
2026-08-16 17:01:24,100,Highly Attentive,Forward,True,414,22.7
2026-08-16 17:01:26,99,Highly Attentive,Forward,True,414,22.7
2026-08-16 17:01:27,100,Highly Attentive,Forward,True,414,22.7
2026-08-16 17:01:28,100,Highly Attentive,Forward,True,414,22.7
2026-08-16 17:01:29,100,Highly Attentive,Forward,True,414,22.6
2026-08-16 17:01:30,100,Highly Attentive,Forward,True,414,22.6
2026-08-16 17:01:31,100,Highly Attentive,Forward,True,414,22.6
2026-08-16 17:01:32,100,Highly Attentive,Forward,True,414,22.6
2026-08-16 17:01:33,100,Highly Attentive,Forward,True,414,22.5
2026-08-16 17:01:34,100,Highly Attentive,Forward,True,414,22.5
2026-08-16 17:01:35,100,Highly Attentive,Forward,True,414,22.5
2026-08-16 17:01:36,100,Highly Attentive,Forward,True,414,22.5
2026-08-16 17:01:37,100,Highly Attentive,Forward,True,414,22.5
2026-08-16 17:01:38,99,Highly Attentive,Forward,True,414,22.4
2026-08-16 17:01:39,100,Highly Attentive,Forward,True,414,22.4
2026-08-16 17:01:40,99,Highly Attentive,Forward,True,414,22.4
2026-08-16 17:01:41,100,Highly Attentive,Forward,True,414,22.4
2026-08-16 17:01:42,100,Highly Attentive,Forward,True,414,22.4
2026-08-16 17:01:43,100,Highly Attentive,Forward,True,414,22.3
2026-08-16 17:01:44,100,Highly Attentive,Forward,True,414,22.3
2026-08-16 17:01:45,100,Highly Attentive,Forward,True,414,22.3
2026-08-16 17:01:46,100,Highly Attentive,Forward,True,414,22.3
2026-08-16 17:01:47,100,Highly Attentive,Forward,True,414,22.3
2026-08-16 17:01:48,100,Highly Attentive,Forward,True,414,22.2
2026-08-16 17:01:49,100,Highly Attentive,Forward,True,414,22.2
2026-08-16 17:01:50,100,Highly Attentive,Forward,True,414,22.2
2026-08-16 17:01:51,100,Highly Attentive,Forward,True,414,22.2
2026-08-16 17:01:52,100,Highly Attentive,Forward,True,414,22.2
2026-08-16 17:01:53,100,Highly Attentive,Forward,True,414,22.1
2026-08-16 17:01:54,100,Highly Attentive,Forward,True,414,22.1
2026-08-16 17:01:55,100,Highly Attentive,Forward,True,414,22.1
2026-08-16 17:01:56,100,Highly Attentive,Forward,True,414,22.1
2026-08-16 17:01:57,100,Highly Attentive,Forward,True,414,22.1
2026-08-16 17:01:58,100,Highly Attentive,Forward,True,414,22.0
2026-08-16 17:01:59,100,Highly Attentive,Forward,True,414,22.0
2026-08-16 17:02:00,100,Highly Attentive,Forward,True,414,22.0
2026-08-16 17:02:01,100,Highly Attentive,Forward,True,414,22.0
2026-08-16 17:02:02,100,Highly Attentive,Forward,True,414,22.0
2026-08-16 17:02:03,100,Highly Attentive,Forward,True,414,21.9
2026-08-16 17:02:04,99,Highly Attentive,Forward,True,414,21.9
2026-08-16 17:02:05,99,Highly Attentive,Forward,True,414,21.9
2026-08-16 17:02:06,100,Highly Attentive,Forward,True,414,21.9
2026-08-16 17:02:07,100,Highly Attentive,Forward,True,414,21.9
2026-08-16 17:02:08,100,Highly Attentive,Forward,True,414,21.8
2026-08-16 17:02:09,100,Highly Attentive,Forward,True,414,21.8
2026-08-16 17:02:10,99,Highly Attentive,Forward,True,414,21.8
2026-08-16 17:02:11,100,Highly Attentive,Forward,True,414,21.8
2026-08-16 17:02:12,100,Highly Attentive,Forward,True,414,21.8
2026-08-16 17:02:13,100,Highly Attentive,Forward,True,414,21.7
2026-08-16 17:02:14,100,Highly Attentive,Forward,True,414,21.7
2026-08-16 17:02:16,100,Highly Attentive,Forward,True,414,21.7
2026-08-16 17:02:17,100,Highly Attentive,Forward,True,414,21.7
2026-08-16 17:02:18,99,Highly Attentive,Forward,False,414,21.7
2026-08-16 17:02:19,99,Highly Attentive,Forward,True,414,21.6
2026-08-16 17:02:20,100,Highly Attentive,Forward,True,414,21.6
2026-08-16 17:02:21,100,Highly Attentive,Forward,True,414,21.6
2026-08-16 17:02:22,100,Highly Attentive,Forward,True,414,21.6
2026-08-16 17:02:23,100,Highly Attentive,Forward,True,414,21.6
2026-08-16 17:02:24,98,Highly Attentive,Forward,True,415,21.6
2026-08-16 17:02:25,100,Highly Attentive,Forward,True,415,21.6
2026-08-16 17:02:26,98,Highly Attentive,Forward,True,416,21.6
2026-08-16 17:02:27,98,Highly Attentive,Forward,True,416,21.6
2026-08-16 17:02:28,100,Highly Attentive,Forward,True,416,21.6
2026-08-16 17:02:29,99,Highly Attentive,Forward,False,416,21.6
2026-08-16 17:02:30,96,Highly Attentive,Forward,True,418,21.6
2026-08-16 17:02:31,100,Highly Attentive,Forward,True,418,21.6
2026-08-16 17:02:32,99,Highly Attentive,Forward,True,418,21.6
2026-08-16 17:02:33,100,Highly Attentive,Forward,True,418,21.6
2026-08-16 17:02:34,98,Highly Attentive,Forward,True,419,21.6
2026-08-16 17:02:35,96,Highly Attentive,Forward,True,420,21.7
2026-08-16 17:02:36,100,Highly Attentive,Forward,True,420,21.6
2026-08-16 17:02:37,100,Highly Attentive,Forward,True,420,21.6
2026-08-16 17:02:38,99,Highly Attentive,Forward,True,420,21.6
2026-08-16 17:02:39,90,Highly Attentive,Forward,True,420,21.6
2026-08-16 17:02:40,96,Highly Attentive,Forward,True,420,21.6
2026-08-16 17:02:41,98,Highly Attentive,Forward,True,421,21.6
2026-08-16 17:02:42,99,Highly Attentive,Forward,True,421,21.6
2026-08-16 17:02:43,100,Highly Attentive,Forward,True,421,21.6
2026-08-16 17:02:44,100,Highly Attentive,Forward,True,421,21.5
2026-08-16 17:02:45,100,Highly Attentive,Forward,True,421,21.5
2026-08-16 17:02:46,100,Highly Attentive,Forward,True,421,21.5
2026-08-16 17:02:47,100,Highly Attentive,Forward,True,421,21.5
2026-08-16 17:02:48,100,Highly Attentive,Forward,True,421,21.5
2026-08-16 17:02:49,100,Highly Attentive,Forward,True,421,21.4
2026-08-16 17:02:50,100,Highly Attentive,Forward,True,421,21.4
2026-08-16 17:02:51,100,Highly Attentive,Forward,True,421,21.4
2026-08-16 17:02:52,100,Highly Attentive,Forward,True,421,21.4
2026-08-16 17:02:53,99,Highly Attentive,Forward,False,421,21.4
2026-08-16 17:02:54,99,Highly Attentive,Forward,True,421,21.3
2026-08-16 17:02:55,100,Highly Attentive,Forward,True,421,21.3
2026-08-16 17:02:56,100,Highly Attentive,Forward,True,421,21.3
2026-08-16 17:02:57,100,Highly Attentive,Forward,True,421,21.3
2026-08-16 17:02:58,100,Highly Attentive,Forward,True,421,21.3
2026-08-16 17:02:59,100,Highly Attentive,Forward,True,421,21.3
2026-08-16 17:03:00,100,Highly Attentive,Forward,True,421,21.2
2026-08-16 17:03:01,100,Highly Attentive,Forward,True,421,21.2
2026-08-16 17:03:02,100,Highly Attentive,Forward,True,421,21.2
2026-08-16 17:03:03,100,Highly Attentive,Forward,True,421,21.2
2026-08-16 17:03:04,100,Highly Attentive,Forward,True,421,21.2
2026-08-16 17:03:05,100,Highly Attentive,Forward,True,421,21.1
2026-08-16 17:03:06,100,Highly Attentive,Forward,True,421,21.1
2026-08-16 17:03:07,87,Highly Attentive,Left,True,421,21.1
2026-08-16 17:03:09,90,Highly Attentive,Forward,True,421,21.1
2026-08-16 17:03:10,96,Highly Attentive,Forward,True,422,21.1
2026-08-16 17:03:11,95,Highly Attentive,Forward,True,422,21.1
2026-08-16 17:03:12,99,Highly Attentive,Forward,True,422,21.1
2026-08-16 17:03:13,100,Highly Attentive,Forward,True,422,21.1
2026-08-16 17:03:14,100,Highly Attentive,Forward,True,422,21.1
2026-08-16 17:03:15,100,Highly Attentive,Forward,True,422,21.0
2026-08-16 17:03:16,100,Highly Attentive,Forward,True,422,21.0
2026-08-16 17:03:17,99,Highly Attentive,Forward,True,422,21.0
2026-08-16 17:03:18,100,Highly Attentive,Forward,True,422,21.0
2026-08-16 17:03:19,99,Highly Attentive,Forward,False,422,21.0
2026-08-16 17:03:20,99,Highly Attentive,Forward,True,422,20.9
2026-08-16 17:03:21,99,Highly Attentive,Forward,True,422,20.9
2026-08-16 17:03:22,98,Highly Attentive,Forward,True,423,21.0
2026-08-16 17:03:23,99,Highly Attentive,Forward,True,423,20.9
2026-08-16 17:03:24,97,Highly Attentive,Forward,True,423,20.9
2026-08-16 17:03:25,100,Highly Attentive,Forward,True,423,20.9
2026-08-16 17:03:26,100,Highly Attentive,Forward,True,423,20.9
2026-08-16 17:03:27,100,Highly Attentive,Forward,True,423,20.9
2026-08-16 17:03:28,100,Highly Attentive,Forward,True,423,20.9
2026-08-16 17:03:29,100,Highly Attentive,Forward,True,423,20.8
2026-08-16 17:03:30,100,Highly Attentive,Forward,True,423,20.8
2026-08-16 17:03:31,100,Highly Attentive,Forward,True,423,20.8
2026-08-16 17:03:32,100,Highly Attentive,Forward,True,423,20.8
2026-08-16 17:03:33,100,Highly Attentive,Forward,True,423,20.8
2026-08-16 17:03:34,99,Highly Attentive,Forward,False,423,20.8
2026-08-16 17:03:35,97,Highly Attentive,Forward,True,424,20.8
2026-08-16 17:03:36,100,Highly Attentive,Forward,True,424,20.8
2026-08-16 17:03:37,100,Highly Attentive,Forward,True,424,20.7
2026-08-16 17:03:38,100,Highly Attentive,Forward,True,424,20.7
2026-08-16 17:03:39,97,Highly Attentive,Forward,True,425,20.8
2026-08-16 17:03:40,100,Highly Attentive,Forward,True,425,20.7
2026-08-16 17:03:41,99,Highly Attentive,Forward,True,425,20.7
2026-08-16 17:03:42,99,Highly Attentive,Forward,True,425,20.7
2026-08-16 17:03:43,98,Highly Attentive,Forward,False,425,20.7
2026-08-16 17:03:44,97,Highly Attentive,Forward,True,426,20.7
2026-08-16 17:03:45,76,Attentive,Left,True,427,20.8
2026-08-16 17:03:46,65,Slightly Distracted,Left,True,427,20.7
2026-08-16 17:03:47,65,Slightly Distracted,Left,True,427,20.7
2026-08-16 17:03:48,83,Attentive,Forward,True,427,20.7
2026-08-16 17:03:49,100,Highly Attentive,Forward,True,427,20.7
2026-08-16 17:03:50,98,Highly Attentive,Forward,True,427,20.7
2026-08-16 17:03:51,91,Highly Attentive,Forward,True,427,20.7
2026-08-16 17:03:52,99,Highly Attentive,Forward,True,427,20.6
2026-08-16 17:03:53,100,Highly Attentive,Forward,True,427,20.6
2026-08-16 17:03:54,100,Highly Attentive,Forward,True,427,20.6
2026-08-16 17:03:55,100,Highly Attentive,Forward,True,427,20.6
2026-08-16 17:03:56,100,Highly Attentive,Forward,True,427,20.6
2026-08-16 17:03:57,100,Highly Attentive,Forward,True,427,20.6
2026-08-16 17:03:58,98,Highly Attentive,Forward,True,428,20.6
2026-08-16 17:03:59,96,Highly Attentive,Down,True,428,20.6
2026-08-16 17:04:00,77,Attentive,Right,True,428,20.6
2026-08-16 17:04:02,83,Attentive,Forward,True,429,20.6
2026-08-16 17:04:03,95,Highly Attentive,Forward,True,429,20.6
2026-08-16 17:04:04,91,Highly Attentive,Right,True,429,20.5
2026-08-16 17:04:05,82,Attentive,Forward,True,429,20.5
2026-08-16 17:04:06,96,Highly Attentive,Forward,True,429,20.5
2026-08-16 17:04:07,100,Highly Attentive,Forward,True,429,20.5
2026-08-16 17:04:08,100,Highly Attentive,Forward,True,429,20.5
2026-08-16 17:04:09,100,Highly Attentive,Forward,True,429,20.5
2026-08-16 17:04:10,100,Highly Attentive,Forward,True,429,20.4
2026-08-16 17:04:11,86,Highly Attentive,Left,True,430,20.5
2026-08-16 17:04:12,66,Slightly Distracted,Left,True,430,20.5
2026-08-16 17:04:13,64,Slightly Distracted,Left,False,430,20.4
2026-08-16 17:04:14,82,Attentive,Forward,True,431,20.5
2026-08-16 17:04:15,100,Highly Attentive,Forward,True,431,20.5
2026-08-16 17:04:16,84,Attentive,Left,True,433,20.5
2026-08-16 17:04:17,64,Slightly Distracted,Left,True,433,20.5
2026-08-16 17:04:18,81,Attentive,Forward,True,433,20.5
2026-08-16 17:04:19,100,Highly Attentive,Forward,True,433,20.5
2026-08-16 17:04:20,92,Highly Attentive,Forward,True,435,20.6
2026-08-16 17:04:21,87,Highly Attentive,Left,True,435,20.6
2026-08-16 17:04:22,68,Slightly Distracted,Left,True,435,20.5
2026-08-16 17:04:23,77,Attentive,Forward,True,435,20.5
2026-08-16 17:04:24,95,Highly Attentive,Forward,True,436,20.5
2026-08-16 17:04:25,89,Highly Attentive,Forward,True,438,20.6
2026-08-16 17:04:26,99,Highly Attentive,Forward,True,438,20.6
2026-08-16 17:04:27,100,Highly Attentive,Forward,True,438,20.6
2026-08-16 17:04:28,100,Highly Attentive,Forward,True,438,20.6
2026-08-16 17:04:29,92,Highly Attentive,Forward,False,438,20.6
2026-08-16 17:04:30,72,Attentive,Forward,False,438,20.5
2026-08-16 17:04:31,75,Attentive,Forward,False,438,20.5
2026-08-16 17:04:32,78,Attentive,Forward,False,438,20.5
2026-08-16 17:04:33,78,Attentive,Forward,True,439,20.5
2026-08-16 17:04:34,88,Highly Attentive,Forward,False,439,20.5
2026-08-16 17:04:35,82,Attentive,Forward,False,439,20.5
2026-08-16 17:04:36,86,Highly Attentive,Forward,True,440,20.5
2026-08-16 17:04:37,97,Highly Attentive,Forward,True,440,20.5
2026-08-16 17:04:38,100,Highly Attentive,Forward,True,440,20.5
2026-08-16 17:04:39,100,Highly Attentive,Forward,True,440,20.5
2026-08-16 17:04:40,94,Highly Attentive,Forward,False,441,20.5
2026-08-16 17:04:41,93,Highly Attentive,Forward,True,442,20.6
2026-08-16 17:04:42,100,Highly Attentive,Forward,True,442,20.5
2026-08-16 17:04:43,100,Highly Attentive,Forward,True,442,20.5
2026-08-16 17:04:44,84,Attentive,Left,True,442,20.5
2026-08-16 17:04:45,87,Highly Attentive,Forward,True,442,20.5
2026-08-16 17:04:46,100,Highly Attentive,Forward,True,442,20.5
2026-08-16 17:04:47,99,Highly Attentive,Forward,True,442,20.5
2026-08-16 17:04:48,99,Highly Attentive,Forward,True,442,20.4
2026-08-16 17:04:49,100,Highly Attentive,Forward,True,442,20.4
2026-08-16 17:04:50,100,Highly Attentive,Forward,True,442,20.4
2026-08-16 17:04:51,100,Highly Attentive,Forward,True,442,20.4
2026-08-16 17:04:52,100,Highly Attentive,Forward,True,442,20.4
2026-08-16 17:04:53,99,Highly Attentive,Forward,True,442,20.4
2026-08-16 17:04:55,100,Highly Attentive,Forward,True,442,20.3
2026-08-16 17:04:56,100,Highly Attentive,Forward,True,442,20.3
2026-08-16 17:04:57,97,Highly Attentive,Forward,False,442,20.3
2026-08-16 17:04:58,96,Highly Attentive,Forward,True,442,20.3
2026-08-16 17:04:59,99,Highly Attentive,Forward,True,442,20.3
2026-08-16 17:05:00,100,Highly Attentive,Forward,True,442,20.3
2026-08-16 17:05:01,100,Highly Attentive,Forward,True,442,20.2
2026-08-16 17:05:02,100,Highly Attentive,Forward,True,442,20.2
2026-08-16 17:05:03,100,Highly Attentive,Forward,True,442,20.2
2026-08-16 17:05:04,100,Highly Attentive,Forward,True,442,20.2
2026-08-16 17:05:05,99,Highly Attentive,Forward,False,442,20.2
2026-08-16 17:05:06,98,Highly Attentive,Forward,True,442,20.2
2026-08-16 17:05:07,100,Highly Attentive,Forward,True,442,20.2
2026-08-16 17:05:08,100,Highly Attentive,Forward,True,442,20.1
2026-08-16 17:05:09,91,Highly Attentive,Left,True,442,20.1
2026-08-16 17:05:10,66,Slightly Distracted,Left,True,442,20.1
2026-08-16 17:05:11,65,Slightly Distracted,Left,True,442,20.1
2026-08-16 17:05:12,65,Slightly Distracted,Left,True,442,20.1
2026-08-16 17:05:13,65,Slightly Distracted,Left,True,442,20.1
2026-08-16 17:05:14,65,Slightly Distracted,Left,True,442,20.0
2026-08-16 17:05:15,65,Slightly Distracted,Left,True,442,20.0
2026-08-16 17:05:16,71,Attentive,Forward,True,442,20.0
2026-08-16 17:05:17,94,Highly Attentive,Forward,True,442,20.0
2026-08-16 17:05:18,98,Highly Attentive,Left,True,442,20.0
2026-08-16 17:05:19,89,Highly Attentive,Forward,True,442,20.0
2026-08-16 17:05:20,100,Highly Attentive,Forward,True,442,20.0
2026-08-16 17:05:21,100,Highly Attentive,Forward,True,442,19.9
2026-08-16 17:05:22,100,Highly Attentive,Forward,True,442,19.9
2026-08-16 17:05:23,100,Highly Attentive,Forward,True,442,19.9
2026-08-16 17:05:24,100,Highly Attentive,Forward,True,442,19.9
2026-08-16 17:05:25,100,Highly Attentive,Forward,True,442,19.9
2026-08-16 17:05:26,100,Highly Attentive,Forward,True,442,19.9
2026-08-16 17:05:27,100,Highly Attentive,Forward,True,442,19.8
2026-08-16 17:05:28,100,Highly Attentive,Forward,True,442,19.8
2026-08-16 17:05:29,100,Highly Attentive,Forward,True,442,19.8
2026-08-16 17:05:30,100,Highly Attentive,Forward,True,442,19.8
2026-08-16 17:05:31,100,Highly Attentive,Forward,True,442,19.8
2026-08-16 17:05:32,100,Highly Attentive,Forward,True,442,19.8
2026-08-16 17:05:33,100,Highly Attentive,Forward,True,442,19.8
2026-08-16 17:05:34,100,Highly Attentive,Forward,True,442,19.7
2026-08-16 17:05:35,100,Highly Attentive,Forward,True,442,19.7
2026-08-16 17:05:36,100,Highly Attentive,Forward,True,442,19.7
2026-08-16 17:05:37,100,Highly Attentive,Forward,True,442,19.7
2026-08-16 17:05:38,100,Highly Attentive,Forward,True,442,19.7
2026-08-16 17:05:39,99,Highly Attentive,Forward,False,442,19.7
2026-08-16 17:05:40,95,Highly Attentive,Forward,True,443,19.7
2026-08-16 17:05:41,100,Highly Attentive,Forward,True,443,19.7
2026-08-16 17:05:42,100,Highly Attentive,Forward,True,443,19.7
2026-08-16 17:05:43,100,Highly Attentive,Forward,True,443,19.7
2026-08-16 17:05:44,100,Highly Attentive,Forward,True,443,19.6
2026-08-16 17:05:45,100,Highly Attentive,Forward,True,443,19.6
2026-08-16 17:05:46,90,Highly Attentive,Forward,False,444,19.7
2026-08-16 17:05:48,94,Highly Attentive,Forward,True,445,19.7
2026-08-16 17:05:49,100,Highly Attentive,Forward,True,445,19.7
2026-08-16 17:05:50,99,Highly Attentive,Forward,True,445,19.7
2026-08-16 17:05:51,100,Highly Attentive,Forward,True,445,19.6
2026-08-16 17:05:52,100,Highly Attentive,Forward,True,445,19.6
2026-08-16 17:05:53,100,Highly Attentive,Forward,True,445,19.6
2026-08-16 17:05:54,100,Highly Attentive,Forward,True,445,19.6
2026-08-16 17:05:55,100,Highly Attentive,Forward,True,445,19.6
2026-08-16 17:05:56,99,Highly Attentive,Forward,False,445,19.6
2026-08-16 17:05:57,98,Highly Attentive,Forward,True,446,19.6
2026-08-16 17:05:58,100,Highly Attentive,Forward,True,446,19.6
2026-08-16 17:05:59,100,Highly Attentive,Forward,True,446,19.6
2026-08-16 17:06:00,92,Highly Attentive,Forward,True,446,19.5
2026-08-16 17:06:01,85,Highly Attentive,Forward,True,446,19.5
2026-08-16 17:06:02,85,Highly Attentive,Forward,True,446,19.5
2026-08-16 17:06:03,85,Highly Attentive,Forward,True,446,19.5
2026-08-16 17:06:04,84,Attentive,Forward,False,446,19.5
2026-08-16 17:06:05,73,Attentive,Forward,True,447,19.5
2026-08-16 17:06:06,89,Highly Attentive,Forward,True,447,19.5
2026-08-16 17:06:07,95,Highly Attentive,Forward,True,447,19.5
2026-08-16 17:06:08,96,Highly Attentive,Forward,True,447,19.5
2026-08-16 17:06:09,100,Highly Attentive,Forward,True,447,19.5
2026-08-16 17:06:10,100,Highly Attentive,Forward,True,447,19.4
2026-08-16 17:06:11,100,Highly Attentive,Forward,True,447,19.4
2026-08-16 17:06:12,100,Highly Attentive,Forward,True,447,19.4
2026-08-16 17:06:13,99,Highly Attentive,Forward,True,447,19.4
2026-08-16 17:06:14,99,Highly Attentive,Forward,True,447,19.4
2026-08-16 17:06:15,99,Highly Attentive,Forward,True,447,19.4
2026-08-16 17:06:16,99,Highly Attentive,Forward,True,447,19.4
2026-08-16 17:06:17,93,Highly Attentive,Down,True,447,19.3
2026-08-16 17:06:18,71,Attentive,Down,True,447,19.3
2026-08-16 17:06:19,65,Slightly Distracted,Down,True,447,19.3
2026-08-16 17:06:20,65,Slightly Distracted,Down,True,447,19.3
2026-08-16 17:06:21,65,Slightly Distracted,Down,True,447,19.3
2026-08-16 17:06:22,65,Slightly Distracted,Down,True,447,19.3
2026-08-16 17:06:23,81,Attentive,Forward,True,447,19.3
2026-08-16 17:06:24,98,Highly Attentive,Forward,True,447,19.2
2026-08-16 17:06:25,95,Highly Attentive,Forward,True,447,19.2
2026-08-16 17:06:26,100,Highly Attentive,Forward,True,447,19.2
2026-08-16 17:06:27,100,Highly Attentive,Forward,True,447,19.2
2026-08-16 17:06:28,98,Highly Attentive,Forward,True,448,19.2
2026-08-16 17:06:29,98,Highly Attentive,Forward,True,448,19.2
2026-08-16 17:06:30,100,Highly Attentive,Forward,True,448,19.2
2026-08-16 17:06:31,100,Highly Attentive,Forward,True,448,19.2
2026-08-16 17:06:32,100,Highly Attentive,Forward,True,448,19.2
2026-08-16 17:06:33,100,Highly Attentive,Forward,True,448,19.2
2026-08-16 17:06:34,100,Highly Attentive,Forward,True,448,19.2
2026-08-16 17:06:35,99,Highly Attentive,Forward,True,448,19.1
2026-08-16 17:06:36,99,Highly Attentive,Forward,True,448,19.1
2026-08-16 17:06:37,100,Highly Attentive,Forward,True,448,19.1
2026-08-16 17:06:38,100,Highly Attentive,Forward,True,448,19.1
2026-08-16 17:06:40,100,Highly Attentive,Forward,True,448,19.1
2026-08-16 17:06:41,100,Highly Attentive,Forward,True,448,19.1
2026-08-16 17:06:42,100,Highly Attentive,Forward,True,448,19.1
2026-08-16 17:06:43,96,Highly Attentive,Forward,True,448,19.0
2026-08-16 17:06:44,86,Highly Attentive,Forward,True,448,19.0
2026-08-16 17:06:45,85,Highly Attentive,Forward,True,448,19.0
2026-08-16 17:06:46,93,Highly Attentive,Forward,True,448,19.0
2026-08-16 17:06:47,100,Highly Attentive,Forward,True,448,19.0
2026-08-16 17:06:48,100,Highly Attentive,Forward,True,448,19.0
2026-08-16 17:06:49,100,Highly Attentive,Forward,True,448,19.0
2026-08-16 17:06:50,100,Highly Attentive,Forward,True,448,18.9
2026-08-16 17:06:51,99,Highly Attentive,Forward,True,448,18.9
2026-08-16 17:06:52,99,Highly Attentive,Forward,True,448,18.9
2026-08-16 17:06:53,100,Highly Attentive,Forward,True,448,18.9
2026-08-16 17:06:54,100,Highly Attentive,Forward,True,448,18.9
2026-08-16 17:06:55,100,Highly Attentive,Forward,True,448,18.9
2026-08-16 17:06:56,94,Highly Attentive,Forward,True,448,18.9
2026-08-16 17:06:57,85,Highly Attentive,Forward,True,448,18.9
2026-08-16 17:06:58,85,Highly Attentive,Forward,True,448,18.8
2026-08-16 17:06:59,80,Attentive,Forward,True,450,18.9
2026-08-16 17:07:00,82,Attentive,Forward,True,450,18.9
2026-08-16 17:07:01,85,Highly Attentive,Forward,True,450,18.9
2026-08-16 17:07:02,80,Attentive,Forward,False,450,18.9
2026-08-16 17:07:03,70,Slightly Distracted,Forward,False,451,18.9
2026-08-16 17:07:04,64,Slightly Distracted,Forward,False,451,18.9
2026-08-16 17:07:05,67,Slightly Distracted,Forward,False,452,18.9
2026-08-16 17:07:06,69,Slightly Distracted,Forward,False,454,19.0
2026-08-16 17:07:07,74,Attentive,Left,True,456,19.1
2026-08-16 17:07:08,69,Slightly Distracted,Forward,True,456,19.0
2026-08-16 17:07:09,93,Highly Attentive,Forward,True,456,19.0
2026-08-16 17:07:10,99,Highly Attentive,Forward,True,456,19.0
2026-08-16 17:07:11,99,Highly Attentive,Forward,True,456,19.0
2026-08-16 17:07:12,99,Highly Attentive,Forward,True,456,19.0
2026-08-16 17:07:13,99,Highly Attentive,Forward,True,456,19.0
2026-08-16 17:07:14,100,Highly Attentive,Forward,True,456,19.0
2026-08-16 17:07:15,100,Highly Attentive,Forward,True,456,18.9
2026-08-16 17:07:16,98,Highly Attentive,Forward,True,457,19.0
2026-08-16 17:07:17,100,Highly Attentive,Forward,True,457,19.0
2026-08-16 17:07:18,100,Highly Attentive,Forward,True,457,18.9
2026-08-16 17:07:19,100,Highly Attentive,Forward,True,457,18.9
2026-08-16 17:07:20,100,Highly Attentive,Forward,True,457,18.9
2026-08-16 17:07:21,99,Highly Attentive,Forward,True,457,18.9
2026-08-16 17:07:22,99,Highly Attentive,Forward,True,457,18.9
2026-08-16 17:07:23,100,Highly Attentive,Forward,True,457,18.9
2026-08-16 17:07:24,100,Highly Attentive,Forward,True,457,18.9
2026-08-16 17:07:25,100,Highly Attentive,Forward,True,457,18.9
2026-08-16 17:07:26,99,Highly Attentive,Forward,True,457,18.8
2026-08-16 17:07:27,99,Highly Attentive,Forward,True,457,18.8
2026-08-16 17:07:28,100,Highly Attentive,Forward,True,457,18.8
2026-08-16 17:07:29,100,Highly Attentive,Forward,True,457,18.8
2026-08-16 17:07:30,100,Highly Attentive,Forward,True,457,18.8
2026-08-16 17:07:32,100,Highly Attentive,Forward,True,457,18.8
2026-08-16 17:07:33,99,Highly Attentive,Forward,True,457,18.8
2026-08-16 17:07:34,95,Highly Attentive,Forward,True,458,18.8
2026-08-16 17:07:35,100,Highly Attentive,Forward,True,458,18.8
2026-08-16 17:07:36,100,Highly Attentive,Forward,True,458,18.8
2026-08-16 17:07:37,100,Highly Attentive,Forward,True,458,18.7
2026-08-16 17:07:38,100,Highly Attentive,Forward,True,458,18.7
2026-08-16 17:07:39,100,Highly Attentive,Forward,True,458,18.7
2026-08-16 17:07:40,100,Highly Attentive,Forward,True,458,18.7
2026-08-16 17:07:41,100,Highly Attentive,Forward,True,458,18.7
2026-08-16 17:07:42,100,Highly Attentive,Forward,True,458,18.7
2026-08-16 17:07:43,97,Highly Attentive,Forward,True,459,18.7
2026-08-16 17:07:44,100,Highly Attentive,Forward,True,459,18.7
2026-08-16 17:07:45,100,Highly Attentive,Forward,True,459,18.7
2026-08-16 17:07:46,98,Highly Attentive,Forward,True,459,18.7
2026-08-16 17:07:47,98,Highly Attentive,Forward,True,460,18.7
2026-08-16 17:07:48,100,Highly Attentive,Forward,True,460,18.7
2026-08-16 17:07:49,99,Highly Attentive,Forward,True,460,18.7
2026-08-16 17:07:50,99,Highly Attentive,Forward,True,460,18.7
2026-08-16 17:07:51,97,Highly Attentive,Forward,True,461,18.7
2026-08-16 17:07:52,99,Highly Attentive,Forward,True,461,18.7
2026-08-16 17:07:53,99,Highly Attentive,Forward,True,461,18.7
2026-08-16 17:07:54,100,Highly Attentive,Forward,True,461,18.7
2026-08-16 17:07:55,98,Highly Attentive,Forward,True,462,18.7
2026-08-16 17:07:56,97,Highly Attentive,Forward,True,463,18.7
2026-08-16 17:07:57,97,Highly Attentive,Forward,True,463,18.7
2026-08-16 17:07:58,96,Highly Attentive,Forward,True,464,18.7
2026-08-16 17:07:59,97,Highly Attentive,Forward,True,464,18.7
2026-08-16 17:08:00,100,Highly Attentive,Forward,True,464,18.7
2026-08-16 17:08:01,71,Attentive,Left,True,465,18.7
2026-08-16 17:08:02,65,Slightly Distracted,Left,True,466,18.8
2026-08-16 17:08:03,68,Slightly Distracted,Forward,False,466,18.7
2026-08-16 17:08:04,80,Attentive,Forward,False,466,18.7
2026-08-16 17:08:05,80,Attentive,Forward,False,466,18.7
2026-08-16 17:08:06,80,Attentive,Forward,False,466,18.7
2026-08-16 17:08:07,73,Attentive,Left,True,467,18.7
2026-08-16 17:08:08,65,Slightly Distracted,Forward,False,467,18.7
2026-08-16 17:08:09,72,Attentive,Forward,False,467,18.7
2026-08-16 17:08:10,78,Attentive,Forward,False,467,18.7
2026-08-16 17:08:11,80,Attentive,Forward,False,467,18.7
2026-08-16 17:08:12,76,Attentive,Forward,False,467,18.7
2026-08-16 17:08:13,81,Attentive,Forward,True,468,18.7
2026-08-16 17:08:14,95,Highly Attentive,Forward,False,468,18.7
2026-08-16 17:08:15,83,Attentive,Forward,False,468,18.7
2026-08-16 17:08:16,80,Attentive,Forward,False,468,18.7
2026-08-16 17:08:17,80,Attentive,Forward,False,468,18.6
2026-08-16 17:08:18,80,Attentive,Forward,False,468,18.6
2026-08-16 17:08:19,80,Attentive,Forward,False,468,18.6
2026-08-16 17:08:20,80,Attentive,Forward,False,468,18.6
2026-08-16 17:08:21,80,Attentive,Forward,False,468,18.6
2026-08-16 17:08:22,80,Attentive,Forward,False,468,18.6
2026-08-16 17:08:24,80,Attentive,Forward,False,468,18.6
2026-08-16 17:08:25,80,Attentive,Forward,False,468,18.6
2026-08-16 17:08:26,84,Attentive,Forward,False,469,18.6
2026-08-16 17:08:27,84,Attentive,Forward,False,469,18.6
2026-08-16 17:08:28,80,Attentive,Forward,False,469,18.6
2026-08-16 17:08:29,80,Attentive,Forward,False,469,18.5
2026-08-16 17:08:30,80,Attentive,Forward,False,469,18.5
2026-08-16 17:08:31,80,Attentive,Forward,False,469,18.5
2026-08-16 17:08:32,80,Attentive,Forward,False,469,18.5
2026-08-16 17:08:33,80,Attentive,Forward,False,469,18.5
2026-08-16 17:08:34,80,Attentive,Forward,False,469,18.5
2026-08-16 17:08:35,80,Attentive,Forward,False,469,18.5
2026-08-16 17:08:36,79,Attentive,Forward,False,469,18.5
2026-08-16 17:08:37,80,Attentive,Forward,False,469,18.4
2026-08-16 17:08:38,74,Attentive,Left,False,469,18.4
2026-08-16 17:08:39,50,Distracted,Left,False,469,18.4
2026-08-16 17:08:40,45,Distracted,Left,False,469,18.4
2026-08-16 17:08:41,45,Distracted,Left,False,469,18.4
2026-08-16 17:08:42,45,Distracted,Left,False,469,18.4
2026-08-16 17:08:43,46,Distracted,Left,False,470,18.4
2026-08-16 17:08:44,45,Distracted,Left,False,470,18.4
2026-08-16 17:08:45,45,Distracted,Left,False,470,18.4
2026-08-16 17:08:46,45,Distracted,Left,False,470,18.4
2026-08-16 17:08:47,45,Distracted,Left,False,470,18.4
2026-08-16 17:08:48,45,Distracted,Left,False,470,18.3
2026-08-16 17:08:49,70,Attentive,Forward,False,472,18.4
2026-08-16 17:08:50,82,Attentive,Forward,False,472,18.4
2026-08-16 17:08:51,68,Slightly Distracted,Left,True,473,18.4
2026-08-16 17:08:52,75,Attentive,Forward,True,473,18.4
2026-08-16 17:08:53,100,Highly Attentive,Forward,True,473,18.4
2026-08-16 17:08:54,95,Highly Attentive,Forward,True,473,18.4
2026-08-16 17:08:55,100,Highly Attentive,Forward,True,473,18.4
2026-08-16 17:08:56,100,Highly Attentive,Forward,True,473,18.4
2026-08-16 17:08:57,100,Highly Attentive,Forward,True,473,18.4
2026-08-16 17:08:58,100,Highly Attentive,Forward,True,473,18.3
2026-08-16 17:08:59,100,Highly Attentive,Forward,True,473,18.3
2026-08-16 17:09:00,99,Highly Attentive,Forward,True,473,18.3
2026-08-16 17:09:01,100,Highly Attentive,Forward,True,473,18.3
2026-08-16 17:09:02,100,Highly Attentive,Forward,True,473,18.3
2026-08-16 17:09:03,97,Highly Attentive,Forward,True,473,18.3
2026-08-16 17:09:04,99,Highly Attentive,Forward,True,473,18.3
2026-08-16 17:09:05,100,Highly Attentive,Forward,True,473,18.3
2026-08-16 17:09:06,100,Highly Attentive,Forward,True,473,18.2
2026-08-16 17:09:07,98,Highly Attentive,Forward,True,474,18.3
2026-08-16 17:09:08,98,Highly Attentive,Forward,True,474,18.3
2026-08-16 17:09:09,99,Highly Attentive,Forward,False,474,18.2
2026-08-16 17:09:10,99,Highly Attentive,Forward,True,474,18.2
2026-08-16 17:09:11,100,Highly Attentive,Forward,True,474,18.2
2026-08-16 17:09:12,100,Highly Attentive,Forward,True,474,18.2
2026-08-16 17:09:13,100,Highly Attentive,Forward,True,474,18.2
2026-08-16 17:09:14,100,Highly Attentive,Forward,True,474,18.2
2026-08-16 17:09:15,99,Highly Attentive,Forward,True,474,18.2
2026-08-16 17:09:17,91,Highly Attentive,Down,True,474,18.2
2026-08-16 17:09:18,68,Slightly Distracted,Down,True,474,18.2
2026-08-16 17:09:19,64,Slightly Distracted,Down,True,474,18.1
2026-08-16 17:09:20,64,Slightly Distracted,Down,True,474,18.1
2026-08-16 17:09:21,65,Slightly Distracted,Down,True,474,18.1
2026-08-16 17:09:22,65,Slightly Distracted,Down,True,474,18.1
2026-08-16 17:09:23,65,Slightly Distracted,Down,True,474,18.1
2026-08-16 17:09:24,65,Slightly Distracted,Down,True,474,18.1
2026-08-16 17:09:25,65,Slightly Distracted,Down,True,474,18.1
2026-08-16 17:09:26,65,Slightly Distracted,Down,True,474,18.1
2026-08-16 17:09:27,64,Slightly Distracted,Down,False,474,18.0
2026-08-16 17:09:28,64,Slightly Distracted,Down,True,474,18.0
2026-08-16 17:09:29,86,Highly Attentive,Forward,True,474,18.0
2026-08-16 17:09:30,100,Highly Attentive,Forward,True,474,18.0
2026-08-16 17:09:31,100,Highly Attentive,Forward,True,474,18.0
2026-08-16 17:09:32,100,Highly Attentive,Forward,True,474,18.0
2026-08-16 17:09:33,100,Highly Attentive,Forward,True,474,18.0
2026-08-16 17:09:34,100,Highly Attentive,Forward,True,474,18.0
2026-08-16 17:09:35,100,Highly Attentive,Forward,True,474,18.0
2026-08-16 17:09:36,100,Highly Attentive,Forward,True,474,17.9
2026-08-16 17:09:37,100,Highly Attentive,Forward,True,474,17.9
2026-08-16 17:09:38,100,Highly Attentive,Forward,True,474,17.9
2026-08-16 17:09:39,100,Highly Attentive,Forward,True,474,17.9
2026-08-16 17:09:40,100,Highly Attentive,Forward,True,474,17.9
2026-08-16 17:09:41,100,Highly Attentive,Forward,True,474,17.9
2026-08-16 17:09:42,100,Highly Attentive,Forward,True,474,17.9
2026-08-16 17:09:43,100,Highly Attentive,Forward,True,474,17.9
2026-08-16 17:09:44,99,Highly Attentive,Forward,False,474,17.9
2026-08-16 17:09:45,99,Highly Attentive,Forward,True,474,17.8
2026-08-16 17:09:46,99,Highly Attentive,Forward,True,474,17.8
2026-08-16 17:09:47,99,Highly Attentive,Forward,True,474,17.8
2026-08-16 17:09:48,97,Highly Attentive,Forward,True,475,17.8
2026-08-16 17:09:49,97,Highly Attentive,Forward,True,475,17.8
2026-08-16 17:09:50,100,Highly Attentive,Forward,True,475,17.8
2026-08-16 17:09:51,100,Highly Attentive,Forward,True,475,17.8
2026-08-16 17:09:52,100,Highly Attentive,Forward,True,475,17.8
2026-08-16 17:09:53,100,Highly Attentive,Forward,True,475,17.8
2026-08-16 17:09:54,100,Highly Attentive,Forward,True,475,17.8
2026-08-16 17:09:55,100,Highly Attentive,Forward,True,475,17.8
2026-08-16 17:09:56,100,Highly Attentive,Forward,True,475,17.8
2026-08-16 17:09:57,100,Highly Attentive,Forward,True,475,17.7
2026-08-16 17:09:58,100,Highly Attentive,Forward,True,475,17.7
2026-08-16 17:09:59,100,Highly Attentive,Forward,True,475,17.7
2026-08-16 17:10:00,99,Highly Attentive,Forward,True,475,17.7
2026-08-16 17:10:01,97,Highly Attentive,Forward,True,475,17.7
2026-08-16 17:10:02,99,Highly Attentive,Forward,True,475,17.7
2026-08-16 17:10:03,99,Highly Attentive,Forward,True,475,17.7
2026-08-16 17:10:04,99,Highly Attentive,Forward,True,475,17.7
2026-08-16 17:10:05,91,Highly Attentive,Forward,True,475,17.7
2026-08-16 17:10:06,85,Highly Attentive,Forward,True,475,17.6
2026-08-16 17:10:07,85,Highly Attentive,Forward,True,475,17.6
2026-08-16 17:10:08,85,Highly Attentive,Forward,True,475,17.6
2026-08-16 17:10:10,85,Highly Attentive,Forward,True,475,17.6
2026-08-16 17:10:11,85,Highly Attentive,Forward,True,475,17.6
2026-08-16 17:10:12,85,Highly Attentive,Forward,True,475,17.6
2026-08-16 17:10:13,83,Attentive,Forward,True,476,17.6
2026-08-16 17:10:14,86,Highly Attentive,Forward,False,477,17.6
2026-08-16 17:10:15,74,Attentive,Left,False,478,17.7
2026-08-16 17:10:16,64,Slightly Distracted,Left,True,478,17.7
2026-08-16 17:10:17,64,Slightly Distracted,Left,True,478,17.6
2026-08-16 17:10:18,67,Slightly Distracted,Forward,False,479,17.7
2026-08-16 17:10:19,73,Attentive,Left,False,479,17.7
2026-08-16 17:10:20,70,Slightly Distracted,Left,False,480,17.7
2026-08-16 17:10:21,75,Attentive,Right,True,481,17.7
2026-08-16 17:10:22,80,Attentive,Left,False,481,17.7
2026-08-16 17:10:23,67,Slightly Distracted,Forward,True,483,17.8
2026-08-16 17:10:24,87,Highly Attentive,Left,False,483,17.7
2026-08-16 17:10:25,74,Attentive,Left,True,484,17.8
2026-08-16 17:10:26,77,Attentive,Forward,True,484,17.8
2026-08-16 17:10:27,89,Highly Attentive,Forward,False,485,17.8
2026-08-16 17:10:28,85,Highly Attentive,Forward,True,489,17.9
2026-08-16 17:10:29,92,Highly Attentive,Forward,True,489,17.9
2026-08-16 17:10:30,98,Highly Attentive,Forward,True,489,17.9
2026-08-16 17:10:31,100,Highly Attentive,Forward,True,489,17.9
2026-08-16 17:10:32,100,Highly Attentive,Forward,True,489,17.9
2026-08-16 17:10:33,85,Highly Attentive,Forward,True,490,17.9
2026-08-16 17:10:34,100,Highly Attentive,Forward,True,490,17.9
2026-08-16 17:10:35,99,Highly Attentive,Forward,True,490,17.9
2026-08-16 17:10:36,100,Highly Attentive,Forward,True,490,17.9
2026-08-16 17:10:38,100,Highly Attentive,Forward,True,490,17.9
2026-08-16 17:10:39,100,Highly Attentive,Forward,True,490,17.8
2026-08-16 17:10:40,100,Highly Attentive,Forward,True,490,17.8
2026-08-16 17:10:41,100,Highly Attentive,Forward,True,490,17.8
2026-08-16 17:10:42,100,Highly Attentive,Forward,True,490,17.8
2026-08-16 17:10:43,100,Highly Attentive,Forward,True,490,17.8
2026-08-16 17:10:44,98,Highly Attentive,Forward,True,491,17.8
2026-08-16 17:10:45,100,Highly Attentive,Forward,True,491,17.8
2026-08-16 17:10:46,100,Highly Attentive,Forward,True,491,17.8
2026-08-16 17:10:47,94,Highly Attentive,Forward,True,492,17.8
2026-08-16 17:10:48,100,Highly Attentive,Forward,True,492,17.8
2026-08-16 17:10:49,85,Attentive,Forward,True,492,17.8
2026-08-16 17:10:50,100,Highly Attentive,Forward,True,492,17.8
2026-08-16 17:10:51,100,Highly Attentive,Forward,True,492,17.8
2026-08-16 17:10:52,100,Highly Attentive,Forward,True,492,17.8
2026-08-16 17:10:53,100,Highly Attentive,Forward,True,492,17.8
2026-08-16 17:10:54,100,Highly Attentive,Forward,True,492,17.8
2026-08-16 17:10:55,100,Highly Attentive,Forward,True,492,17.7
2026-08-16 17:10:56,100,Highly Attentive,Forward,True,492,17.7
2026-08-16 17:10:57,100,Highly Attentive,Forward,True,492,17.7
2026-08-16 17:10:58,98,Highly Attentive,Forward,True,493,17.7
2026-08-16 17:10:59,100,Highly Attentive,Forward,True,493,17.7
2026-08-16 17:11:00,100,Highly Attentive,Forward,True,493,17.7
2026-08-16 17:11:01,100,Highly Attentive,Forward,True,493,17.7
2026-08-16 17:11:02,100,Highly Attentive,Forward,True,493,17.7
2026-08-16 17:11:03,100,Highly Attentive,Forward,True,493,17.7
2026-08-16 17:11:04,97,Highly Attentive,Forward,True,494,17.7
2026-08-16 17:11:05,100,Highly Attentive,Forward,True,494,17.7
2026-08-16 17:11:06,100,Highly Attentive,Forward,True,494,17.7
2026-08-16 17:11:07,98,Highly Attentive,Forward,True,495,17.7
2026-08-16 17:11:08,100,Highly Attentive,Forward,True,495,17.7
2026-08-16 17:11:09,100,Highly Attentive,Forward,True,495,17.7
2026-08-16 17:11:10,100,Highly Attentive,Forward,True,495,17.7
2026-08-16 17:11:11,100,Highly Attentive,Forward,True,495,17.7
2026-08-16 17:11:12,100,Highly Attentive,Forward,True,495,17.7
2026-08-16 17:11:13,98,Highly Attentive,Forward,True,495,17.7
2026-08-16 17:11:14,100,Highly Attentive,Forward,True,495,17.6
2026-08-16 17:11:15,99,Highly Attentive,Forward,True,495,17.6
2026-08-16 17:11:16,100,Highly Attentive,Forward,True,495,17.6
2026-08-16 17:11:17,81,Attentive,Right,True,495,17.6
2026-08-16 17:11:18,65,Slightly Distracted,Right,True,495,17.6
2026-08-16 17:11:19,65,Slightly Distracted,Down,True,495,17.6
2026-08-16 17:11:20,65,Slightly Distracted,Right,True,495,17.6
2026-08-16 17:11:21,63,Slightly Distracted,Right,True,496,17.6
2026-08-16 17:11:22,80,Attentive,Right,True,496,17.6
2026-08-16 17:11:23,95,Highly Attentive,Forward,True,496,17.6
2026-08-16 17:11:24,100,Highly Attentive,Forward,True,496,17.6
2026-08-16 17:11:25,93,Highly Attentive,Forward,True,496,17.6
2026-08-16 17:11:26,100,Highly Attentive,Forward,True,496,17.6
2026-08-16 17:11:27,100,Highly Attentive,Forward,True,496,17.5
2026-08-16 17:11:28,100,Highly Attentive,Forward,True,496,17.5
2026-08-16 17:11:30,100,Highly Attentive,Forward,True,496,17.5
2026-08-16 17:11:31,100,Highly Attentive,Forward,True,496,17.5
2026-08-16 17:11:32,100,Highly Attentive,Forward,True,496,17.5
2026-08-16 17:11:33,100,Highly Attentive,Forward,True,496,17.5
2026-08-16 17:11:34,99,Highly Attentive,Forward,True,496,17.5
2026-08-16 17:11:35,96,Highly Attentive,Down,True,496,17.5
2026-08-16 17:11:36,81,Attentive,Forward,True,496,17.5
2026-08-16 17:11:37,79,Attentive,Left,True,496,17.4
2026-08-16 17:11:38,98,Highly Attentive,Forward,True,496,17.4
2026-08-16 17:11:39,98,Highly Attentive,Forward,True,497,17.5
2026-08-16 17:11:40,100,Highly Attentive,Forward,True,497,17.5
2026-08-16 17:11:41,100,Highly Attentive,Forward,True,497,17.4
2026-08-16 17:11:42,100,Highly Attentive,Forward,True,497,17.4
2026-08-16 17:11:43,100,Highly Attentive,Forward,True,497,17.4
2026-08-16 17:11:44,99,Highly Attentive,Forward,True,497,17.4
2026-08-16 17:11:45,100,Highly Attentive,Forward,True,497,17.4
2026-08-16 17:11:46,100,Highly Attentive,Forward,True,497,17.4
2026-08-16 17:11:47,100,Highly Attentive,Forward,True,497,17.4
2026-08-16 17:11:48,100,Highly Attentive,Forward,True,497,17.4
2026-08-16 17:11:49,91,Highly Attentive,Left,True,497,17.4
2026-08-16 17:11:50,80,Attentive,Forward,True,497,17.3
2026-08-16 17:11:51,100,Highly Attentive,Forward,True,497,17.3
2026-08-16 17:11:52,100,Highly Attentive,Forward,True,497,17.3
2026-08-16 17:11:53,100,Highly Attentive,Forward,True,497,17.3
2026-08-16 17:11:54,100,Highly Attentive,Forward,True,497,17.3
2026-08-16 17:11:55,100,Highly Attentive,Forward,True,497,17.3
2026-08-16 17:11:56,100,Highly Attentive,Forward,True,497,17.3
2026-08-16 17:11:57,99,Highly Attentive,Forward,False,497,17.3
2026-08-16 17:11:58,78,Attentive,Right,True,498,17.3
2026-08-16 17:11:59,65,Slightly Distracted,Down,True,498,17.3
2026-08-16 17:12:00,95,Highly Attentive,Forward,True,498,17.3
2026-08-16 17:12:01,100,Highly Attentive,Forward,True,498,17.3
2026-08-16 17:12:02,100,Highly Attentive,Forward,True,498,17.3
2026-08-16 17:12:03,99,Highly Attentive,Forward,True,498,17.2
2026-08-16 17:12:04,100,Highly Attentive,Forward,True,498,17.2
2026-08-16 17:12:05,100,Highly Attentive,Forward,True,498,17.2
2026-08-16 17:12:06,100,Highly Attentive,Forward,True,498,17.2
2026-08-16 17:12:07,98,Highly Attentive,Forward,False,498,17.2
2026-08-16 17:12:08,98,Highly Attentive,Forward,True,500,17.3
2026-08-16 17:12:09,100,Highly Attentive,Forward,True,500,17.3
2026-08-16 17:12:10,100,Highly Attentive,Forward,True,500,17.2
2026-08-16 17:12:11,100,Highly Attentive,Forward,True,500,17.2
2026-08-16 17:12:12,100,Highly Attentive,Forward,True,500,17.2
2026-08-16 17:12:13,100,Highly Attentive,Forward,True,500,17.2
2026-08-16 17:12:14,100,Highly Attentive,Forward,True,500,17.2
2026-08-16 17:12:15,98,Highly Attentive,Forward,True,501,17.2
2026-08-16 17:12:16,100,Highly Attentive,Forward,True,501,17.2
2026-08-16 17:12:17,96,Highly Attentive,Left,True,501,17.2
2026-08-16 17:12:18,80,Attentive,Forward,True,501,17.2
2026-08-16 17:12:19,96,Highly Attentive,Left,True,501,17.2
2026-08-16 17:12:21,65,Slightly Distracted,Left,True,501,17.2
2026-08-16 17:12:22,98,Highly Attentive,Forward,True,501,17.2
2026-08-16 17:12:23,100,Highly Attentive,Forward,True,501,17.2
2026-08-16 17:12:24,98,Highly Attentive,Forward,True,502,17.2
2026-08-16 17:12:25,97,Highly Attentive,Forward,True,503,17.2
2026-08-16 17:12:26,100,Highly Attentive,Forward,True,503,17.2
2026-08-16 17:12:27,100,Highly Attentive,Forward,True,503,17.2
2026-08-16 17:12:28,100,Highly Attentive,Forward,True,503,17.2
2026-08-16 17:12:29,100,Highly Attentive,Forward,True,503,17.2
2026-08-16 17:12:30,100,Highly Attentive,Forward,True,503,17.2
2026-08-16 17:12:31,100,Highly Attentive,Forward,True,503,17.1
2026-08-16 17:12:32,100,Highly Attentive,Forward,True,503,17.1
2026-08-16 17:12:33,100,Highly Attentive,Forward,True,503,17.1
2026-08-16 17:12:34,100,Highly Attentive,Forward,True,503,17.1
2026-08-16 17:12:35,100,Highly Attentive,Forward,True,503,17.1
2026-08-16 17:12:36,100,Highly Attentive,Forward,True,503,17.1
2026-08-16 17:12:37,100,Highly Attentive,Forward,True,503,17.1
2026-08-16 17:12:38,100,Highly Attentive,Forward,True,503,17.1
2026-08-16 17:12:39,100,Highly Attentive,Forward,True,503,17.1
2026-08-16 17:12:40,97,Highly Attentive,Forward,True,504,17.1
2026-08-16 17:12:41,100,Highly Attentive,Forward,True,504,17.1
2026-08-16 17:12:42,100,Highly Attentive,Forward,True,504,17.1
2026-08-16 17:12:43,100,Highly Attentive,Forward,True,504,17.1
2026-08-16 17:12:44,100,Highly Attentive,Forward,True,504,17.1
2026-08-16 17:12:45,100,Highly Attentive,Forward,True,504,17.0
2026-08-16 17:12:46,74,Attentive,Left,True,504,17.0
2026-08-16 17:12:47,65,Slightly Distracted,Left,True,504,17.0
2026-08-16 17:12:48,65,Slightly Distracted,Left,True,504,17.0
2026-08-16 17:12:49,65,Slightly Distracted,Left,True,504,17.0
2026-08-16 17:12:50,65,Slightly Distracted,Left,True,504,17.0
2026-08-16 17:12:51,65,Slightly Distracted,Left,True,504,17.0
2026-08-16 17:12:52,65,Slightly Distracted,Left,True,504,17.0
2026-08-16 17:12:53,65,Slightly Distracted,Left,True,504,17.0
2026-08-16 17:12:54,94,Highly Attentive,Forward,True,504,17.0
2026-08-16 17:12:55,82,Attentive,Left,True,504,16.9
2026-08-16 17:12:56,87,Highly Attentive,Forward,True,504,16.9
2026-08-16 17:12:57,100,Highly Attentive,Forward,True,504,16.9
2026-08-16 17:12:58,100,Highly Attentive,Forward,True,504,16.9
2026-08-16 17:12:59,99,Highly Attentive,Left,True,504,16.9
2026-08-16 17:13:00,98,Highly Attentive,Forward,True,505,16.9
2026-08-16 17:13:01,100,Highly Attentive,Forward,True,505,16.9
2026-08-16 17:13:02,100,Highly Attentive,Forward,True,505,16.9
2026-08-16 17:13:03,100,Highly Attentive,Forward,True,505,16.9
2026-08-16 17:13:04,100,Highly Attentive,Forward,True,505,16.9
2026-08-16 17:13:05,100,Highly Attentive,Forward,True,505,16.9
2026-08-16 17:13:06,100,Highly Attentive,Forward,True,505,16.9
2026-08-16 17:13:07,100,Highly Attentive,Forward,True,505,16.9
2026-08-16 17:13:08,98,Highly Attentive,Forward,True,505,16.9
2026-08-16 17:13:10,96,Highly Attentive,Forward,True,507,16.9
2026-08-16 17:13:11,100,Highly Attentive,Forward,True,507,16.9
2026-08-16 17:13:12,100,Highly Attentive,Forward,True,507,16.9
2026-08-16 17:13:13,100,Highly Attentive,Forward,True,507,16.9
2026-08-16 17:13:14,100,Highly Attentive,Forward,True,507,16.9
2026-08-16 17:13:15,100,Highly Attentive,Forward,True,507,16.9
2026-08-16 17:13:16,88,Highly Attentive,Forward,True,507,16.9
2026-08-16 17:13:17,85,Highly Attentive,Forward,True,507,16.8
2026-08-16 17:13:18,85,Highly Attentive,Forward,True,507,16.8
2026-08-16 17:13:19,93,Highly Attentive,Forward,True,507,16.8
2026-08-16 17:13:20,100,Highly Attentive,Forward,True,507,16.8
2026-08-16 17:13:21,100,Highly Attentive,Forward,True,507,16.8
2026-08-16 17:13:22,100,Highly Attentive,Forward,True,507,16.8
2026-08-16 17:13:23,100,Highly Attentive,Forward,True,507,16.8
2026-08-16 17:13:24,100,Highly Attentive,Forward,True,507,16.8
2026-08-16 17:13:25,100,Highly Attentive,Forward,True,507,16.8
2026-08-16 17:13:26,98,Highly Attentive,Forward,True,508,16.8
2026-08-16 17:13:27,97,Highly Attentive,Forward,True,509,16.8
2026-08-16 17:13:28,100,Highly Attentive,Forward,True,509,16.8
2026-08-16 17:13:29,100,Highly Attentive,Forward,True,509,16.8
2026-08-16 17:13:30,90,Highly Attentive,Left,True,509,16.8
2026-08-16 17:13:31,95,Highly Attentive,Forward,True,509,16.8
2026-08-16 17:13:32,100,Highly Attentive,Forward,True,509,16.8
2026-08-16 17:13:33,100,Highly Attentive,Forward,True,509,16.8
2026-08-16 17:13:34,100,Highly Attentive,Forward,True,509,16.8
2026-08-16 17:13:35,100,Highly Attentive,Forward,True,509,16.7
2026-08-16 17:13:36,97,Highly Attentive,Forward,True,510,16.8
2026-08-16 17:13:37,100,Highly Attentive,Forward,True,510,16.8
2026-08-16 17:13:38,97,Highly Attentive,Forward,True,510,16.7
2026-08-16 17:13:39,100,Highly Attentive,Forward,True,510,16.7
2026-08-16 17:13:40,89,Highly Attentive,Forward,True,511,16.8
2026-08-16 17:13:41,91,Highly Attentive,Forward,True,512,16.8
2026-08-16 17:13:42,99,Highly Attentive,Forward,False,512,16.8
2026-08-16 17:13:43,97,Highly Attentive,Forward,True,513,16.8
2026-08-16 17:13:44,89,Highly Attentive,Forward,True,514,16.8
2026-08-16 17:13:45,90,Highly Attentive,Forward,True,516,16.9
2026-08-16 17:13:46,100,Highly Attentive,Forward,True,516,16.9
2026-08-16 17:13:47,97,Highly Attentive,Forward,False,516,16.9
2026-08-16 17:13:48,93,Highly Attentive,Forward,True,518,16.9
2026-08-16 17:13:49,97,Highly Attentive,Forward,False,518,16.9
2026-08-16 17:13:50,87,Highly Attentive,Forward,False,519,16.9
2026-08-16 17:13:51,94,Highly Attentive,Forward,True,520,17.0
2026-08-16 17:13:52,95,Highly Attentive,Forward,True,521,17.0
2026-08-16 17:13:53,100,Highly Attentive,Forward,True,521,17.0
2026-08-16 17:13:54,97,Highly Attentive,Forward,True,521,17.0
2026-08-16 17:13:55,97,Highly Attentive,Forward,True,522,17.0
2026-08-16 17:13:57,95,Highly Attentive,Forward,True,523,17.0
2026-08-16 17:13:58,100,Highly Attentive,Forward,True,523,17.0
2026-08-16 17:13:59,89,Highly Attentive,Forward,True,525,17.0
2026-08-16 17:14:00,89,Highly Attentive,Forward,False,525,17.0
2026-08-16 17:14:01,88,Highly Attentive,Forward,True,526,17.1
2026-08-16 17:14:02,93,Highly Attentive,Forward,True,527,17.1
2026-08-16 17:14:03,100,Highly Attentive,Forward,True,527,17.1
2026-08-16 17:14:04,100,Highly Attentive,Forward,True,527,17.1
2026-08-16 17:14:05,100,Highly Attentive,Forward,True,527,17.1
2026-08-16 17:14:06,100,Highly Attentive,Forward,True,527,17.0
2026-08-16 17:14:07,100,Highly Attentive,Forward,True,527,17.0
2026-08-16 17:14:08,100,Highly Attentive,Forward,True,527,17.0
2026-08-16 17:14:09,98,Highly Attentive,Forward,True,528,17.1
2026-08-16 17:14:10,100,Highly Attentive,Forward,True,528,17.0
2026-08-16 17:14:11,99,Highly Attentive,Forward,True,528,17.0
2026-08-16 17:14:12,100,Highly Attentive,Forward,True,528,17.0
2026-08-16 17:14:13,100,Highly Attentive,Forward,True,528,17.0
2026-08-16 17:14:14,100,Highly Attentive,Forward,True,528,17.0
2026-08-16 17:14:15,100,Highly Attentive,Forward,True,528,17.0
2026-08-16 17:14:16,100,Highly Attentive,Forward,True,528,17.0
2026-08-16 17:14:17,100,Highly Attentive,Forward,True,528,17.0
2026-08-16 17:14:18,100,Highly Attentive,Forward,True,528,17.0
2026-08-16 17:14:19,99,Highly Attentive,Forward,True,528,17.0
2026-08-16 17:14:20,100,Highly Attentive,Forward,True,528,16.9
2026-08-16 17:14:21,82,Attentive,Left,True,528,16.9
2026-08-16 17:14:22,90,Highly Attentive,Forward,True,528,16.9
2026-08-16 17:14:23,100,Highly Attentive,Forward,True,528,16.9
2026-08-16 17:14:24,99,Highly Attentive,Forward,False,528,16.9
2026-08-16 17:14:25,99,Highly Attentive,Forward,True,529,16.9
2026-08-16 17:14:26,100,Highly Attentive,Forward,True,529,16.9
2026-08-16 17:14:27,97,Highly Attentive,Forward,True,530,16.9
2026-08-16 17:14:28,99,Highly Attentive,Forward,False,530,16.9
2026-08-16 17:14:29,99,Highly Attentive,Forward,True,531,17.0
2026-08-16 17:14:30,100,Highly Attentive,Forward,True,531,17.0
2026-08-16 17:14:31,97,Highly Attentive,Forward,True,532,17.0
2026-08-16 17:14:32,97,Highly Attentive,Forward,True,533,17.0
2026-08-16 17:14:33,100,Highly Attentive,Forward,True,533,17.0
2026-08-16 17:14:34,100,Highly Attentive,Forward,True,533,17.0
2026-08-16 17:14:35,100,Highly Attentive,Forward,True,533,17.0
2026-08-16 17:14:36,97,Highly Attentive,Forward,True,534,17.0
2026-08-16 17:14:37,100,Highly Attentive,Forward,True,534,17.0
2026-08-16 17:14:38,100,Highly Attentive,Forward,True,534,17.0
2026-08-16 17:14:39,100,Highly Attentive,Forward,True,534,17.0
2026-08-16 17:14:40,100,Highly Attentive,Forward,True,534,17.0
2026-08-16 17:14:41,100,Highly Attentive,Forward,True,534,16.9
2026-08-16 17:14:42,100,Highly Attentive,Forward,True,534,16.9
2026-08-16 17:14:43,100,Highly Attentive,Forward,True,534,16.9
2026-08-16 17:14:44,100,Highly Attentive,Forward,True,534,16.9
2026-08-16 17:14:45,100,Highly Attentive,Forward,True,534,16.9
2026-08-16 17:14:47,100,Highly Attentive,Forward,True,534,16.9
2026-08-16 17:14:48,100,Highly Attentive,Forward,True,534,16.9
2026-08-16 17:14:49,100,Highly Attentive,Forward,True,534,16.9
2026-08-16 17:14:50,100,Highly Attentive,Forward,True,534,16.9
2026-08-16 17:14:51,100,Highly Attentive,Forward,True,534,16.9
2026-08-16 17:14:52,100,Highly Attentive,Forward,True,534,16.9
2026-08-16 17:14:53,100,Highly Attentive,Forward,True,534,16.8
2026-08-16 17:14:54,100,Highly Attentive,Forward,True,534,16.8
2026-08-16 17:14:55,100,Highly Attentive,Forward,True,534,16.8
2026-08-16 17:14:56,100,Highly Attentive,Forward,True,534,16.8
2026-08-16 17:14:57,100,Highly Attentive,Forward,True,534,16.8
2026-08-16 17:14:58,100,Highly Attentive,Forward,True,534,16.8
2026-08-16 17:14:59,100,Highly Attentive,Forward,True,534,16.8
2026-08-16 17:15:00,100,Highly Attentive,Forward,True,534,16.8
2026-08-16 17:15:01,100,Highly Attentive,Forward,True,534,16.8
2026-08-16 17:15:02,100,Highly Attentive,Forward,True,534,16.8
2026-08-16 17:15:03,95,Highly Attentive,Forward,True,535,16.8
2026-08-16 17:15:04,100,Highly Attentive,Forward,True,535,16.8
2026-08-16 17:15:05,100,Highly Attentive,Forward,True,535,16.8
2026-08-16 17:15:06,100,Highly Attentive,Forward,True,535,16.8
2026-08-16 17:15:07,100,Highly Attentive,Forward,True,535,16.8
2026-08-16 17:15:08,100,Highly Attentive,Forward,True,535,16.7
2026-08-16 17:15:09,100,Highly Attentive,Forward,True,535,16.7
2026-08-16 17:15:10,100,Highly Attentive,Forward,True,535,16.7
2026-08-16 17:15:11,100,Highly Attentive,Forward,True,535,16.7
2026-08-16 17:15:12,100,Highly Attentive,Forward,True,535,16.7
2026-08-16 17:15:13,100,Highly Attentive,Forward,True,535,16.7
2026-08-16 17:15:14,100,Highly Attentive,Forward,True,535,16.7
2026-08-16 17:15:15,97,Highly Attentive,Forward,True,536,16.7
2026-08-16 17:15:16,91,Highly Attentive,Forward,False,537,16.7
2026-08-16 17:15:17,76,Attentive,Left,True,539,16.8
2026-08-16 17:15:18,65,Slightly Distracted,Left,True,539,16.8
2026-08-16 17:15:19,69,Slightly Distracted,Forward,True,540,16.8
2026-08-16 17:15:20,94,Highly Attentive,Forward,False,541,16.8
2026-08-16 17:15:21,98,Highly Attentive,Forward,True,542,16.8
2026-08-16 17:15:22,92,Highly Attentive,Forward,True,543,16.9
2026-08-16 17:15:23,90,Highly Attentive,Forward,False,543,16.9
2026-08-16 17:15:24,89,Highly Attentive,Forward,True,545,16.9
2026-08-16 17:15:25,99,Highly Attentive,Forward,True,545,16.9
2026-08-16 17:15:30,100,Highly Attentive,Forward,True,545,16.9
2026-08-16 17:15:32,100,Highly Attentive,Forward,True,545,16.8
2026-08-16 17:15:35,100,Highly Attentive,Forward,True,545,16.8
2026-08-16 17:15:37,100,Highly Attentive,Forward,True,545,16.8
2026-08-16 17:15:38,100,Highly Attentive,Forward,True,545,16.8
2026-08-16 17:15:39,100,Highly Attentive,Forward,True,545,16.8
2026-08-16 17:15:40,100,Highly Attentive,Forward,True,545,16.8
2026-08-16 17:15:42,100,Highly Attentive,Forward,True,545,16.8
2026-08-16 17:15:43,100,Highly Attentive,Forward,True,545,16.8
2026-08-16 17:15:44,100,Highly Attentive,Forward,True,545,16.7
2026-08-16 17:15:45,100,Highly Attentive,Forward,True,545,16.7
2026-08-16 17:15:46,100,Highly Attentive,Forward,True,545,16.7
2026-08-16 17:15:47,100,Highly Attentive,Forward,True,545,16.7
2026-08-16 17:15:48,100,Highly Attentive,Forward,True,545,16.7
2026-08-16 17:15:49,100,Highly Attentive,Forward,True,545,16.7
2026-08-16 17:15:50,100,Highly Attentive,Forward,True,545,16.7
2026-08-16 17:15:51,100,Highly Attentive,Forward,True,545,16.7
2026-08-16 17:15:53,100,Highly Attentive,Forward,True,545,16.7
2026-08-16 17:15:54,100,Highly Attentive,Forward,True,545,16.7
2026-08-16 17:15:57,100,Highly Attentive,Forward,True,545,16.6
2026-08-16 17:15:59,99,Highly Attentive,Right,True,545,16.6
2026-08-16 17:16:01,81,Attentive,Right,True,545,16.6
2026-08-16 17:16:02,67,Slightly Distracted,Left,False,545,16.6
2026-08-16 17:16:03,80,Attentive,Right,True,546,16.6
2026-08-16 17:16:04,65,Slightly Distracted,Right,True,546,16.6
2026-08-16 17:16:05,65,Slightly Distracted,Right,True,546,16.6
2026-08-16 17:16:06,65,Slightly Distracted,Right,True,546,16.6
2026-08-16 17:16:07,65,Slightly Distracted,Right,True,546,16.6
2026-08-16 17:16:08,68,Slightly Distracted,Forward,True,546,16.6
2026-08-16 17:18:52,96,Highly Attentive,Forward,False,546,15.3
2026-08-16 17:18:53,99,Highly Attentive,Forward,True,547,15.3
2026-08-16 17:18:54,65,Slightly Distracted,Left,True,548,15.3
2026-08-16 17:19:01,64,Slightly Distracted,Forward,True,548,15.3
2026-08-16 17:19:02,99,Highly Attentive,Forward,True,548,15.3
2026-08-16 17:19:03,93,Highly Attentive,Down,True,549,15.3
2026-08-16 17:19:04,89,Highly Attentive,Forward,True,550,15.3
2026-08-16 17:19:05,100,Highly Attentive,Forward,True,550,15.3
2026-08-16 17:19:06,98,Highly Attentive,Forward,True,551,15.3
2026-08-16 17:19:07,100,Highly Attentive,Forward,True,551,15.3
2026-08-16 17:19:08,98,Highly Attentive,Forward,True,551,15.3
2026-08-16 17:19:09,83,Attentive,Forward,True,552,15.3
2026-08-16 17:19:10,85,Highly Attentive,Forward,True,552,15.3
2026-08-16 17:19:11,97,Highly Attentive,Forward,True,552,15.3
2026-08-16 17:19:12,98,Highly Attentive,Forward,True,553,15.4
2026-08-16 17:19:13,100,Highly Attentive,Forward,True,553,15.3
2026-08-16 17:19:14,100,Highly Attentive,Forward,True,553,15.3
2026-08-16 17:19:15,100,Highly Attentive,Forward,True,553,15.3
2026-08-16 17:19:16,100,Highly Attentive,Forward,True,553,15.3
2026-08-16 17:19:17,100,Highly Attentive,Forward,True,553,15.3
2026-08-16 17:19:18,100,Highly Attentive,Forward,True,553,15.3
2026-08-16 17:19:19,97,Highly Attentive,Forward,True,554,15.3
2026-08-16 17:19:20,97,Highly Attentive,Forward,True,555,15.3
2026-08-16 17:19:22,97,Highly Attentive,Forward,True,556,15.4
2026-08-16 17:19:23,100,Highly Attentive,Forward,True,556,15.4
2026-08-16 17:19:24,98,Highly Attentive,Forward,True,557,15.4
2026-08-16 17:19:25,100,Highly Attentive,Forward,True,557,15.4
2026-08-16 17:19:26,100,Highly Attentive,Forward,True,557,15.4
2026-08-16 17:19:27,100,Highly Attentive,Forward,True,557,15.4
2026-08-16 17:19:28,100,Highly Attentive,Forward,True,557,15.4
2026-08-16 17:19:29,100,Highly Attentive,Forward,True,557,15.3
2026-08-16 17:19:30,99,Highly Attentive,Forward,True,557,15.3
2026-08-16 17:19:31,100,Highly Attentive,Forward,True,557,15.3
2026-08-16 17:19:32,100,Highly Attentive,Forward,True,557,15.3
2026-08-16 17:19:33,100,Highly Attentive,Forward,True,557,15.3
2026-08-16 17:19:34,100,Highly Attentive,Forward,True,557,15.3
2026-08-16 17:19:35,100,Highly Attentive,Forward,True,557,15.3
2026-08-16 17:19:36,88,Highly Attentive,Forward,True,558,15.3
2026-08-16 17:19:37,85,Highly Attentive,Forward,True,558,15.3
2026-08-16 17:19:38,83,Attentive,Forward,False,558,15.3
2026-08-16 17:19:39,84,Attentive,Forward,True,559,15.3
2026-08-16 17:19:40,85,Highly Attentive,Forward,True,559,15.3
2026-08-16 17:19:41,85,Highly Attentive,Forward,True,559,15.3
2026-08-16 17:19:42,85,Highly Attentive,Forward,True,559,15.3
2026-08-16 17:19:43,82,Attentive,Forward,True,560,15.3
2026-08-16 17:19:44,72,Attentive,Left,True,561,15.3
2026-08-16 17:19:45,72,Attentive,Forward,True,562,15.4
2026-08-16 17:19:46,100,Highly Attentive,Forward,True,562,15.4
2026-08-16 17:19:47,100,Highly Attentive,Forward,True,562,15.4
2026-08-16 17:19:48,100,Highly Attentive,Forward,True,562,15.3
2026-08-16 17:19:49,77,Attentive,Down,True,563,15.4
2026-08-16 17:19:50,65,Slightly Distracted,Down,True,563,15.4
2026-08-16 17:19:51,99,Highly Attentive,Forward,True,563,15.4
2026-08-16 17:19:52,79,Attentive,Right,True,564,15.4
2026-08-16 17:19:53,94,Highly Attentive,Forward,True,564,15.4
2026-08-16 17:19:54,100,Highly Attentive,Forward,True,564,15.4
2026-08-16 17:19:55,86,Highly Attentive,Forward,True,564,15.4
2026-08-16 17:19:56,99,Highly Attentive,Forward,True,564,15.3
2026-08-16 17:19:57,100,Highly Attentive,Forward,True,564,15.3
2026-08-16 17:19:58,100,Highly Attentive,Forward,True,564,15.3
2026-08-16 17:19:59,100,Highly Attentive,Forward,True,564,15.3
2026-08-16 17:20:00,99,Highly Attentive,Forward,True,564,15.3
2026-08-16 17:20:01,100,Highly Attentive,Forward,True,564,15.3
2026-08-16 17:20:02,97,Highly Attentive,Forward,False,565,15.3
2026-08-16 17:20:03,99,Highly Attentive,Forward,True,565,15.3
2026-08-16 17:20:04,100,Highly Attentive,Forward,True,565,15.3
2026-08-16 17:20:05,100,Highly Attentive,Forward,True,565,15.3
2026-08-16 17:20:06,100,Highly Attentive,Forward,True,565,15.3
2026-08-16 17:20:07,97,Highly Attentive,Forward,True,566,15.3
2026-08-16 17:20:08,100,Highly Attentive,Forward,True,566,15.3
2026-08-16 17:20:09,100,Highly Attentive,Forward,True,566,15.3
2026-08-16 17:20:11,97,Highly Attentive,Forward,True,567,15.3
2026-08-16 17:20:12,100,Highly Attentive,Forward,True,567,15.3
2026-08-16 17:20:13,100,Highly Attentive,Forward,True,567,15.3
2026-08-16 17:20:14,100,Highly Attentive,Forward,True,567,15.3
2026-08-16 17:20:15,99,Highly Attentive,Forward,True,567,15.3
2026-08-16 17:20:16,100,Highly Attentive,Forward,True,567,15.3
2026-08-16 17:20:17,100,Highly Attentive,Forward,True,567,15.3
2026-08-16 17:20:18,100,Highly Attentive,Forward,True,567,15.3
